2026-04-07 00:29:40.8750|INFO|Application starting up
2026-04-07 00:29:41.7270|INFO|Incoming request GET / GET /
2026-04-07 00:29:43.1540|INFO|Incoming request GET /next.svg GET /next.svg
2026-04-07 00:29:43.1990|INFO|Incoming request GET /_next/static/chunks/%5Bturbopack%5D_browser_dev_hmr-client_hmr-client_ts_10z625~._.js GET /_next/static/chunks/%5Bturbopack%5D_browser_dev_hmr-client_hmr-client_ts_10z625~._.js
2026-04-07 00:29:43.2060|INFO|Incoming request GET /_next/static/chunks/%5Broot-of-the-server%5D__02nfq85._.css GET /_next/static/chunks/%5Broot-of-the-server%5D__02nfq85._.css
2026-04-07 00:29:43.2120|INFO|Incoming request GET /_next/static/chunks/node_modules_next_dist_compiled_next-devtools_index_0553esy.js GET /_next/static/chunks/node_modules_next_dist_compiled_next-devtools_index_0553esy.js
2026-04-07 00:29:43.2180|INFO|Incoming request GET /_next/static/chunks/node_modules_next_dist_compiled_react-dom_058-ah~._.js GET /_next/static/chunks/node_modules_next_dist_compiled_react-dom_058-ah~._.js
2026-04-07 00:29:43.2890|INFO|Incoming request GET /_next/static/chunks/node_modules_next_dist_compiled_react-server-dom-turbopack_0p3wegg._.js GET /_next/static/chunks/node_modules_next_dist_compiled_react-server-dom-turbopack_0p3wegg._.js
2026-04-07 00:29:43.3220|INFO|Incoming request GET /_next/static/chunks/node_modules_next_dist_compiled_0rpq4pf._.js GET /_next/static/chunks/node_modules_next_dist_compiled_0rpq4pf._.js
2026-04-07 00:29:43.3350|INFO|Incoming request GET /_next/static/chunks/node_modules_next_dist_client_0fhqo1d._.js GET /_next/static/chunks/node_modules_next_dist_client_0fhqo1d._.js
2026-04-07 00:29:43.3390|INFO|Incoming request GET /_next/static/chunks/node_modules_next_dist_115brz8._.js GET /_next/static/chunks/node_modules_next_dist_115brz8._.js
2026-04-07 00:29:43.3420|INFO|Incoming request GET /_next/static/chunks/node_modules_%40swc_helpers_cjs_0-4ujiy._.js GET /_next/static/chunks/node_modules_%40swc_helpers_cjs_0-4ujiy._.js
2026-04-07 00:29:43.3840|INFO|Incoming request GET /vercel.svg GET /vercel.svg
2026-04-07 00:29:43.4080|INFO|Incoming request GET /_next/static/chunks/_0rqeker._.js GET /_next/static/chunks/_0rqeker._.js
2026-04-07 00:29:43.4250|INFO|Incoming request GET /_next/static/chunks/turbopack-_0p44nws._.js GET /_next/static/chunks/turbopack-_0p44nws._.js
2026-04-07 00:29:43.4280|INFO|Incoming request GET /_next/static/chunks/node_modules_next_dist_0tt2wve._.js GET /_next/static/chunks/node_modules_next_dist_0tt2wve._.js
2026-04-07 00:29:43.4330|INFO|Incoming request GET /_next/static/chunks/src_app_layout_tsx_004glpo._.js GET /_next/static/chunks/src_app_layout_tsx_004glpo._.js
2026-04-07 00:29:43.4350|INFO|Incoming request GET /_next/static/chunks/node_modules_next_dist_07p5au~._.js GET /_next/static/chunks/node_modules_next_dist_07p5au~._.js
2026-04-07 00:29:43.4900|INFO|Incoming request GET /_next/static/chunks/src_app_page_tsx_002ye8~._.js GET /_next/static/chunks/src_app_page_tsx_002ye8~._.js
2026-04-07 00:29:43.5360|INFO|Incoming request GET /_next/static/chunks/node_modules_next_dist_client_components_builtin_global-error_002ye8~.js GET /_next/static/chunks/node_modules_next_dist_client_components_builtin_global-error_002ye8~.js
2026-04-07 00:29:43.5740|INFO|Incoming request GET /_next/static/chunks/%5Bturbopack%5D_browser_dev_hmr-client_hmr-client_ts_0yjw1oe._.js GET /_next/static/chunks/%5Bturbopack%5D_browser_dev_hmr-client_hmr-client_ts_0yjw1oe._.js
2026-04-07 00:29:43.5790|INFO|Incoming request GET /_next/static/chunks/%5Bturbopack%5D_browser_dev_hmr-client_hmr-client_ts_10mygs7._.js GET /_next/static/chunks/%5Bturbopack%5D_browser_dev_hmr-client_hmr-client_ts_10mygs7._.js
2026-04-07 00:29:45.6240|INFO|Incoming request GET / GET /
2026-04-07 00:29:45.8560|INFO|Incoming request GET /next.svg GET /next.svg
2026-04-07 00:29:45.8700|INFO|Incoming request GET /_next/static/chunks/%5Broot-of-the-server%5D__02nfq85._.css GET /_next/static/chunks/%5Broot-of-the-server%5D__02nfq85._.css
2026-04-07 00:29:45.8740|INFO|Incoming request GET /_next/static/chunks/%5Bturbopack%5D_browser_dev_hmr-client_hmr-client_ts_10z625~._.js GET /_next/static/chunks/%5Bturbopack%5D_browser_dev_hmr-client_hmr-client_ts_10z625~._.js
2026-04-07 00:29:45.8760|INFO|Incoming request GET /_next/static/chunks/node_modules_next_dist_compiled_next-devtools_index_0553esy.js GET /_next/static/chunks/node_modules_next_dist_compiled_next-devtools_index_0553esy.js
2026-04-07 00:29:45.8830|INFO|Incoming request GET /_next/static/chunks/node_modules_next_dist_compiled_react-dom_058-ah~._.js GET /_next/static/chunks/node_modules_next_dist_compiled_react-dom_058-ah~._.js
2026-04-07 00:29:45.9430|INFO|Incoming request GET /_next/static/chunks/node_modules_next_dist_compiled_react-server-dom-turbopack_0p3wegg._.js GET /_next/static/chunks/node_modules_next_dist_compiled_react-server-dom-turbopack_0p3wegg._.js
2026-04-07 00:29:45.9660|INFO|Incoming request GET /_next/static/chunks/node_modules_next_dist_compiled_0rpq4pf._.js GET /_next/static/chunks/node_modules_next_dist_compiled_0rpq4pf._.js
2026-04-07 00:29:45.9700|INFO|Incoming request GET /_next/static/chunks/node_modules_next_dist_client_0fhqo1d._.js GET /_next/static/chunks/node_modules_next_dist_client_0fhqo1d._.js
2026-04-07 00:29:45.9740|INFO|Incoming request GET /_next/static/chunks/node_modules_next_dist_115brz8._.js GET /_next/static/chunks/node_modules_next_dist_115brz8._.js
2026-04-07 00:29:45.9810|INFO|Incoming request GET /_next/static/chunks/node_modules_%40swc_helpers_cjs_0-4ujiy._.js GET /_next/static/chunks/node_modules_%40swc_helpers_cjs_0-4ujiy._.js
2026-04-07 00:29:46.0380|INFO|Incoming request GET /vercel.svg GET /vercel.svg
2026-04-07 00:29:46.0580|INFO|Incoming request GET /_next/static/chunks/_0rqeker._.js GET /_next/static/chunks/_0rqeker._.js
2026-04-07 00:29:46.0630|INFO|Incoming request GET /_next/static/chunks/turbopack-_0p44nws._.js GET /_next/static/chunks/turbopack-_0p44nws._.js
2026-04-07 00:29:46.0770|INFO|Incoming request GET /_next/static/chunks/node_modules_next_dist_0tt2wve._.js GET /_next/static/chunks/node_modules_next_dist_0tt2wve._.js
2026-04-07 00:29:46.0880|INFO|Incoming request GET /_next/static/chunks/src_app_layout_tsx_004glpo._.js GET /_next/static/chunks/src_app_layout_tsx_004glpo._.js
2026-04-07 00:29:46.0940|INFO|Incoming request GET /_next/static/chunks/node_modules_next_dist_07p5au~._.js GET /_next/static/chunks/node_modules_next_dist_07p5au~._.js
2026-04-07 00:29:46.1550|INFO|Incoming request GET /_next/static/chunks/src_app_page_tsx_002ye8~._.js GET /_next/static/chunks/src_app_page_tsx_002ye8~._.js
2026-04-07 00:29:46.1650|INFO|Incoming request GET /_next/static/chunks/node_modules_next_dist_client_components_builtin_global-error_002ye8~.js GET /_next/static/chunks/node_modules_next_dist_client_components_builtin_global-error_002ye8~.js
2026-04-07 00:29:46.2180|INFO|Incoming request GET /_next/static/chunks/%5Bturbopack%5D_browser_dev_hmr-client_hmr-client_ts_0yjw1oe._.js GET /_next/static/chunks/%5Bturbopack%5D_browser_dev_hmr-client_hmr-client_ts_0yjw1oe._.js
2026-04-07 00:29:46.2440|INFO|Incoming request GET /_next/static/chunks/%5Bturbopack%5D_browser_dev_hmr-client_hmr-client_ts_10mygs7._.js GET /_next/static/chunks/%5Bturbopack%5D_browser_dev_hmr-client_hmr-client_ts_10mygs7._.js
2026-04-07 00:29:48.8200|INFO|Incoming request GET / GET /
2026-04-07 00:29:48.9860|INFO|Incoming request GET /_next/static/chunks/%5Broot-of-the-server%5D__02nfq85._.css GET /_next/static/chunks/%5Broot-of-the-server%5D__02nfq85._.css
2026-04-07 00:29:48.9880|INFO|Incoming request GET /next.svg GET /next.svg
2026-04-07 00:29:48.9900|INFO|Incoming request GET /_next/static/chunks/%5Bturbopack%5D_browser_dev_hmr-client_hmr-client_ts_10z625~._.js GET /_next/static/chunks/%5Bturbopack%5D_browser_dev_hmr-client_hmr-client_ts_10z625~._.js
2026-04-07 00:29:48.9930|INFO|Incoming request GET /_next/static/chunks/node_modules_next_dist_compiled_next-devtools_index_0553esy.js GET /_next/static/chunks/node_modules_next_dist_compiled_next-devtools_index_0553esy.js
2026-04-07 00:29:48.9950|INFO|Incoming request GET /_next/static/chunks/node_modules_next_dist_compiled_react-dom_058-ah~._.js GET /_next/static/chunks/node_modules_next_dist_compiled_react-dom_058-ah~._.js
2026-04-07 00:29:48.9970|INFO|Incoming request GET /_next/static/chunks/node_modules_next_dist_compiled_react-server-dom-turbopack_0p3wegg._.js GET /_next/static/chunks/node_modules_next_dist_compiled_react-server-dom-turbopack_0p3wegg._.js
2026-04-07 00:29:49.0550|INFO|Incoming request GET /_next/static/chunks/node_modules_next_dist_compiled_0rpq4pf._.js GET /_next/static/chunks/node_modules_next_dist_compiled_0rpq4pf._.js
2026-04-07 00:29:49.0580|INFO|Incoming request GET /_next/static/chunks/node_modules_next_dist_client_0fhqo1d._.js GET /_next/static/chunks/node_modules_next_dist_client_0fhqo1d._.js
2026-04-07 00:29:49.0590|INFO|Incoming request GET /_next/static/chunks/node_modules_next_dist_115brz8._.js GET /_next/static/chunks/node_modules_next_dist_115brz8._.js
2026-04-07 00:29:49.0670|INFO|Incoming request GET /_next/static/chunks/node_modules_%40swc_helpers_cjs_0-4ujiy._.js GET /_next/static/chunks/node_modules_%40swc_helpers_cjs_0-4ujiy._.js
2026-04-07 00:29:49.0700|INFO|Incoming request GET /_next/static/chunks/_0rqeker._.js GET /_next/static/chunks/_0rqeker._.js
2026-04-07 00:29:49.0720|INFO|Incoming request GET /_next/static/chunks/turbopack-_0p44nws._.js GET /_next/static/chunks/turbopack-_0p44nws._.js
2026-04-07 00:29:49.1480|INFO|Incoming request GET /vercel.svg GET /vercel.svg
2026-04-07 00:29:49.1500|INFO|Incoming request GET /_next/static/chunks/node_modules_next_dist_0tt2wve._.js GET /_next/static/chunks/node_modules_next_dist_0tt2wve._.js
2026-04-07 00:29:49.1570|INFO|Incoming request GET /_next/static/chunks/src_app_layout_tsx_004glpo._.js GET /_next/static/chunks/src_app_layout_tsx_004glpo._.js
2026-04-07 00:29:49.1600|INFO|Incoming request GET /_next/static/chunks/node_modules_next_dist_07p5au~._.js GET /_next/static/chunks/node_modules_next_dist_07p5au~._.js
2026-04-07 00:29:49.1630|INFO|Incoming request GET /_next/static/chunks/src_app_page_tsx_002ye8~._.js GET /_next/static/chunks/src_app_page_tsx_002ye8~._.js
2026-04-07 00:29:49.1650|INFO|Incoming request GET /_next/static/chunks/node_modules_next_dist_client_components_builtin_global-error_002ye8~.js GET /_next/static/chunks/node_modules_next_dist_client_components_builtin_global-error_002ye8~.js
2026-04-07 00:29:49.2230|INFO|Incoming request GET /_next/static/chunks/%5Bturbopack%5D_browser_dev_hmr-client_hmr-client_ts_0yjw1oe._.js GET /_next/static/chunks/%5Bturbopack%5D_browser_dev_hmr-client_hmr-client_ts_0yjw1oe._.js
2026-04-07 00:29:49.2330|INFO|Incoming request GET /_next/static/chunks/%5Bturbopack%5D_browser_dev_hmr-client_hmr-client_ts_10mygs7._.js GET /_next/static/chunks/%5Bturbopack%5D_browser_dev_hmr-client_hmr-client_ts_10mygs7._.js
2026-04-07 00:29:49.2580|INFO|Incoming request GET / GET /
2026-04-07 00:29:49.4020|INFO|Incoming request GET /next.svg GET /next.svg
2026-04-07 00:29:49.4060|INFO|Incoming request GET /_next/static/chunks/%5Broot-of-the-server%5D__02nfq85._.css GET /_next/static/chunks/%5Broot-of-the-server%5D__02nfq85._.css
2026-04-07 00:29:49.4140|INFO|Incoming request GET /_next/static/chunks/%5Bturbopack%5D_browser_dev_hmr-client_hmr-client_ts_10z625~._.js GET /_next/static/chunks/%5Bturbopack%5D_browser_dev_hmr-client_hmr-client_ts_10z625~._.js
2026-04-07 00:29:49.4160|INFO|Incoming request GET /_next/static/chunks/node_modules_next_dist_compiled_next-devtools_index_0553esy.js GET /_next/static/chunks/node_modules_next_dist_compiled_next-devtools_index_0553esy.js
2026-04-07 00:29:49.4180|INFO|Incoming request GET /_next/static/chunks/node_modules_next_dist_compiled_react-dom_058-ah~._.js GET /_next/static/chunks/node_modules_next_dist_compiled_react-dom_058-ah~._.js
2026-04-07 00:29:49.4690|INFO|Incoming request GET /_next/static/chunks/node_modules_next_dist_compiled_react-server-dom-turbopack_0p3wegg._.js GET /_next/static/chunks/node_modules_next_dist_compiled_react-server-dom-turbopack_0p3wegg._.js
2026-04-07 00:29:49.4720|INFO|Incoming request GET /_next/static/chunks/node_modules_next_dist_compiled_0rpq4pf._.js GET /_next/static/chunks/node_modules_next_dist_compiled_0rpq4pf._.js
2026-04-07 00:29:49.4860|INFO|Incoming request GET /_next/static/chunks/node_modules_next_dist_client_0fhqo1d._.js GET /_next/static/chunks/node_modules_next_dist_client_0fhqo1d._.js
2026-04-07 00:29:49.4900|INFO|Incoming request GET /vercel.svg GET /vercel.svg
2026-04-07 00:29:49.4940|INFO|Incoming request GET /_next/static/chunks/node_modules_next_dist_115brz8._.js GET /_next/static/chunks/node_modules_next_dist_115brz8._.js
2026-04-07 00:29:49.5430|INFO|Incoming request GET /_next/static/chunks/node_modules_%40swc_helpers_cjs_0-4ujiy._.js GET /_next/static/chunks/node_modules_%40swc_helpers_cjs_0-4ujiy._.js
2026-04-07 00:29:49.5490|INFO|Incoming request GET /_next/static/chunks/_0rqeker._.js GET /_next/static/chunks/_0rqeker._.js
2026-04-07 00:29:49.5560|INFO|Incoming request GET /_next/static/chunks/turbopack-_0p44nws._.js GET /_next/static/chunks/turbopack-_0p44nws._.js
2026-04-07 00:29:49.5580|INFO|Incoming request GET /_next/static/chunks/node_modules_next_dist_0tt2wve._.js GET /_next/static/chunks/node_modules_next_dist_0tt2wve._.js
2026-04-07 00:29:49.5670|INFO|Incoming request GET /_next/static/chunks/src_app_layout_tsx_004glpo._.js GET /_next/static/chunks/src_app_layout_tsx_004glpo._.js
2026-04-07 00:29:49.5690|INFO|Incoming request GET /_next/static/chunks/node_modules_next_dist_07p5au~._.js GET /_next/static/chunks/node_modules_next_dist_07p5au~._.js
2026-04-07 00:29:49.6380|INFO|Incoming request GET /_next/static/chunks/src_app_page_tsx_002ye8~._.js GET /_next/static/chunks/src_app_page_tsx_002ye8~._.js
2026-04-07 00:29:49.6550|INFO|Incoming request GET /_next/static/chunks/node_modules_next_dist_client_components_builtin_global-error_002ye8~.js GET /_next/static/chunks/node_modules_next_dist_client_components_builtin_global-error_002ye8~.js
2026-04-07 00:29:49.6750|INFO|Incoming request GET /_next/static/chunks/%5Bturbopack%5D_browser_dev_hmr-client_hmr-client_ts_0yjw1oe._.js GET /_next/static/chunks/%5Bturbopack%5D_browser_dev_hmr-client_hmr-client_ts_0yjw1oe._.js
2026-04-07 00:29:49.6850|INFO|Incoming request GET /_next/static/chunks/%5Bturbopack%5D_browser_dev_hmr-client_hmr-client_ts_10mygs7._.js GET /_next/static/chunks/%5Bturbopack%5D_browser_dev_hmr-client_hmr-client_ts_10mygs7._.js
2026-04-07 00:29:49.7550|INFO|Incoming request GET / GET /
2026-04-07 00:29:50.0430|INFO|Incoming request GET /next.svg GET /next.svg
2026-04-07 00:29:50.0480|INFO|Incoming request GET /_next/static/chunks/%5Broot-of-the-server%5D__02nfq85._.css GET /_next/static/chunks/%5Broot-of-the-server%5D__02nfq85._.css
2026-04-07 00:29:50.0500|INFO|Incoming request GET /_next/static/chunks/%5Bturbopack%5D_browser_dev_hmr-client_hmr-client_ts_10z625~._.js GET /_next/static/chunks/%5Bturbopack%5D_browser_dev_hmr-client_hmr-client_ts_10z625~._.js
2026-04-07 00:29:50.0550|INFO|Incoming request GET /_next/static/chunks/node_modules_next_dist_compiled_next-devtools_index_0553esy.js GET /_next/static/chunks/node_modules_next_dist_compiled_next-devtools_index_0553esy.js
2026-04-07 00:29:50.0570|INFO|Incoming request GET /_next/static/chunks/node_modules_next_dist_compiled_react-dom_058-ah~._.js GET /_next/static/chunks/node_modules_next_dist_compiled_react-dom_058-ah~._.js
2026-04-07 00:29:50.0600|INFO|Incoming request GET /_next/static/chunks/node_modules_next_dist_compiled_react-server-dom-turbopack_0p3wegg._.js GET /_next/static/chunks/node_modules_next_dist_compiled_react-server-dom-turbopack_0p3wegg._.js
2026-04-07 00:29:50.1260|INFO|Incoming request GET /_next/static/chunks/node_modules_next_dist_compiled_0rpq4pf._.js GET /_next/static/chunks/node_modules_next_dist_compiled_0rpq4pf._.js
2026-04-07 00:29:50.1350|INFO|Incoming request GET /_next/static/chunks/node_modules_next_dist_client_0fhqo1d._.js GET /_next/static/chunks/node_modules_next_dist_client_0fhqo1d._.js
2026-04-07 00:29:50.1480|INFO|Incoming request GET /_next/static/chunks/node_modules_next_dist_115brz8._.js GET /_next/static/chunks/node_modules_next_dist_115brz8._.js
2026-04-07 00:29:50.1510|INFO|Incoming request GET /_next/static/chunks/node_modules_%40swc_helpers_cjs_0-4ujiy._.js GET /_next/static/chunks/node_modules_%40swc_helpers_cjs_0-4ujiy._.js
2026-04-07 00:29:50.1530|INFO|Incoming request GET /_next/static/chunks/_0rqeker._.js GET /_next/static/chunks/_0rqeker._.js
2026-04-07 00:29:50.1550|INFO|Incoming request GET /_next/static/chunks/turbopack-_0p44nws._.js GET /_next/static/chunks/turbopack-_0p44nws._.js
2026-04-07 00:29:50.2480|INFO|Incoming request GET /vercel.svg GET /vercel.svg
2026-04-07 00:29:50.2710|INFO|Incoming request GET /_next/static/chunks/node_modules_next_dist_0tt2wve._.js GET /_next/static/chunks/node_modules_next_dist_0tt2wve._.js
2026-04-07 00:29:50.3020|INFO|Incoming request GET /_next/static/chunks/src_app_layout_tsx_004glpo._.js GET /_next/static/chunks/src_app_layout_tsx_004glpo._.js
2026-04-07 00:29:50.3050|INFO|Incoming request GET /_next/static/chunks/node_modules_next_dist_07p5au~._.js GET /_next/static/chunks/node_modules_next_dist_07p5au~._.js
2026-04-07 00:29:50.3170|INFO|Incoming request GET /_next/static/chunks/src_app_page_tsx_002ye8~._.js GET /_next/static/chunks/src_app_page_tsx_002ye8~._.js
2026-04-07 00:29:50.3180|INFO|Incoming request GET /_next/static/chunks/node_modules_next_dist_client_components_builtin_global-error_002ye8~.js GET /_next/static/chunks/node_modules_next_dist_client_components_builtin_global-error_002ye8~.js
2026-04-07 00:29:50.5140|INFO|Incoming request GET / GET /
2026-04-07 00:29:50.5190|INFO|Incoming request GET /_next/static/chunks/%5Bturbopack%5D_browser_dev_hmr-client_hmr-client_ts_0yjw1oe._.js GET /_next/static/chunks/%5Bturbopack%5D_browser_dev_hmr-client_hmr-client_ts_0yjw1oe._.js
2026-04-07 00:29:50.5250|INFO|Incoming request GET /_next/static/chunks/%5Bturbopack%5D_browser_dev_hmr-client_hmr-client_ts_10mygs7._.js GET /_next/static/chunks/%5Bturbopack%5D_browser_dev_hmr-client_hmr-client_ts_10mygs7._.js
2026-04-07 00:29:50.6760|INFO|Incoming request GET /_next/static/chunks/%5Broot-of-the-server%5D__02nfq85._.css GET /_next/static/chunks/%5Broot-of-the-server%5D__02nfq85._.css
2026-04-07 00:29:50.6780|INFO|Incoming request GET /next.svg GET /next.svg
2026-04-07 00:29:50.6800|INFO|Incoming request GET /_next/static/chunks/%5Bturbopack%5D_browser_dev_hmr-client_hmr-client_ts_10z625~._.js GET /_next/static/chunks/%5Bturbopack%5D_browser_dev_hmr-client_hmr-client_ts_10z625~._.js
2026-04-07 00:29:50.6850|INFO|Incoming request GET /_next/static/chunks/node_modules_next_dist_compiled_next-devtools_index_0553esy.js GET /_next/static/chunks/node_modules_next_dist_compiled_next-devtools_index_0553esy.js
2026-04-07 00:29:50.6880|INFO|Incoming request GET /_next/static/chunks/node_modules_next_dist_compiled_react-dom_058-ah~._.js GET /_next/static/chunks/node_modules_next_dist_compiled_react-dom_058-ah~._.js
2026-04-07 00:29:50.7330|INFO|Incoming request GET /_next/static/chunks/node_modules_next_dist_compiled_react-server-dom-turbopack_0p3wegg._.js GET /_next/static/chunks/node_modules_next_dist_compiled_react-server-dom-turbopack_0p3wegg._.js
2026-04-07 00:29:50.7560|INFO|Incoming request GET /_next/static/chunks/node_modules_next_dist_compiled_0rpq4pf._.js GET /_next/static/chunks/node_modules_next_dist_compiled_0rpq4pf._.js
2026-04-07 00:29:50.7670|INFO|Incoming request GET /_next/static/chunks/node_modules_next_dist_client_0fhqo1d._.js GET /_next/static/chunks/node_modules_next_dist_client_0fhqo1d._.js
2026-04-07 00:29:50.7690|INFO|Incoming request GET /_next/static/chunks/node_modules_next_dist_115brz8._.js GET /_next/static/chunks/node_modules_next_dist_115brz8._.js
2026-04-07 00:29:50.7710|INFO|Incoming request GET /_next/static/chunks/node_modules_%40swc_helpers_cjs_0-4ujiy._.js GET /_next/static/chunks/node_modules_%40swc_helpers_cjs_0-4ujiy._.js
2026-04-07 00:29:50.7750|INFO|Incoming request GET /vercel.svg GET /vercel.svg
2026-04-07 00:29:50.8010|INFO|Incoming request GET /_next/static/chunks/_0rqeker._.js GET /_next/static/chunks/_0rqeker._.js
2026-04-07 00:29:50.8310|INFO|Incoming request GET /_next/static/chunks/turbopack-_0p44nws._.js GET /_next/static/chunks/turbopack-_0p44nws._.js
2026-04-07 00:29:50.8330|INFO|Incoming request GET /_next/static/chunks/node_modules_next_dist_0tt2wve._.js GET /_next/static/chunks/node_modules_next_dist_0tt2wve._.js
2026-04-07 00:29:50.8350|INFO|Incoming request GET /_next/static/chunks/src_app_layout_tsx_004glpo._.js GET /_next/static/chunks/src_app_layout_tsx_004glpo._.js
2026-04-07 00:29:50.8430|INFO|Incoming request GET /_next/static/chunks/node_modules_next_dist_07p5au~._.js GET /_next/static/chunks/node_modules_next_dist_07p5au~._.js
2026-04-07 00:29:50.8470|INFO|Incoming request GET /_next/static/chunks/src_app_page_tsx_002ye8~._.js GET /_next/static/chunks/src_app_page_tsx_002ye8~._.js
2026-04-07 00:29:50.8640|INFO|Incoming request GET /_next/static/chunks/node_modules_next_dist_client_components_builtin_global-error_002ye8~.js GET /_next/static/chunks/node_modules_next_dist_client_components_builtin_global-error_002ye8~.js
2026-04-07 00:29:50.9050|INFO|Incoming request GET /_next/static/chunks/%5Bturbopack%5D_browser_dev_hmr-client_hmr-client_ts_0yjw1oe._.js GET /_next/static/chunks/%5Bturbopack%5D_browser_dev_hmr-client_hmr-client_ts_0yjw1oe._.js
2026-04-07 00:29:50.9090|INFO|Incoming request GET /_next/static/chunks/%5Bturbopack%5D_browser_dev_hmr-client_hmr-client_ts_10mygs7._.js GET /_next/static/chunks/%5Bturbopack%5D_browser_dev_hmr-client_hmr-client_ts_10mygs7._.js
2026-04-07 00:29:51.0190|INFO|Incoming request GET / GET /
2026-04-07 00:29:51.1610|INFO|Incoming request GET /next.svg GET /next.svg
2026-04-07 00:29:51.1790|INFO|Incoming request GET /_next/static/chunks/%5Broot-of-the-server%5D__02nfq85._.css GET /_next/static/chunks/%5Broot-of-the-server%5D__02nfq85._.css
2026-04-07 00:29:51.1830|INFO|Incoming request GET /_next/static/chunks/%5Bturbopack%5D_browser_dev_hmr-client_hmr-client_ts_10z625~._.js GET /_next/static/chunks/%5Bturbopack%5D_browser_dev_hmr-client_hmr-client_ts_10z625~._.js
2026-04-07 00:29:51.1840|INFO|Incoming request GET /_next/static/chunks/node_modules_next_dist_compiled_next-devtools_index_0553esy.js GET /_next/static/chunks/node_modules_next_dist_compiled_next-devtools_index_0553esy.js
2026-04-07 00:29:51.1860|INFO|Incoming request GET /_next/static/chunks/node_modules_next_dist_compiled_react-dom_058-ah~._.js GET /_next/static/chunks/node_modules_next_dist_compiled_react-dom_058-ah~._.js
2026-04-07 00:29:51.2320|INFO|Incoming request GET /_next/static/chunks/node_modules_next_dist_compiled_react-server-dom-turbopack_0p3wegg._.js GET /_next/static/chunks/node_modules_next_dist_compiled_react-server-dom-turbopack_0p3wegg._.js
2026-04-07 00:29:51.2410|INFO|Incoming request GET /_next/static/chunks/node_modules_next_dist_compiled_0rpq4pf._.js GET /_next/static/chunks/node_modules_next_dist_compiled_0rpq4pf._.js
2026-04-07 00:29:51.2540|INFO|Incoming request GET /_next/static/chunks/node_modules_next_dist_client_0fhqo1d._.js GET /_next/static/chunks/node_modules_next_dist_client_0fhqo1d._.js
2026-04-07 00:29:51.2560|INFO|Incoming request GET /_next/static/chunks/node_modules_next_dist_115brz8._.js GET /_next/static/chunks/node_modules_next_dist_115brz8._.js
2026-04-07 00:29:51.2580|INFO|Incoming request GET /_next/static/chunks/node_modules_%40swc_helpers_cjs_0-4ujiy._.js GET /_next/static/chunks/node_modules_%40swc_helpers_cjs_0-4ujiy._.js
2026-04-07 00:29:51.2920|INFO|Incoming request GET /vercel.svg GET /vercel.svg
2026-04-07 00:29:51.3050|INFO|Incoming request GET /_next/static/chunks/_0rqeker._.js GET /_next/static/chunks/_0rqeker._.js
2026-04-07 00:29:51.3230|INFO|Incoming request GET /_next/static/chunks/turbopack-_0p44nws._.js GET /_next/static/chunks/turbopack-_0p44nws._.js
2026-04-07 00:29:51.3250|INFO|Incoming request GET /_next/static/chunks/node_modules_next_dist_0tt2wve._.js GET /_next/static/chunks/node_modules_next_dist_0tt2wve._.js
2026-04-07 00:29:51.3310|INFO|Incoming request GET /_next/static/chunks/src_app_layout_tsx_004glpo._.js GET /_next/static/chunks/src_app_layout_tsx_004glpo._.js
2026-04-07 00:29:51.3330|INFO|Incoming request GET /_next/static/chunks/node_modules_next_dist_07p5au~._.js GET /_next/static/chunks/node_modules_next_dist_07p5au~._.js
2026-04-07 00:29:51.3590|INFO|Incoming request GET /_next/static/chunks/src_app_page_tsx_002ye8~._.js GET /_next/static/chunks/src_app_page_tsx_002ye8~._.js
2026-04-07 00:29:51.3980|INFO|Incoming request GET /_next/static/chunks/node_modules_next_dist_client_components_builtin_global-error_002ye8~.js GET /_next/static/chunks/node_modules_next_dist_client_components_builtin_global-error_002ye8~.js
2026-04-07 00:29:51.4250|INFO|Incoming request GET /_next/static/chunks/%5Bturbopack%5D_browser_dev_hmr-client_hmr-client_ts_0yjw1oe._.js GET /_next/static/chunks/%5Bturbopack%5D_browser_dev_hmr-client_hmr-client_ts_0yjw1oe._.js
2026-04-07 00:29:51.4300|INFO|Incoming request GET /_next/static/chunks/%5Bturbopack%5D_browser_dev_hmr-client_hmr-client_ts_10mygs7._.js GET /_next/static/chunks/%5Bturbopack%5D_browser_dev_hmr-client_hmr-client_ts_10mygs7._.js
2026-04-07 00:29:51.4400|INFO|Incoming request GET / GET /
2026-04-07 00:29:51.6260|INFO|Incoming request GET /next.svg GET /next.svg
2026-04-07 00:29:51.6310|INFO|Incoming request GET /_next/static/chunks/%5Broot-of-the-server%5D__02nfq85._.css GET /_next/static/chunks/%5Broot-of-the-server%5D__02nfq85._.css
2026-04-07 00:29:51.6330|INFO|Incoming request GET /_next/static/chunks/%5Bturbopack%5D_browser_dev_hmr-client_hmr-client_ts_10z625~._.js GET /_next/static/chunks/%5Bturbopack%5D_browser_dev_hmr-client_hmr-client_ts_10z625~._.js
2026-04-07 00:29:51.6350|INFO|Incoming request GET /_next/static/chunks/node_modules_next_dist_compiled_next-devtools_index_0553esy.js GET /_next/static/chunks/node_modules_next_dist_compiled_next-devtools_index_0553esy.js
2026-04-07 00:29:51.6370|INFO|Incoming request GET /_next/static/chunks/node_modules_next_dist_compiled_react-dom_058-ah~._.js GET /_next/static/chunks/node_modules_next_dist_compiled_react-dom_058-ah~._.js
2026-04-07 00:29:51.7030|INFO|Incoming request GET /_next/static/chunks/node_modules_next_dist_compiled_react-server-dom-turbopack_0p3wegg._.js GET /_next/static/chunks/node_modules_next_dist_compiled_react-server-dom-turbopack_0p3wegg._.js
2026-04-07 00:29:51.7090|INFO|Incoming request GET /_next/static/chunks/node_modules_next_dist_compiled_0rpq4pf._.js GET /_next/static/chunks/node_modules_next_dist_compiled_0rpq4pf._.js
2026-04-07 00:29:51.7200|INFO|Incoming request GET /_next/static/chunks/node_modules_next_dist_client_0fhqo1d._.js GET /_next/static/chunks/node_modules_next_dist_client_0fhqo1d._.js
2026-04-07 00:29:51.7240|INFO|Incoming request GET /_next/static/chunks/node_modules_next_dist_115brz8._.js GET /_next/static/chunks/node_modules_next_dist_115brz8._.js
2026-04-07 00:29:51.7260|INFO|Incoming request GET /_next/static/chunks/node_modules_%40swc_helpers_cjs_0-4ujiy._.js GET /_next/static/chunks/node_modules_%40swc_helpers_cjs_0-4ujiy._.js
2026-04-07 00:29:51.7770|INFO|Incoming request GET / GET /
2026-04-07 00:29:51.7890|INFO|Incoming request GET /vercel.svg GET /vercel.svg
2026-04-07 00:29:51.7980|INFO|Incoming request GET /_next/static/chunks/_0rqeker._.js GET /_next/static/chunks/_0rqeker._.js
2026-04-07 00:29:51.8010|INFO|Incoming request GET /_next/static/chunks/turbopack-_0p44nws._.js GET /_next/static/chunks/turbopack-_0p44nws._.js
2026-04-07 00:29:51.8080|INFO|Incoming request GET /_next/static/chunks/node_modules_next_dist_0tt2wve._.js GET /_next/static/chunks/node_modules_next_dist_0tt2wve._.js
2026-04-07 00:29:51.8090|INFO|Incoming request GET /_next/static/chunks/src_app_layout_tsx_004glpo._.js GET /_next/static/chunks/src_app_layout_tsx_004glpo._.js
2026-04-07 00:29:52.1260|INFO|Incoming request GET /_next/static/chunks/node_modules_next_dist_07p5au~._.js GET /_next/static/chunks/node_modules_next_dist_07p5au~._.js
2026-04-07 00:29:52.1320|INFO|Incoming request GET /_next/static/chunks/src_app_page_tsx_002ye8~._.js GET /_next/static/chunks/src_app_page_tsx_002ye8~._.js
2026-04-07 00:29:52.1680|INFO|Incoming request GET /_next/static/chunks/node_modules_next_dist_client_components_builtin_global-error_002ye8~.js GET /_next/static/chunks/node_modules_next_dist_client_components_builtin_global-error_002ye8~.js
2026-04-07 00:29:52.1890|INFO|Incoming request GET /_next/static/chunks/%5Bturbopack%5D_browser_dev_hmr-client_hmr-client_ts_0yjw1oe._.js GET /_next/static/chunks/%5Bturbopack%5D_browser_dev_hmr-client_hmr-client_ts_0yjw1oe._.js
2026-04-07 00:29:52.1910|INFO|Incoming request GET /_next/static/chunks/%5Bturbopack%5D_browser_dev_hmr-client_hmr-client_ts_10mygs7._.js GET /_next/static/chunks/%5Bturbopack%5D_browser_dev_hmr-client_hmr-client_ts_10mygs7._.js
2026-04-07 00:29:52.2070|INFO|Incoming request GET /next.svg GET /next.svg
2026-04-07 00:29:52.2210|INFO|Incoming request GET /_next/static/chunks/%5Broot-of-the-server%5D__02nfq85._.css GET /_next/static/chunks/%5Broot-of-the-server%5D__02nfq85._.css
2026-04-07 00:29:52.2230|INFO|Incoming request GET /_next/static/chunks/%5Bturbopack%5D_browser_dev_hmr-client_hmr-client_ts_10z625~._.js GET /_next/static/chunks/%5Bturbopack%5D_browser_dev_hmr-client_hmr-client_ts_10z625~._.js
2026-04-07 00:29:52.2250|INFO|Incoming request GET /_next/static/chunks/node_modules_next_dist_compiled_next-devtools_index_0553esy.js GET /_next/static/chunks/node_modules_next_dist_compiled_next-devtools_index_0553esy.js
2026-04-07 00:29:52.2260|INFO|Incoming request GET /_next/static/chunks/node_modules_next_dist_compiled_react-dom_058-ah~._.js GET /_next/static/chunks/node_modules_next_dist_compiled_react-dom_058-ah~._.js
2026-04-07 00:29:52.2830|INFO|Incoming request GET /_next/static/chunks/node_modules_next_dist_compiled_react-server-dom-turbopack_0p3wegg._.js GET /_next/static/chunks/node_modules_next_dist_compiled_react-server-dom-turbopack_0p3wegg._.js
2026-04-07 00:29:52.2900|INFO|Incoming request GET /_next/static/chunks/node_modules_next_dist_compiled_0rpq4pf._.js GET /_next/static/chunks/node_modules_next_dist_compiled_0rpq4pf._.js
2026-04-07 00:29:52.2930|INFO|Incoming request GET /_next/static/chunks/node_modules_next_dist_client_0fhqo1d._.js GET /_next/static/chunks/node_modules_next_dist_client_0fhqo1d._.js
2026-04-07 00:29:52.2980|INFO|Incoming request GET /_next/static/chunks/node_modules_next_dist_115brz8._.js GET /_next/static/chunks/node_modules_next_dist_115brz8._.js
2026-04-07 00:29:52.3000|INFO|Incoming request GET /_next/static/chunks/node_modules_%40swc_helpers_cjs_0-4ujiy._.js GET /_next/static/chunks/node_modules_%40swc_helpers_cjs_0-4ujiy._.js
2026-04-07 00:29:52.3730|INFO|Incoming request GET /vercel.svg GET /vercel.svg
2026-04-07 00:29:52.3750|INFO|Incoming request GET /_next/static/chunks/_0rqeker._.js GET /_next/static/chunks/_0rqeker._.js
2026-04-07 00:29:52.3770|INFO|Incoming request GET /_next/static/chunks/turbopack-_0p44nws._.js GET /_next/static/chunks/turbopack-_0p44nws._.js
2026-04-07 00:29:52.3860|INFO|Incoming request GET /_next/static/chunks/node_modules_next_dist_0tt2wve._.js GET /_next/static/chunks/node_modules_next_dist_0tt2wve._.js
2026-04-07 00:29:52.3980|INFO|Incoming request GET /_next/static/chunks/src_app_layout_tsx_004glpo._.js GET /_next/static/chunks/src_app_layout_tsx_004glpo._.js
2026-04-07 00:29:52.4030|INFO|Incoming request GET /_next/static/chunks/node_modules_next_dist_07p5au~._.js GET /_next/static/chunks/node_modules_next_dist_07p5au~._.js
2026-04-07 00:29:52.4730|INFO|Incoming request GET /_next/static/chunks/src_app_page_tsx_002ye8~._.js GET /_next/static/chunks/src_app_page_tsx_002ye8~._.js
2026-04-07 00:29:52.4770|INFO|Incoming request GET /_next/static/chunks/node_modules_next_dist_client_components_builtin_global-error_002ye8~.js GET /_next/static/chunks/node_modules_next_dist_client_components_builtin_global-error_002ye8~.js
2026-04-07 00:29:52.5090|INFO|Incoming request GET /_next/static/chunks/%5Bturbopack%5D_browser_dev_hmr-client_hmr-client_ts_0yjw1oe._.js GET /_next/static/chunks/%5Bturbopack%5D_browser_dev_hmr-client_hmr-client_ts_0yjw1oe._.js
2026-04-07 00:29:52.5170|INFO|Incoming request GET /_next/static/chunks/%5Bturbopack%5D_browser_dev_hmr-client_hmr-client_ts_10mygs7._.js GET /_next/static/chunks/%5Bturbopack%5D_browser_dev_hmr-client_hmr-client_ts_10mygs7._.js
2026-04-07 00:30:03.3260|INFO|Incoming request GET / GET /
2026-04-07 00:30:03.5090|INFO|Incoming request GET /next.svg GET /next.svg
2026-04-07 00:30:03.5150|INFO|Incoming request GET /_next/static/chunks/%5Broot-of-the-server%5D__02nfq85._.css GET /_next/static/chunks/%5Broot-of-the-server%5D__02nfq85._.css
2026-04-07 00:30:03.5380|INFO|Incoming request GET /_next/static/chunks/%5Bturbopack%5D_browser_dev_hmr-client_hmr-client_ts_10z625~._.js GET /_next/static/chunks/%5Bturbopack%5D_browser_dev_hmr-client_hmr-client_ts_10z625~._.js
2026-04-07 00:30:03.5580|INFO|Incoming request GET /_next/static/chunks/node_modules_next_dist_compiled_next-devtools_index_0553esy.js GET /_next/static/chunks/node_modules_next_dist_compiled_next-devtools_index_0553esy.js
2026-04-07 00:30:03.5670|INFO|Incoming request GET /_next/static/chunks/node_modules_next_dist_compiled_react-dom_058-ah~._.js GET /_next/static/chunks/node_modules_next_dist_compiled_react-dom_058-ah~._.js
2026-04-07 00:30:03.6600|INFO|Incoming request GET /_next/static/chunks/node_modules_next_dist_compiled_react-server-dom-turbopack_0p3wegg._.js GET /_next/static/chunks/node_modules_next_dist_compiled_react-server-dom-turbopack_0p3wegg._.js
2026-04-07 00:30:03.6820|INFO|Incoming request GET /_next/static/chunks/node_modules_next_dist_compiled_0rpq4pf._.js GET /_next/static/chunks/node_modules_next_dist_compiled_0rpq4pf._.js
2026-04-07 00:30:03.6840|INFO|Incoming request GET /vercel.svg GET /vercel.svg
2026-04-07 00:30:03.6960|INFO|Incoming request GET /_next/static/chunks/node_modules_next_dist_client_0fhqo1d._.js GET /_next/static/chunks/node_modules_next_dist_client_0fhqo1d._.js
2026-04-07 00:30:03.7050|INFO|Incoming request GET /_next/static/chunks/node_modules_next_dist_115brz8._.js GET /_next/static/chunks/node_modules_next_dist_115brz8._.js
2026-04-07 00:30:03.7090|INFO|Incoming request GET /_next/static/chunks/node_modules_%40swc_helpers_cjs_0-4ujiy._.js GET /_next/static/chunks/node_modules_%40swc_helpers_cjs_0-4ujiy._.js
2026-04-07 00:30:03.7470|INFO|Incoming request GET /_next/static/chunks/_0rqeker._.js GET /_next/static/chunks/_0rqeker._.js
2026-04-07 00:30:03.7590|INFO|Incoming request GET /_next/static/chunks/turbopack-_0p44nws._.js GET /_next/static/chunks/turbopack-_0p44nws._.js
2026-04-07 00:30:03.7620|INFO|Incoming request GET /_next/static/chunks/node_modules_next_dist_0tt2wve._.js GET /_next/static/chunks/node_modules_next_dist_0tt2wve._.js
2026-04-07 00:30:03.8120|INFO|Incoming request GET /_next/static/chunks/src_app_layout_tsx_004glpo._.js GET /_next/static/chunks/src_app_layout_tsx_004glpo._.js
2026-04-07 00:30:03.8250|INFO|Incoming request GET /_next/static/chunks/node_modules_next_dist_07p5au~._.js GET /_next/static/chunks/node_modules_next_dist_07p5au~._.js
2026-04-07 00:30:03.8540|INFO|Incoming request GET /_next/static/chunks/src_app_page_tsx_002ye8~._.js GET /_next/static/chunks/src_app_page_tsx_002ye8~._.js
2026-04-07 00:30:03.8750|INFO|Incoming request GET /_next/static/chunks/node_modules_next_dist_client_components_builtin_global-error_002ye8~.js GET /_next/static/chunks/node_modules_next_dist_client_components_builtin_global-error_002ye8~.js
2026-04-07 00:30:03.8890|INFO|Incoming request GET /_next/static/chunks/%5Bturbopack%5D_browser_dev_hmr-client_hmr-client_ts_0yjw1oe._.js GET /_next/static/chunks/%5Bturbopack%5D_browser_dev_hmr-client_hmr-client_ts_0yjw1oe._.js
2026-04-07 00:30:03.8910|INFO|Incoming request GET /_next/static/chunks/%5Bturbopack%5D_browser_dev_hmr-client_hmr-client_ts_10mygs7._.js GET /_next/static/chunks/%5Bturbopack%5D_browser_dev_hmr-client_hmr-client_ts_10mygs7._.js
2026-04-07 00:30:04.1240|INFO|Incoming request GET / GET /
2026-04-07 00:30:04.2910|INFO|Incoming request GET /_next/static/chunks/%5Broot-of-the-server%5D__02nfq85._.css GET /_next/static/chunks/%5Broot-of-the-server%5D__02nfq85._.css
2026-04-07 00:30:04.2950|INFO|Incoming request GET /next.svg GET /next.svg
2026-04-07 00:30:04.2980|INFO|Incoming request GET /_next/static/chunks/%5Bturbopack%5D_browser_dev_hmr-client_hmr-client_ts_10z625~._.js GET /_next/static/chunks/%5Bturbopack%5D_browser_dev_hmr-client_hmr-client_ts_10z625~._.js
2026-04-07 00:30:04.3000|INFO|Incoming request GET /_next/static/chunks/node_modules_next_dist_compiled_next-devtools_index_0553esy.js GET /_next/static/chunks/node_modules_next_dist_compiled_next-devtools_index_0553esy.js
2026-04-07 00:30:04.3020|INFO|Incoming request GET /_next/static/chunks/node_modules_next_dist_compiled_react-dom_058-ah~._.js GET /_next/static/chunks/node_modules_next_dist_compiled_react-dom_058-ah~._.js
2026-04-07 00:30:04.3040|INFO|Incoming request GET /_next/static/chunks/node_modules_next_dist_compiled_react-server-dom-turbopack_0p3wegg._.js GET /_next/static/chunks/node_modules_next_dist_compiled_react-server-dom-turbopack_0p3wegg._.js
2026-04-07 00:30:04.3950|INFO|Incoming request GET /_next/static/chunks/node_modules_next_dist_compiled_0rpq4pf._.js GET /_next/static/chunks/node_modules_next_dist_compiled_0rpq4pf._.js
2026-04-07 00:30:04.3970|INFO|Incoming request GET /_next/static/chunks/node_modules_next_dist_client_0fhqo1d._.js GET /_next/static/chunks/node_modules_next_dist_client_0fhqo1d._.js
2026-04-07 00:30:04.4070|INFO|Incoming request GET /_next/static/chunks/node_modules_next_dist_115brz8._.js GET /_next/static/chunks/node_modules_next_dist_115brz8._.js
2026-04-07 00:30:04.4110|INFO|Incoming request GET /_next/static/chunks/node_modules_%40swc_helpers_cjs_0-4ujiy._.js GET /_next/static/chunks/node_modules_%40swc_helpers_cjs_0-4ujiy._.js
2026-04-07 00:30:04.4130|INFO|Incoming request GET /_next/static/chunks/_0rqeker._.js GET /_next/static/chunks/_0rqeker._.js
2026-04-07 00:30:04.4140|INFO|Incoming request GET /_next/static/chunks/turbopack-_0p44nws._.js GET /_next/static/chunks/turbopack-_0p44nws._.js
2026-04-07 00:30:04.4930|INFO|Incoming request GET / GET /
2026-04-07 00:30:04.5000|INFO|Incoming request GET /vercel.svg GET /vercel.svg
2026-04-07 00:30:04.5010|INFO|Incoming request GET /_next/static/chunks/node_modules_next_dist_0tt2wve._.js GET /_next/static/chunks/node_modules_next_dist_0tt2wve._.js
2026-04-07 00:30:04.5080|INFO|Incoming request GET /_next/static/chunks/src_app_layout_tsx_004glpo._.js GET /_next/static/chunks/src_app_layout_tsx_004glpo._.js
2026-04-07 00:30:04.5100|INFO|Incoming request GET /_next/static/chunks/node_modules_next_dist_07p5au~._.js GET /_next/static/chunks/node_modules_next_dist_07p5au~._.js
2026-04-07 00:30:04.5340|INFO|Incoming request GET /_next/static/chunks/src_app_page_tsx_002ye8~._.js GET /_next/static/chunks/src_app_page_tsx_002ye8~._.js
2026-04-07 00:30:04.6630|INFO|Incoming request GET /_next/static/chunks/node_modules_next_dist_client_components_builtin_global-error_002ye8~.js GET /_next/static/chunks/node_modules_next_dist_client_components_builtin_global-error_002ye8~.js
2026-04-07 00:30:04.6670|INFO|Incoming request GET /_next/static/chunks/%5Bturbopack%5D_browser_dev_hmr-client_hmr-client_ts_0yjw1oe._.js GET /_next/static/chunks/%5Bturbopack%5D_browser_dev_hmr-client_hmr-client_ts_0yjw1oe._.js
2026-04-07 00:30:04.6920|INFO|Incoming request GET /_next/static/chunks/%5Bturbopack%5D_browser_dev_hmr-client_hmr-client_ts_10mygs7._.js GET /_next/static/chunks/%5Bturbopack%5D_browser_dev_hmr-client_hmr-client_ts_10mygs7._.js
2026-04-07 00:30:04.7230|INFO|Incoming request GET /next.svg GET /next.svg
2026-04-07 00:30:04.7320|INFO|Incoming request GET /_next/static/chunks/%5Broot-of-the-server%5D__02nfq85._.css GET /_next/static/chunks/%5Broot-of-the-server%5D__02nfq85._.css
2026-04-07 00:30:04.7340|INFO|Incoming request GET /_next/static/chunks/%5Bturbopack%5D_browser_dev_hmr-client_hmr-client_ts_10z625~._.js GET /_next/static/chunks/%5Bturbopack%5D_browser_dev_hmr-client_hmr-client_ts_10z625~._.js
2026-04-07 00:30:04.7360|INFO|Incoming request GET /_next/static/chunks/node_modules_next_dist_compiled_next-devtools_index_0553esy.js GET /_next/static/chunks/node_modules_next_dist_compiled_next-devtools_index_0553esy.js
2026-04-07 00:30:04.7390|INFO|Incoming request GET /_next/static/chunks/node_modules_next_dist_compiled_react-dom_058-ah~._.js GET /_next/static/chunks/node_modules_next_dist_compiled_react-dom_058-ah~._.js
2026-04-07 00:30:04.7910|INFO|Incoming request GET /_next/static/chunks/node_modules_next_dist_compiled_react-server-dom-turbopack_0p3wegg._.js GET /_next/static/chunks/node_modules_next_dist_compiled_react-server-dom-turbopack_0p3wegg._.js
2026-04-07 00:30:04.8010|INFO|Incoming request GET /_next/static/chunks/node_modules_next_dist_compiled_0rpq4pf._.js GET /_next/static/chunks/node_modules_next_dist_compiled_0rpq4pf._.js
2026-04-07 00:30:04.8090|INFO|Incoming request GET /_next/static/chunks/node_modules_next_dist_client_0fhqo1d._.js GET /_next/static/chunks/node_modules_next_dist_client_0fhqo1d._.js
2026-04-07 00:30:04.8130|INFO|Incoming request GET /_next/static/chunks/node_modules_next_dist_115brz8._.js GET /_next/static/chunks/node_modules_next_dist_115brz8._.js
2026-04-07 00:30:04.8150|INFO|Incoming request GET /_next/static/chunks/node_modules_%40swc_helpers_cjs_0-4ujiy._.js GET /_next/static/chunks/node_modules_%40swc_helpers_cjs_0-4ujiy._.js
2026-04-07 00:30:04.8660|INFO|Incoming request GET /vercel.svg GET /vercel.svg
2026-04-07 00:30:04.8830|INFO|Incoming request GET /_next/static/chunks/_0rqeker._.js GET /_next/static/chunks/_0rqeker._.js
2026-04-07 00:30:04.8870|INFO|Incoming request GET /_next/static/chunks/turbopack-_0p44nws._.js GET /_next/static/chunks/turbopack-_0p44nws._.js
2026-04-07 00:30:04.8890|INFO|Incoming request GET /_next/static/chunks/node_modules_next_dist_0tt2wve._.js GET /_next/static/chunks/node_modules_next_dist_0tt2wve._.js
2026-04-07 00:30:04.8980|INFO|Incoming request GET /_next/static/chunks/src_app_layout_tsx_004glpo._.js GET /_next/static/chunks/src_app_layout_tsx_004glpo._.js
2026-04-07 00:30:04.9080|INFO|Incoming request GET /_next/static/chunks/node_modules_next_dist_07p5au~._.js GET /_next/static/chunks/node_modules_next_dist_07p5au~._.js
2026-04-07 00:30:04.9380|INFO|Incoming request GET / GET /
2026-04-07 00:30:04.9690|INFO|Incoming request GET /_next/static/chunks/src_app_page_tsx_002ye8~._.js GET /_next/static/chunks/src_app_page_tsx_002ye8~._.js
2026-04-07 00:30:04.9710|INFO|Incoming request GET /_next/static/chunks/node_modules_next_dist_client_components_builtin_global-error_002ye8~.js GET /_next/static/chunks/node_modules_next_dist_client_components_builtin_global-error_002ye8~.js
2026-04-07 00:30:05.0140|INFO|Incoming request GET /_next/static/chunks/%5Bturbopack%5D_browser_dev_hmr-client_hmr-client_ts_0yjw1oe._.js GET /_next/static/chunks/%5Bturbopack%5D_browser_dev_hmr-client_hmr-client_ts_0yjw1oe._.js
2026-04-07 00:30:05.0480|INFO|Incoming request GET /_next/static/chunks/%5Bturbopack%5D_browser_dev_hmr-client_hmr-client_ts_10mygs7._.js GET /_next/static/chunks/%5Bturbopack%5D_browser_dev_hmr-client_hmr-client_ts_10mygs7._.js
2026-04-07 00:30:05.1770|INFO|Incoming request GET /next.svg GET /next.svg
2026-04-07 00:30:05.1890|INFO|Incoming request GET / GET /
2026-04-07 00:30:05.1960|INFO|Incoming request GET /_next/static/chunks/%5Broot-of-the-server%5D__02nfq85._.css GET /_next/static/chunks/%5Broot-of-the-server%5D__02nfq85._.css
2026-04-07 00:30:05.1980|INFO|Incoming request GET /_next/static/chunks/%5Bturbopack%5D_browser_dev_hmr-client_hmr-client_ts_10z625~._.js GET /_next/static/chunks/%5Bturbopack%5D_browser_dev_hmr-client_hmr-client_ts_10z625~._.js
2026-04-07 00:30:05.2000|INFO|Incoming request GET /_next/static/chunks/node_modules_next_dist_compiled_next-devtools_index_0553esy.js GET /_next/static/chunks/node_modules_next_dist_compiled_next-devtools_index_0553esy.js
2026-04-07 00:30:05.3660|INFO|Incoming request GET /_next/static/chunks/node_modules_next_dist_compiled_react-dom_058-ah~._.js GET /_next/static/chunks/node_modules_next_dist_compiled_react-dom_058-ah~._.js
2026-04-07 00:30:05.3700|INFO|Incoming request GET /_next/static/chunks/node_modules_next_dist_compiled_react-server-dom-turbopack_0p3wegg._.js GET /_next/static/chunks/node_modules_next_dist_compiled_react-server-dom-turbopack_0p3wegg._.js
2026-04-07 00:30:05.4080|INFO|Incoming request GET /_next/static/chunks/node_modules_next_dist_compiled_0rpq4pf._.js GET /_next/static/chunks/node_modules_next_dist_compiled_0rpq4pf._.js
2026-04-07 00:30:05.4100|INFO|Incoming request GET /_next/static/chunks/node_modules_next_dist_client_0fhqo1d._.js GET /_next/static/chunks/node_modules_next_dist_client_0fhqo1d._.js
2026-04-07 00:30:05.4740|INFO|Incoming request GET /vercel.svg GET /vercel.svg
2026-04-07 00:30:05.4770|INFO|Incoming request GET /_next/static/chunks/node_modules_next_dist_115brz8._.js GET /_next/static/chunks/node_modules_next_dist_115brz8._.js
2026-04-07 00:30:05.4830|INFO|Incoming request GET /_next/static/chunks/node_modules_%40swc_helpers_cjs_0-4ujiy._.js GET /_next/static/chunks/node_modules_%40swc_helpers_cjs_0-4ujiy._.js
2026-04-07 00:30:05.4850|INFO|Incoming request GET /_next/static/chunks/_0rqeker._.js GET /_next/static/chunks/_0rqeker._.js
2026-04-07 00:30:05.4870|INFO|Incoming request GET / GET /
2026-04-07 00:30:05.4890|INFO|Incoming request GET /next.svg GET /next.svg
2026-04-07 00:30:05.5070|INFO|Incoming request GET /_next/static/chunks/node_modules_next_dist_compiled_react-dom_058-ah~._.js GET /_next/static/chunks/node_modules_next_dist_compiled_react-dom_058-ah~._.js
2026-04-07 00:30:05.5090|INFO|Incoming request GET /_next/static/chunks/node_modules_next_dist_compiled_react-server-dom-turbopack_0p3wegg._.js GET /_next/static/chunks/node_modules_next_dist_compiled_react-server-dom-turbopack_0p3wegg._.js
2026-04-07 00:30:05.5120|INFO|Incoming request GET /_next/static/chunks/%5Broot-of-the-server%5D__02nfq85._.css GET /_next/static/chunks/%5Broot-of-the-server%5D__02nfq85._.css
2026-04-07 00:30:05.6520|INFO|Incoming request GET /_next/static/chunks/%5Bturbopack%5D_browser_dev_hmr-client_hmr-client_ts_10z625~._.js GET /_next/static/chunks/%5Bturbopack%5D_browser_dev_hmr-client_hmr-client_ts_10z625~._.js
2026-04-07 00:30:05.7040|INFO|Incoming request GET /_next/static/chunks/node_modules_next_dist_compiled_next-devtools_index_0553esy.js GET /_next/static/chunks/node_modules_next_dist_compiled_next-devtools_index_0553esy.js
2026-04-07 00:30:05.7200|INFO|Incoming request GET /_next/static/chunks/node_modules_next_dist_compiled_0rpq4pf._.js GET /_next/static/chunks/node_modules_next_dist_compiled_0rpq4pf._.js
2026-04-07 00:30:05.7220|INFO|Incoming request GET /_next/static/chunks/node_modules_next_dist_client_0fhqo1d._.js GET /_next/static/chunks/node_modules_next_dist_client_0fhqo1d._.js
2026-04-07 00:30:05.7230|INFO|Incoming request GET /next.svg GET /next.svg
2026-04-07 00:30:05.7310|INFO|Incoming request GET /_next/static/chunks/%5Broot-of-the-server%5D__02nfq85._.css GET /_next/static/chunks/%5Broot-of-the-server%5D__02nfq85._.css
2026-04-07 00:30:05.7330|INFO|Incoming request GET /_next/static/chunks/%5Bturbopack%5D_browser_dev_hmr-client_hmr-client_ts_10z625~._.js GET /_next/static/chunks/%5Bturbopack%5D_browser_dev_hmr-client_hmr-client_ts_10z625~._.js
2026-04-07 00:30:05.7350|INFO|Incoming request GET /_next/static/chunks/node_modules_next_dist_compiled_next-devtools_index_0553esy.js GET /_next/static/chunks/node_modules_next_dist_compiled_next-devtools_index_0553esy.js
2026-04-07 00:30:05.7400|INFO|Incoming request GET /_next/static/chunks/node_modules_next_dist_compiled_react-dom_058-ah~._.js GET /_next/static/chunks/node_modules_next_dist_compiled_react-dom_058-ah~._.js
2026-04-07 00:30:05.7730|INFO|Incoming request GET /_next/static/chunks/node_modules_next_dist_compiled_react-server-dom-turbopack_0p3wegg._.js GET /_next/static/chunks/node_modules_next_dist_compiled_react-server-dom-turbopack_0p3wegg._.js
2026-04-07 00:30:05.7980|INFO|Incoming request GET /_next/static/chunks/node_modules_next_dist_compiled_0rpq4pf._.js GET /_next/static/chunks/node_modules_next_dist_compiled_0rpq4pf._.js
2026-04-07 00:30:05.8080|INFO|Incoming request GET /_next/static/chunks/node_modules_next_dist_client_0fhqo1d._.js GET /_next/static/chunks/node_modules_next_dist_client_0fhqo1d._.js
2026-04-07 00:30:05.8590|INFO|Incoming request GET /_next/static/chunks/node_modules_next_dist_115brz8._.js GET /_next/static/chunks/node_modules_next_dist_115brz8._.js
2026-04-07 00:30:05.8970|INFO|Incoming request GET /_next/static/chunks/node_modules_%40swc_helpers_cjs_0-4ujiy._.js GET /_next/static/chunks/node_modules_%40swc_helpers_cjs_0-4ujiy._.js
2026-04-07 00:30:05.9040|INFO|Incoming request GET / GET /
2026-04-07 00:30:06.0740|INFO|Incoming request GET /_next/static/chunks/_0rqeker._.js GET /_next/static/chunks/_0rqeker._.js
2026-04-07 00:30:06.0760|INFO|Incoming request GET /_next/static/chunks/turbopack-_0p44nws._.js GET /_next/static/chunks/turbopack-_0p44nws._.js
2026-04-07 00:30:06.0860|INFO|Incoming request GET /next.svg GET /next.svg
2026-04-07 00:30:06.0920|INFO|Incoming request GET /_next/static/chunks/%5Broot-of-the-server%5D__02nfq85._.css GET /_next/static/chunks/%5Broot-of-the-server%5D__02nfq85._.css
2026-04-07 00:30:06.0950|INFO|Incoming request GET /_next/static/chunks/node_modules_next_dist_compiled_next-devtools_index_0553esy.js GET /_next/static/chunks/node_modules_next_dist_compiled_next-devtools_index_0553esy.js
2026-04-07 00:30:06.0980|INFO|Incoming request GET /_next/static/chunks/node_modules_next_dist_compiled_react-dom_058-ah~._.js GET /_next/static/chunks/node_modules_next_dist_compiled_react-dom_058-ah~._.js
2026-04-07 00:30:06.1000|INFO|Incoming request GET /_next/static/chunks/%5Bturbopack%5D_browser_dev_hmr-client_hmr-client_ts_10z625~._.js GET /_next/static/chunks/%5Bturbopack%5D_browser_dev_hmr-client_hmr-client_ts_10z625~._.js
2026-04-07 00:30:06.1500|INFO|Incoming request GET /_next/static/chunks/node_modules_next_dist_compiled_react-server-dom-turbopack_0p3wegg._.js GET /_next/static/chunks/node_modules_next_dist_compiled_react-server-dom-turbopack_0p3wegg._.js
2026-04-07 00:30:06.1680|INFO|Incoming request GET /_next/static/chunks/node_modules_next_dist_compiled_0rpq4pf._.js GET /_next/static/chunks/node_modules_next_dist_compiled_0rpq4pf._.js
2026-04-07 00:30:06.1820|INFO|Incoming request GET /_next/static/chunks/node_modules_next_dist_client_0fhqo1d._.js GET /_next/static/chunks/node_modules_next_dist_client_0fhqo1d._.js
2026-04-07 00:30:06.2170|INFO|Incoming request GET / GET /
2026-04-07 00:30:06.2280|INFO|Incoming request GET /_next/static/chunks/node_modules_next_dist_115brz8._.js GET /_next/static/chunks/node_modules_next_dist_115brz8._.js
2026-04-07 00:30:06.2380|INFO|Incoming request GET /_next/static/chunks/node_modules_%40swc_helpers_cjs_0-4ujiy._.js GET /_next/static/chunks/node_modules_%40swc_helpers_cjs_0-4ujiy._.js
2026-04-07 00:30:06.3710|INFO|Incoming request GET /_next/static/chunks/_0rqeker._.js GET /_next/static/chunks/_0rqeker._.js
2026-04-07 00:30:06.4240|INFO|Incoming request GET /_next/static/chunks/turbopack-_0p44nws._.js GET /_next/static/chunks/turbopack-_0p44nws._.js
2026-04-07 00:30:06.4270|INFO|Incoming request GET /_next/static/chunks/node_modules_next_dist_0tt2wve._.js GET /_next/static/chunks/node_modules_next_dist_0tt2wve._.js
2026-04-07 00:30:06.4290|INFO|Incoming request GET /_next/static/chunks/node_modules_next_dist_07p5au~._.js GET /_next/static/chunks/node_modules_next_dist_07p5au~._.js
2026-04-07 00:30:06.4300|INFO|Incoming request GET /next.svg GET /next.svg
2026-04-07 00:30:06.4460|INFO|Incoming request GET /_next/static/chunks/%5Broot-of-the-server%5D__02nfq85._.css GET /_next/static/chunks/%5Broot-of-the-server%5D__02nfq85._.css
2026-04-07 00:30:06.4480|INFO|Incoming request GET /_next/static/chunks/node_modules_next_dist_compiled_next-devtools_index_0553esy.js GET /_next/static/chunks/node_modules_next_dist_compiled_next-devtools_index_0553esy.js
2026-04-07 00:30:06.4490|INFO|Incoming request GET /_next/static/chunks/node_modules_next_dist_compiled_react-dom_058-ah~._.js GET /_next/static/chunks/node_modules_next_dist_compiled_react-dom_058-ah~._.js
2026-04-07 00:30:06.4510|INFO|Incoming request GET /_next/static/chunks/%5Bturbopack%5D_browser_dev_hmr-client_hmr-client_ts_10z625~._.js GET /_next/static/chunks/%5Bturbopack%5D_browser_dev_hmr-client_hmr-client_ts_10z625~._.js
2026-04-07 00:30:06.4900|INFO|Incoming request GET / GET /
2026-04-07 00:30:06.5050|INFO|Incoming request GET /_next/static/chunks/node_modules_next_dist_compiled_react-server-dom-turbopack_0p3wegg._.js GET /_next/static/chunks/node_modules_next_dist_compiled_react-server-dom-turbopack_0p3wegg._.js
2026-04-07 00:30:06.5670|INFO|Incoming request GET /_next/static/chunks/node_modules_next_dist_compiled_0rpq4pf._.js GET /_next/static/chunks/node_modules_next_dist_compiled_0rpq4pf._.js
2026-04-07 00:30:06.6590|INFO|Incoming request GET /_next/static/chunks/node_modules_next_dist_client_0fhqo1d._.js GET /_next/static/chunks/node_modules_next_dist_client_0fhqo1d._.js
2026-04-07 00:30:06.6850|INFO|Incoming request GET /_next/static/chunks/node_modules_next_dist_115brz8._.js GET /_next/static/chunks/node_modules_next_dist_115brz8._.js
2026-04-07 00:30:06.6880|INFO|Incoming request GET /next.svg GET /next.svg
2026-04-07 00:30:06.6890|INFO|Incoming request GET /_next/static/chunks/node_modules_%40swc_helpers_cjs_0-4ujiy._.js GET /_next/static/chunks/node_modules_%40swc_helpers_cjs_0-4ujiy._.js
2026-04-07 00:30:06.6990|INFO|Incoming request GET /_next/static/chunks/%5Broot-of-the-server%5D__02nfq85._.css GET /_next/static/chunks/%5Broot-of-the-server%5D__02nfq85._.css
2026-04-07 00:30:06.7040|INFO|Incoming request GET /_next/static/chunks/node_modules_next_dist_compiled_next-devtools_index_0553esy.js GET /_next/static/chunks/node_modules_next_dist_compiled_next-devtools_index_0553esy.js
2026-04-07 00:30:06.7060|INFO|Incoming request GET /_next/static/chunks/node_modules_next_dist_compiled_react-dom_058-ah~._.js GET /_next/static/chunks/node_modules_next_dist_compiled_react-dom_058-ah~._.js
2026-04-07 00:30:06.7200|INFO|Incoming request GET /_next/static/chunks/%5Bturbopack%5D_browser_dev_hmr-client_hmr-client_ts_10z625~._.js GET /_next/static/chunks/%5Bturbopack%5D_browser_dev_hmr-client_hmr-client_ts_10z625~._.js
2026-04-07 00:30:06.7550|INFO|Incoming request GET / GET /
2026-04-07 00:30:06.7670|INFO|Incoming request GET /_next/static/chunks/node_modules_next_dist_compiled_react-server-dom-turbopack_0p3wegg._.js GET /_next/static/chunks/node_modules_next_dist_compiled_react-server-dom-turbopack_0p3wegg._.js
2026-04-07 00:30:06.7710|INFO|Incoming request GET /_next/static/chunks/node_modules_next_dist_compiled_0rpq4pf._.js GET /_next/static/chunks/node_modules_next_dist_compiled_0rpq4pf._.js
2026-04-07 00:30:06.9250|INFO|Incoming request GET /_next/static/chunks/node_modules_next_dist_client_0fhqo1d._.js GET /_next/static/chunks/node_modules_next_dist_client_0fhqo1d._.js
2026-04-07 00:30:06.9540|INFO|Incoming request GET /_next/static/chunks/node_modules_next_dist_115brz8._.js GET /_next/static/chunks/node_modules_next_dist_115brz8._.js
2026-04-07 00:30:06.9560|INFO|Incoming request GET /_next/static/chunks/node_modules_%40swc_helpers_cjs_0-4ujiy._.js GET /_next/static/chunks/node_modules_%40swc_helpers_cjs_0-4ujiy._.js
2026-04-07 00:30:06.9580|INFO|Incoming request GET /next.svg GET /next.svg
2026-04-07 00:30:06.9660|INFO|Incoming request GET /_next/static/chunks/%5Broot-of-the-server%5D__02nfq85._.css GET /_next/static/chunks/%5Broot-of-the-server%5D__02nfq85._.css
2026-04-07 00:30:06.9670|INFO|Incoming request GET /_next/static/chunks/node_modules_next_dist_compiled_next-devtools_index_0553esy.js GET /_next/static/chunks/node_modules_next_dist_compiled_next-devtools_index_0553esy.js
2026-04-07 00:30:06.9690|INFO|Incoming request GET /_next/static/chunks/node_modules_next_dist_compiled_react-dom_058-ah~._.js GET /_next/static/chunks/node_modules_next_dist_compiled_react-dom_058-ah~._.js
2026-04-07 00:30:06.9710|INFO|Incoming request GET /_next/static/chunks/%5Bturbopack%5D_browser_dev_hmr-client_hmr-client_ts_10z625~._.js GET /_next/static/chunks/%5Bturbopack%5D_browser_dev_hmr-client_hmr-client_ts_10z625~._.js
2026-04-07 00:30:07.0220|INFO|Incoming request GET / GET /
2026-04-07 00:30:07.0330|INFO|Incoming request GET /_next/static/chunks/node_modules_next_dist_compiled_react-server-dom-turbopack_0p3wegg._.js GET /_next/static/chunks/node_modules_next_dist_compiled_react-server-dom-turbopack_0p3wegg._.js
2026-04-07 00:30:07.0390|INFO|Incoming request GET /_next/static/chunks/node_modules_next_dist_compiled_0rpq4pf._.js GET /_next/static/chunks/node_modules_next_dist_compiled_0rpq4pf._.js
2026-04-07 00:30:07.2270|INFO|Incoming request GET /_next/static/chunks/node_modules_next_dist_client_0fhqo1d._.js GET /_next/static/chunks/node_modules_next_dist_client_0fhqo1d._.js
2026-04-07 00:30:07.2390|INFO|Incoming request GET /_next/static/chunks/node_modules_next_dist_115brz8._.js GET /_next/static/chunks/node_modules_next_dist_115brz8._.js
2026-04-07 00:30:07.2510|INFO|Incoming request GET /_next/static/chunks/node_modules_%40swc_helpers_cjs_0-4ujiy._.js GET /_next/static/chunks/node_modules_%40swc_helpers_cjs_0-4ujiy._.js
2026-04-07 00:30:07.2540|INFO|Incoming request GET /next.svg GET /next.svg
2026-04-07 00:30:07.2630|INFO|Incoming request GET /_next/static/chunks/%5Broot-of-the-server%5D__02nfq85._.css GET /_next/static/chunks/%5Broot-of-the-server%5D__02nfq85._.css
2026-04-07 00:30:07.2650|INFO|Incoming request GET /_next/static/chunks/node_modules_next_dist_compiled_next-devtools_index_0553esy.js GET /_next/static/chunks/node_modules_next_dist_compiled_next-devtools_index_0553esy.js
2026-04-07 00:30:07.2810|INFO|Incoming request GET /_next/static/chunks/node_modules_next_dist_compiled_react-dom_058-ah~._.js GET /_next/static/chunks/node_modules_next_dist_compiled_react-dom_058-ah~._.js
2026-04-07 00:30:07.3070|INFO|Incoming request GET /_next/static/chunks/%5Bturbopack%5D_browser_dev_hmr-client_hmr-client_ts_10z625~._.js GET /_next/static/chunks/%5Bturbopack%5D_browser_dev_hmr-client_hmr-client_ts_10z625~._.js
2026-04-07 00:30:07.3340|INFO|Incoming request GET /_next/static/chunks/node_modules_next_dist_compiled_react-server-dom-turbopack_0p3wegg._.js GET /_next/static/chunks/node_modules_next_dist_compiled_react-server-dom-turbopack_0p3wegg._.js
2026-04-07 00:30:07.3560|INFO|Incoming request GET /_next/static/chunks/node_modules_next_dist_compiled_0rpq4pf._.js GET /_next/static/chunks/node_modules_next_dist_compiled_0rpq4pf._.js
2026-04-07 00:30:07.6180|INFO|Incoming request GET /_next/static/chunks/node_modules_next_dist_client_0fhqo1d._.js GET /_next/static/chunks/node_modules_next_dist_client_0fhqo1d._.js
2026-04-07 00:30:07.6390|INFO|Incoming request GET /_next/static/chunks/node_modules_next_dist_115brz8._.js GET /_next/static/chunks/node_modules_next_dist_115brz8._.js
2026-04-07 00:30:07.6550|INFO|Incoming request GET /_next/static/chunks/node_modules_%40swc_helpers_cjs_0-4ujiy._.js GET /_next/static/chunks/node_modules_%40swc_helpers_cjs_0-4ujiy._.js
2026-04-07 00:30:07.7000|INFO|Incoming request GET / GET /
2026-04-07 00:30:07.8350|INFO|Incoming request GET /_next/static/chunks/_0rqeker._.js GET /_next/static/chunks/_0rqeker._.js
2026-04-07 00:30:07.8920|INFO|Incoming request GET /_next/static/chunks/turbopack-_0p44nws._.js GET /_next/static/chunks/turbopack-_0p44nws._.js
2026-04-07 00:30:07.9300|INFO|Incoming request GET /_next/static/chunks/node_modules_next_dist_0tt2wve._.js GET /_next/static/chunks/node_modules_next_dist_0tt2wve._.js
2026-04-07 00:30:07.9330|INFO|Incoming request GET /next.svg GET /next.svg
2026-04-07 00:30:07.9440|INFO|Incoming request GET /_next/static/chunks/%5Broot-of-the-server%5D__02nfq85._.css GET /_next/static/chunks/%5Broot-of-the-server%5D__02nfq85._.css
2026-04-07 00:30:07.9460|INFO|Incoming request GET /_next/static/chunks/node_modules_next_dist_compiled_next-devtools_index_0553esy.js GET /_next/static/chunks/node_modules_next_dist_compiled_next-devtools_index_0553esy.js
2026-04-07 00:30:07.9580|INFO|Incoming request GET /_next/static/chunks/node_modules_next_dist_compiled_react-dom_058-ah~._.js GET /_next/static/chunks/node_modules_next_dist_compiled_react-dom_058-ah~._.js
2026-04-07 00:30:07.9630|INFO|Incoming request GET /_next/static/chunks/%5Bturbopack%5D_browser_dev_hmr-client_hmr-client_ts_10z625~._.js GET /_next/static/chunks/%5Bturbopack%5D_browser_dev_hmr-client_hmr-client_ts_10z625~._.js
2026-04-07 00:30:07.9900|INFO|Incoming request GET / GET /
2026-04-07 00:30:08.0050|INFO|Incoming request GET /_next/static/chunks/node_modules_next_dist_compiled_react-server-dom-turbopack_0p3wegg._.js GET /_next/static/chunks/node_modules_next_dist_compiled_react-server-dom-turbopack_0p3wegg._.js
2026-04-07 00:30:08.1050|INFO|Incoming request GET /_next/static/chunks/node_modules_next_dist_compiled_0rpq4pf._.js GET /_next/static/chunks/node_modules_next_dist_compiled_0rpq4pf._.js
2026-04-07 00:30:08.2040|INFO|Incoming request GET /_next/static/chunks/node_modules_next_dist_client_0fhqo1d._.js GET /_next/static/chunks/node_modules_next_dist_client_0fhqo1d._.js
2026-04-07 00:30:08.2220|INFO|Incoming request GET /_next/static/chunks/node_modules_next_dist_115brz8._.js GET /_next/static/chunks/node_modules_next_dist_115brz8._.js
2026-04-07 00:30:08.2240|INFO|Incoming request GET /_next/static/chunks/node_modules_%40swc_helpers_cjs_0-4ujiy._.js GET /_next/static/chunks/node_modules_%40swc_helpers_cjs_0-4ujiy._.js
2026-04-07 00:30:08.2250|INFO|Incoming request GET /_next/static/chunks/node_modules_next_dist_0tt2wve._.js GET /_next/static/chunks/node_modules_next_dist_0tt2wve._.js
2026-04-07 00:30:08.2270|INFO|Incoming request GET /_next/static/chunks/node_modules_next_dist_07p5au~._.js GET /_next/static/chunks/node_modules_next_dist_07p5au~._.js
2026-04-07 00:30:08.2430|INFO|Incoming request GET /next.svg GET /next.svg
2026-04-07 00:30:08.2450|INFO|Incoming request GET / GET /
2026-04-07 00:30:08.2470|INFO|Incoming request GET /_next/static/chunks/node_modules_next_dist_compiled_next-devtools_index_0553esy.js GET /_next/static/chunks/node_modules_next_dist_compiled_next-devtools_index_0553esy.js
2026-04-07 00:30:08.2510|INFO|Incoming request GET /_next/static/chunks/node_modules_next_dist_compiled_react-dom_058-ah~._.js GET /_next/static/chunks/node_modules_next_dist_compiled_react-dom_058-ah~._.js
2026-04-07 00:30:08.2550|INFO|Incoming request GET /_next/static/chunks/%5Broot-of-the-server%5D__02nfq85._.css GET /_next/static/chunks/%5Broot-of-the-server%5D__02nfq85._.css
2026-04-07 00:30:08.4000|INFO|Incoming request GET /_next/static/chunks/%5Bturbopack%5D_browser_dev_hmr-client_hmr-client_ts_10z625~._.js GET /_next/static/chunks/%5Bturbopack%5D_browser_dev_hmr-client_hmr-client_ts_10z625~._.js
2026-04-07 00:30:08.4820|INFO|Incoming request GET /_next/static/chunks/node_modules_next_dist_compiled_react-server-dom-turbopack_0p3wegg._.js GET /_next/static/chunks/node_modules_next_dist_compiled_react-server-dom-turbopack_0p3wegg._.js
2026-04-07 00:30:08.4850|INFO|Incoming request GET /_next/static/chunks/node_modules_next_dist_compiled_0rpq4pf._.js GET /_next/static/chunks/node_modules_next_dist_compiled_0rpq4pf._.js
2026-04-07 00:30:08.4870|INFO|Incoming request GET /_next/static/chunks/node_modules_next_dist_client_0fhqo1d._.js GET /_next/static/chunks/node_modules_next_dist_client_0fhqo1d._.js
2026-04-07 00:30:08.5000|INFO|Incoming request GET /_next/static/chunks/node_modules_%40swc_helpers_cjs_0-4ujiy._.js GET /_next/static/chunks/node_modules_%40swc_helpers_cjs_0-4ujiy._.js
2026-04-07 00:30:08.5030|INFO|Incoming request GET /next.svg GET /next.svg
2026-04-07 00:30:08.5060|INFO|Incoming request GET / GET /
2026-04-07 00:30:08.5170|INFO|Incoming request GET /_next/static/chunks/%5Bturbopack%5D_browser_dev_hmr-client_hmr-client_ts_10z625~._.js GET /_next/static/chunks/%5Bturbopack%5D_browser_dev_hmr-client_hmr-client_ts_10z625~._.js
2026-04-07 00:30:08.5200|INFO|Incoming request GET /_next/static/chunks/node_modules_next_dist_compiled_next-devtools_index_0553esy.js GET /_next/static/chunks/node_modules_next_dist_compiled_next-devtools_index_0553esy.js
2026-04-07 00:30:08.5230|INFO|Incoming request GET /_next/static/chunks/node_modules_next_dist_compiled_react-dom_058-ah~._.js GET /_next/static/chunks/node_modules_next_dist_compiled_react-dom_058-ah~._.js
2026-04-07 00:30:08.6840|INFO|Incoming request GET /_next/static/chunks/%5Broot-of-the-server%5D__02nfq85._.css GET /_next/static/chunks/%5Broot-of-the-server%5D__02nfq85._.css
2026-04-07 00:30:08.8020|INFO|Incoming request GET /_next/static/chunks/node_modules_next_dist_compiled_react-server-dom-turbopack_0p3wegg._.js GET /_next/static/chunks/node_modules_next_dist_compiled_react-server-dom-turbopack_0p3wegg._.js
2026-04-07 00:30:08.8060|INFO|Incoming request GET /_next/static/chunks/node_modules_next_dist_compiled_0rpq4pf._.js GET /_next/static/chunks/node_modules_next_dist_compiled_0rpq4pf._.js
2026-04-07 00:30:08.8090|INFO|Incoming request GET /_next/static/chunks/node_modules_%40swc_helpers_cjs_0-4ujiy._.js GET /_next/static/chunks/node_modules_%40swc_helpers_cjs_0-4ujiy._.js
2026-04-07 00:30:08.8130|INFO|Incoming request GET /_next/static/chunks/node_modules_next_dist_0tt2wve._.js GET /_next/static/chunks/node_modules_next_dist_0tt2wve._.js
2026-04-07 00:30:08.8160|INFO|Incoming request GET /_next/static/chunks/src_app_page_tsx_002ye8~._.js GET /_next/static/chunks/src_app_page_tsx_002ye8~._.js
2026-04-07 00:30:08.8170|INFO|Incoming request GET /next.svg GET /next.svg
2026-04-07 00:30:08.8310|INFO|Incoming request GET /_next/static/chunks/%5Broot-of-the-server%5D__02nfq85._.css GET /_next/static/chunks/%5Broot-of-the-server%5D__02nfq85._.css
2026-04-07 00:30:08.8350|INFO|Incoming request GET /_next/static/chunks/%5Bturbopack%5D_browser_dev_hmr-client_hmr-client_ts_10z625~._.js GET /_next/static/chunks/%5Bturbopack%5D_browser_dev_hmr-client_hmr-client_ts_10z625~._.js
2026-04-07 00:30:08.8380|INFO|Incoming request GET /_next/static/chunks/node_modules_next_dist_compiled_next-devtools_index_0553esy.js GET /_next/static/chunks/node_modules_next_dist_compiled_next-devtools_index_0553esy.js
2026-04-07 00:30:08.8410|INFO|Incoming request GET /_next/static/chunks/node_modules_next_dist_compiled_react-dom_058-ah~._.js GET /_next/static/chunks/node_modules_next_dist_compiled_react-dom_058-ah~._.js
2026-04-07 00:30:08.8850|INFO|Incoming request GET /_next/static/chunks/node_modules_next_dist_compiled_react-server-dom-turbopack_0p3wegg._.js GET /_next/static/chunks/node_modules_next_dist_compiled_react-server-dom-turbopack_0p3wegg._.js
2026-04-07 00:30:08.9180|INFO|Incoming request GET / GET /
2026-04-07 00:30:08.9350|INFO|Incoming request GET /_next/static/chunks/node_modules_next_dist_compiled_0rpq4pf._.js GET /_next/static/chunks/node_modules_next_dist_compiled_0rpq4pf._.js
2026-04-07 00:30:09.0160|INFO|Incoming request GET /_next/static/chunks/node_modules_next_dist_client_0fhqo1d._.js GET /_next/static/chunks/node_modules_next_dist_client_0fhqo1d._.js
2026-04-07 00:30:09.1400|INFO|Incoming request GET /_next/static/chunks/node_modules_next_dist_115brz8._.js GET /_next/static/chunks/node_modules_next_dist_115brz8._.js
2026-04-07 00:30:09.1850|INFO|Incoming request GET /_next/static/chunks/node_modules_%40swc_helpers_cjs_0-4ujiy._.js GET /_next/static/chunks/node_modules_%40swc_helpers_cjs_0-4ujiy._.js
2026-04-07 00:30:09.1880|INFO|Incoming request GET /_next/static/chunks/turbopack-_0p44nws._.js GET /_next/static/chunks/turbopack-_0p44nws._.js
2026-04-07 00:30:09.1910|INFO|Incoming request GET /_next/static/chunks/src_app_layout_tsx_004glpo._.js GET /_next/static/chunks/src_app_layout_tsx_004glpo._.js
2026-04-07 00:30:09.1940|INFO|Incoming request GET /_next/static/chunks/src_app_page_tsx_002ye8~._.js GET /_next/static/chunks/src_app_page_tsx_002ye8~._.js
2026-04-07 00:30:09.1980|INFO|Incoming request GET /next.svg GET /next.svg
2026-04-07 00:30:09.2070|INFO|Incoming request GET /_next/static/chunks/%5Broot-of-the-server%5D__02nfq85._.css GET /_next/static/chunks/%5Broot-of-the-server%5D__02nfq85._.css
2026-04-07 00:30:09.2090|INFO|Incoming request GET /_next/static/chunks/node_modules_next_dist_compiled_next-devtools_index_0553esy.js GET /_next/static/chunks/node_modules_next_dist_compiled_next-devtools_index_0553esy.js
2026-04-07 00:30:09.2120|INFO|Incoming request GET /_next/static/chunks/%5Bturbopack%5D_browser_dev_hmr-client_hmr-client_ts_10z625~._.js GET /_next/static/chunks/%5Bturbopack%5D_browser_dev_hmr-client_hmr-client_ts_10z625~._.js
2026-04-07 00:30:09.2150|INFO|Incoming request GET /_next/static/chunks/node_modules_next_dist_compiled_react-dom_058-ah~._.js GET /_next/static/chunks/node_modules_next_dist_compiled_react-dom_058-ah~._.js
2026-04-07 00:30:09.2560|INFO|Incoming request GET / GET /
2026-04-07 00:30:09.2690|INFO|Incoming request GET /_next/static/chunks/node_modules_next_dist_compiled_react-server-dom-turbopack_0p3wegg._.js GET /_next/static/chunks/node_modules_next_dist_compiled_react-server-dom-turbopack_0p3wegg._.js
2026-04-07 00:30:09.2720|INFO|Incoming request GET /_next/static/chunks/node_modules_next_dist_compiled_0rpq4pf._.js GET /_next/static/chunks/node_modules_next_dist_compiled_0rpq4pf._.js
2026-04-07 00:30:09.4520|INFO|Incoming request GET /_next/static/chunks/node_modules_next_dist_client_0fhqo1d._.js GET /_next/static/chunks/node_modules_next_dist_client_0fhqo1d._.js
2026-04-07 00:30:09.4760|INFO|Incoming request GET /_next/static/chunks/node_modules_next_dist_115brz8._.js GET /_next/static/chunks/node_modules_next_dist_115brz8._.js
2026-04-07 00:30:09.4800|INFO|Incoming request GET /_next/static/chunks/node_modules_%40swc_helpers_cjs_0-4ujiy._.js GET /_next/static/chunks/node_modules_%40swc_helpers_cjs_0-4ujiy._.js
2026-04-07 00:30:09.4830|INFO|Incoming request GET /next.svg GET /next.svg
2026-04-07 00:30:09.4920|INFO|Incoming request GET /_next/static/chunks/%5Broot-of-the-server%5D__02nfq85._.css GET /_next/static/chunks/%5Broot-of-the-server%5D__02nfq85._.css
2026-04-07 00:30:09.4960|INFO|Incoming request GET /_next/static/chunks/node_modules_next_dist_compiled_next-devtools_index_0553esy.js GET /_next/static/chunks/node_modules_next_dist_compiled_next-devtools_index_0553esy.js
2026-04-07 00:30:09.5000|INFO|Incoming request GET /_next/static/chunks/node_modules_next_dist_compiled_react-dom_058-ah~._.js GET /_next/static/chunks/node_modules_next_dist_compiled_react-dom_058-ah~._.js
2026-04-07 00:30:09.5030|INFO|Incoming request GET /_next/static/chunks/%5Bturbopack%5D_browser_dev_hmr-client_hmr-client_ts_10z625~._.js GET /_next/static/chunks/%5Bturbopack%5D_browser_dev_hmr-client_hmr-client_ts_10z625~._.js
2026-04-07 00:30:09.5570|INFO|Incoming request GET /_next/static/chunks/node_modules_next_dist_compiled_react-server-dom-turbopack_0p3wegg._.js GET /_next/static/chunks/node_modules_next_dist_compiled_react-server-dom-turbopack_0p3wegg._.js
2026-04-07 00:30:09.5720|INFO|Incoming request GET /_next/static/chunks/node_modules_next_dist_compiled_0rpq4pf._.js GET /_next/static/chunks/node_modules_next_dist_compiled_0rpq4pf._.js
2026-04-07 00:30:09.5750|INFO|Incoming request GET /_next/static/chunks/node_modules_next_dist_client_0fhqo1d._.js GET /_next/static/chunks/node_modules_next_dist_client_0fhqo1d._.js
2026-04-07 00:30:09.6410|INFO|Incoming request GET /_next/static/chunks/node_modules_next_dist_115brz8._.js GET /_next/static/chunks/node_modules_next_dist_115brz8._.js
2026-04-07 00:30:09.6740|INFO|Incoming request GET /_next/static/chunks/node_modules_%40swc_helpers_cjs_0-4ujiy._.js GET /_next/static/chunks/node_modules_%40swc_helpers_cjs_0-4ujiy._.js
2026-04-07 00:30:09.7420|INFO|Incoming request GET / GET /
2026-04-07 00:30:09.9350|INFO|Incoming request GET /_next/static/chunks/_0rqeker._.js GET /_next/static/chunks/_0rqeker._.js
2026-04-07 00:30:09.9750|INFO|Incoming request GET /_next/static/chunks/turbopack-_0p44nws._.js GET /_next/static/chunks/turbopack-_0p44nws._.js
2026-04-07 00:30:10.0190|INFO|Incoming request GET /_next/static/chunks/node_modules_next_dist_0tt2wve._.js GET /_next/static/chunks/node_modules_next_dist_0tt2wve._.js
2026-04-07 00:30:10.0230|INFO|Incoming request GET /next.svg GET /next.svg
2026-04-07 00:30:10.0380|INFO|Incoming request GET /_next/static/chunks/%5Broot-of-the-server%5D__02nfq85._.css GET /_next/static/chunks/%5Broot-of-the-server%5D__02nfq85._.css
2026-04-07 00:30:10.0400|INFO|Incoming request GET /_next/static/chunks/node_modules_next_dist_compiled_next-devtools_index_0553esy.js GET /_next/static/chunks/node_modules_next_dist_compiled_next-devtools_index_0553esy.js
2026-04-07 00:30:10.0420|INFO|Incoming request GET /_next/static/chunks/node_modules_next_dist_compiled_react-dom_058-ah~._.js GET /_next/static/chunks/node_modules_next_dist_compiled_react-dom_058-ah~._.js
2026-04-07 00:30:10.0460|INFO|Incoming request GET /_next/static/chunks/%5Bturbopack%5D_browser_dev_hmr-client_hmr-client_ts_10z625~._.js GET /_next/static/chunks/%5Bturbopack%5D_browser_dev_hmr-client_hmr-client_ts_10z625~._.js
2026-04-07 00:30:10.0960|INFO|Incoming request GET /_next/static/chunks/node_modules_next_dist_compiled_react-server-dom-turbopack_0p3wegg._.js GET /_next/static/chunks/node_modules_next_dist_compiled_react-server-dom-turbopack_0p3wegg._.js
2026-04-07 00:30:10.1090|INFO|Incoming request GET /_next/static/chunks/node_modules_next_dist_compiled_0rpq4pf._.js GET /_next/static/chunks/node_modules_next_dist_compiled_0rpq4pf._.js
2026-04-07 00:30:10.1190|INFO|Incoming request GET /_next/static/chunks/node_modules_next_dist_client_0fhqo1d._.js GET /_next/static/chunks/node_modules_next_dist_client_0fhqo1d._.js
2026-04-07 00:30:10.1490|INFO|Incoming request GET / GET /
2026-04-07 00:30:10.1700|INFO|Incoming request GET /_next/static/chunks/node_modules_next_dist_115brz8._.js GET /_next/static/chunks/node_modules_next_dist_115brz8._.js
2026-04-07 00:30:10.2250|INFO|Incoming request GET /_next/static/chunks/node_modules_%40swc_helpers_cjs_0-4ujiy._.js GET /_next/static/chunks/node_modules_%40swc_helpers_cjs_0-4ujiy._.js
2026-04-07 00:30:10.3290|INFO|Incoming request GET /_next/static/chunks/_0rqeker._.js GET /_next/static/chunks/_0rqeker._.js
2026-04-07 00:30:10.3560|INFO|Incoming request GET /_next/static/chunks/turbopack-_0p44nws._.js GET /_next/static/chunks/turbopack-_0p44nws._.js
2026-04-07 00:30:10.3750|INFO|Incoming request GET /_next/static/chunks/node_modules_next_dist_0tt2wve._.js GET /_next/static/chunks/node_modules_next_dist_0tt2wve._.js
2026-04-07 00:30:10.3820|INFO|Incoming request GET /_next/static/chunks/src_app_layout_tsx_004glpo._.js GET /_next/static/chunks/src_app_layout_tsx_004glpo._.js
2026-04-07 00:30:10.3840|INFO|Incoming request GET /next.svg GET /next.svg
2026-04-07 00:30:10.3920|INFO|Incoming request GET /_next/static/chunks/%5Broot-of-the-server%5D__02nfq85._.css GET /_next/static/chunks/%5Broot-of-the-server%5D__02nfq85._.css
2026-04-07 00:30:10.3950|INFO|Incoming request GET /_next/static/chunks/node_modules_next_dist_compiled_next-devtools_index_0553esy.js GET /_next/static/chunks/node_modules_next_dist_compiled_next-devtools_index_0553esy.js
2026-04-07 00:30:10.3970|INFO|Incoming request GET /_next/static/chunks/node_modules_next_dist_compiled_react-dom_058-ah~._.js GET /_next/static/chunks/node_modules_next_dist_compiled_react-dom_058-ah~._.js
2026-04-07 00:30:10.4000|INFO|Incoming request GET /_next/static/chunks/%5Bturbopack%5D_browser_dev_hmr-client_hmr-client_ts_10z625~._.js GET /_next/static/chunks/%5Bturbopack%5D_browser_dev_hmr-client_hmr-client_ts_10z625~._.js
2026-04-07 00:30:10.4710|INFO|Incoming request GET / GET /
2026-04-07 00:30:10.4870|INFO|Incoming request GET /_next/static/chunks/node_modules_next_dist_compiled_react-server-dom-turbopack_0p3wegg._.js GET /_next/static/chunks/node_modules_next_dist_compiled_react-server-dom-turbopack_0p3wegg._.js
2026-04-07 00:30:10.4980|INFO|Incoming request GET /_next/static/chunks/node_modules_next_dist_compiled_0rpq4pf._.js GET /_next/static/chunks/node_modules_next_dist_compiled_0rpq4pf._.js
2026-04-07 00:30:10.6840|INFO|Incoming request GET /_next/static/chunks/node_modules_next_dist_client_0fhqo1d._.js GET /_next/static/chunks/node_modules_next_dist_client_0fhqo1d._.js
2026-04-07 00:30:10.7000|INFO|Incoming request GET /_next/static/chunks/node_modules_next_dist_115brz8._.js GET /_next/static/chunks/node_modules_next_dist_115brz8._.js
2026-04-07 00:30:10.7080|INFO|Incoming request GET /_next/static/chunks/node_modules_%40swc_helpers_cjs_0-4ujiy._.js GET /_next/static/chunks/node_modules_%40swc_helpers_cjs_0-4ujiy._.js
2026-04-07 00:30:10.7120|INFO|Incoming request GET /_next/static/chunks/_0rqeker._.js GET /_next/static/chunks/_0rqeker._.js
2026-04-07 00:30:10.7140|INFO|Incoming request GET /next.svg GET /next.svg
2026-04-07 00:30:10.7190|INFO|Incoming request GET /_next/static/chunks/node_modules_next_dist_compiled_next-devtools_index_0553esy.js GET /_next/static/chunks/node_modules_next_dist_compiled_next-devtools_index_0553esy.js
2026-04-07 00:30:10.7210|INFO|Incoming request GET /_next/static/chunks/%5Broot-of-the-server%5D__02nfq85._.css GET /_next/static/chunks/%5Broot-of-the-server%5D__02nfq85._.css
2026-04-07 00:30:10.7230|INFO|Incoming request GET /_next/static/chunks/node_modules_next_dist_compiled_react-dom_058-ah~._.js GET /_next/static/chunks/node_modules_next_dist_compiled_react-dom_058-ah~._.js
2026-04-07 00:30:10.7240|INFO|Incoming request GET /_next/static/chunks/%5Bturbopack%5D_browser_dev_hmr-client_hmr-client_ts_10z625~._.js GET /_next/static/chunks/%5Bturbopack%5D_browser_dev_hmr-client_hmr-client_ts_10z625~._.js
2026-04-07 00:30:10.7740|INFO|Incoming request GET /_next/static/chunks/node_modules_next_dist_compiled_react-server-dom-turbopack_0p3wegg._.js GET /_next/static/chunks/node_modules_next_dist_compiled_react-server-dom-turbopack_0p3wegg._.js
2026-04-07 00:30:10.7860|INFO|Incoming request GET /_next/static/chunks/node_modules_next_dist_compiled_0rpq4pf._.js GET /_next/static/chunks/node_modules_next_dist_compiled_0rpq4pf._.js
2026-04-07 00:30:10.7930|INFO|Incoming request GET /_next/static/chunks/node_modules_next_dist_client_0fhqo1d._.js GET /_next/static/chunks/node_modules_next_dist_client_0fhqo1d._.js
2026-04-07 00:30:10.8580|INFO|Incoming request GET /_next/static/chunks/node_modules_next_dist_115brz8._.js GET /_next/static/chunks/node_modules_next_dist_115brz8._.js
2026-04-07 00:30:10.8740|INFO|Incoming request GET /_next/static/chunks/node_modules_%40swc_helpers_cjs_0-4ujiy._.js GET /_next/static/chunks/node_modules_%40swc_helpers_cjs_0-4ujiy._.js
2026-04-07 00:30:10.8880|INFO|Incoming request GET /_next/static/chunks/_0rqeker._.js GET /_next/static/chunks/_0rqeker._.js
2026-04-07 00:30:10.9620|INFO|Incoming request GET / GET /
2026-04-07 00:30:10.9660|INFO|Incoming request GET /_next/static/chunks/turbopack-_0p44nws._.js GET /_next/static/chunks/turbopack-_0p44nws._.js
2026-04-07 00:30:10.9830|INFO|Incoming request GET /_next/static/chunks/node_modules_next_dist_0tt2wve._.js GET /_next/static/chunks/node_modules_next_dist_0tt2wve._.js
2026-04-07 00:30:11.1100|INFO|Incoming request GET /_next/static/chunks/src_app_layout_tsx_004glpo._.js GET /_next/static/chunks/src_app_layout_tsx_004glpo._.js
2026-04-07 00:30:11.1440|INFO|Incoming request GET /_next/static/chunks/node_modules_next_dist_07p5au~._.js GET /_next/static/chunks/node_modules_next_dist_07p5au~._.js
2026-04-07 00:30:11.1460|INFO|Incoming request GET /_next/static/chunks/src_app_page_tsx_002ye8~._.js GET /_next/static/chunks/src_app_page_tsx_002ye8~._.js
2026-04-07 00:30:11.1480|INFO|Incoming request GET /next.svg GET /next.svg
2026-04-07 00:30:11.1540|INFO|Incoming request GET /_next/static/chunks/%5Broot-of-the-server%5D__02nfq85._.css GET /_next/static/chunks/%5Broot-of-the-server%5D__02nfq85._.css
2026-04-07 00:30:11.1560|INFO|Incoming request GET /_next/static/chunks/node_modules_next_dist_compiled_react-dom_058-ah~._.js GET /_next/static/chunks/node_modules_next_dist_compiled_react-dom_058-ah~._.js
2026-04-07 00:30:11.1570|INFO|Incoming request GET /_next/static/chunks/%5Bturbopack%5D_browser_dev_hmr-client_hmr-client_ts_10z625~._.js GET /_next/static/chunks/%5Bturbopack%5D_browser_dev_hmr-client_hmr-client_ts_10z625~._.js
2026-04-07 00:30:11.1590|INFO|Incoming request GET /_next/static/chunks/node_modules_next_dist_compiled_next-devtools_index_0553esy.js GET /_next/static/chunks/node_modules_next_dist_compiled_next-devtools_index_0553esy.js
2026-04-07 00:30:11.2060|INFO|Incoming request GET /_next/static/chunks/node_modules_next_dist_compiled_react-server-dom-turbopack_0p3wegg._.js GET /_next/static/chunks/node_modules_next_dist_compiled_react-server-dom-turbopack_0p3wegg._.js
2026-04-07 00:30:11.2160|INFO|Incoming request GET /_next/static/chunks/node_modules_next_dist_compiled_0rpq4pf._.js GET /_next/static/chunks/node_modules_next_dist_compiled_0rpq4pf._.js
2026-04-07 00:30:11.2180|INFO|Incoming request GET /_next/static/chunks/node_modules_next_dist_client_0fhqo1d._.js GET /_next/static/chunks/node_modules_next_dist_client_0fhqo1d._.js
2026-04-07 00:30:11.2200|INFO|Incoming request GET /_next/static/chunks/node_modules_next_dist_115brz8._.js GET /_next/static/chunks/node_modules_next_dist_115brz8._.js
2026-04-07 00:30:11.2820|INFO|Incoming request GET /_next/static/chunks/node_modules_%40swc_helpers_cjs_0-4ujiy._.js GET /_next/static/chunks/node_modules_%40swc_helpers_cjs_0-4ujiy._.js
2026-04-07 00:30:11.2850|INFO|Incoming request GET /_next/static/chunks/_0rqeker._.js GET /_next/static/chunks/_0rqeker._.js
2026-04-07 00:30:11.3000|INFO|Incoming request GET /_next/static/chunks/turbopack-_0p44nws._.js GET /_next/static/chunks/turbopack-_0p44nws._.js
2026-04-07 00:30:11.3090|INFO|Incoming request GET /_next/static/chunks/node_modules_next_dist_0tt2wve._.js GET /_next/static/chunks/node_modules_next_dist_0tt2wve._.js
2026-04-07 00:30:11.3400|INFO|Incoming request GET / GET /
2026-04-07 00:30:11.3480|INFO|Incoming request GET /_next/static/chunks/src_app_layout_tsx_004glpo._.js GET /_next/static/chunks/src_app_layout_tsx_004glpo._.js
2026-04-07 00:30:11.4930|INFO|Incoming request GET /_next/static/chunks/node_modules_next_dist_07p5au~._.js GET /_next/static/chunks/node_modules_next_dist_07p5au~._.js
2026-04-07 00:30:11.5280|INFO|Incoming request GET /_next/static/chunks/src_app_page_tsx_002ye8~._.js GET /_next/static/chunks/src_app_page_tsx_002ye8~._.js
2026-04-07 00:30:11.5390|INFO|Incoming request GET /_next/static/chunks/node_modules_next_dist_client_components_builtin_global-error_002ye8~.js GET /_next/static/chunks/node_modules_next_dist_client_components_builtin_global-error_002ye8~.js
2026-04-07 00:30:11.5490|INFO|Incoming request GET /next.svg GET /next.svg
2026-04-07 00:30:11.5650|INFO|Incoming request GET /_next/static/chunks/%5Broot-of-the-server%5D__02nfq85._.css GET /_next/static/chunks/%5Broot-of-the-server%5D__02nfq85._.css
2026-04-07 00:30:11.5680|INFO|Incoming request GET / GET /
2026-04-07 00:30:11.5700|INFO|Incoming request GET /_next/static/chunks/node_modules_next_dist_compiled_react-dom_058-ah~._.js GET /_next/static/chunks/node_modules_next_dist_compiled_react-dom_058-ah~._.js
2026-04-07 00:30:11.5720|INFO|Incoming request GET /_next/static/chunks/%5Bturbopack%5D_browser_dev_hmr-client_hmr-client_ts_10z625~._.js GET /_next/static/chunks/%5Bturbopack%5D_browser_dev_hmr-client_hmr-client_ts_10z625~._.js
2026-04-07 00:30:11.7040|INFO|Incoming request GET /_next/static/chunks/node_modules_next_dist_compiled_next-devtools_index_0553esy.js GET /_next/static/chunks/node_modules_next_dist_compiled_next-devtools_index_0553esy.js
2026-04-07 00:30:11.7300|INFO|Incoming request GET /_next/static/chunks/node_modules_next_dist_compiled_react-server-dom-turbopack_0p3wegg._.js GET /_next/static/chunks/node_modules_next_dist_compiled_react-server-dom-turbopack_0p3wegg._.js
2026-04-07 00:30:11.7490|INFO|Incoming request GET /_next/static/chunks/node_modules_next_dist_compiled_0rpq4pf._.js GET /_next/static/chunks/node_modules_next_dist_compiled_0rpq4pf._.js
2026-04-07 00:30:11.7890|INFO|Incoming request GET /_next/static/chunks/node_modules_next_dist_client_0fhqo1d._.js GET /_next/static/chunks/node_modules_next_dist_client_0fhqo1d._.js
2026-04-07 00:30:11.8050|INFO|Incoming request GET /next.svg GET /next.svg
2026-04-07 00:30:11.8080|INFO|Incoming request GET /_next/static/chunks/%5Broot-of-the-server%5D__02nfq85._.css GET /_next/static/chunks/%5Broot-of-the-server%5D__02nfq85._.css
2026-04-07 00:30:11.8120|INFO|Incoming request GET /_next/static/chunks/node_modules_next_dist_compiled_next-devtools_index_0553esy.js GET /_next/static/chunks/node_modules_next_dist_compiled_next-devtools_index_0553esy.js
2026-04-07 00:30:11.8140|INFO|Incoming request GET /_next/static/chunks/node_modules_next_dist_compiled_react-dom_058-ah~._.js GET /_next/static/chunks/node_modules_next_dist_compiled_react-dom_058-ah~._.js
2026-04-07 00:30:11.8160|INFO|Incoming request GET /_next/static/chunks/node_modules_next_dist_compiled_react-server-dom-turbopack_0p3wegg._.js GET /_next/static/chunks/node_modules_next_dist_compiled_react-server-dom-turbopack_0p3wegg._.js
2026-04-07 00:30:11.8580|INFO|Incoming request GET / GET /
2026-04-07 00:30:11.8740|INFO|Incoming request GET /_next/static/chunks/%5Bturbopack%5D_browser_dev_hmr-client_hmr-client_ts_10z625~._.js GET /_next/static/chunks/%5Bturbopack%5D_browser_dev_hmr-client_hmr-client_ts_10z625~._.js
2026-04-07 00:30:12.1030|INFO|Incoming request GET /_next/static/chunks/node_modules_next_dist_compiled_0rpq4pf._.js GET /_next/static/chunks/node_modules_next_dist_compiled_0rpq4pf._.js
2026-04-07 00:30:12.1080|INFO|Incoming request GET /_next/static/chunks/node_modules_next_dist_client_0fhqo1d._.js GET /_next/static/chunks/node_modules_next_dist_client_0fhqo1d._.js
2026-04-07 00:30:12.1210|INFO|Incoming request GET /_next/static/chunks/node_modules_next_dist_115brz8._.js GET /_next/static/chunks/node_modules_next_dist_115brz8._.js
2026-04-07 00:30:12.1390|INFO|Incoming request GET /_next/static/chunks/node_modules_%40swc_helpers_cjs_0-4ujiy._.js GET /_next/static/chunks/node_modules_%40swc_helpers_cjs_0-4ujiy._.js
2026-04-07 00:30:12.1490|INFO|Incoming request GET /next.svg GET /next.svg
2026-04-07 00:30:12.1520|INFO|Incoming request GET /_next/static/chunks/%5Broot-of-the-server%5D__02nfq85._.css GET /_next/static/chunks/%5Broot-of-the-server%5D__02nfq85._.css
2026-04-07 00:30:12.1540|INFO|Incoming request GET /_next/static/chunks/node_modules_next_dist_compiled_next-devtools_index_0553esy.js GET /_next/static/chunks/node_modules_next_dist_compiled_next-devtools_index_0553esy.js
2026-04-07 00:30:12.1550|INFO|Incoming request GET /_next/static/chunks/node_modules_next_dist_compiled_react-dom_058-ah~._.js GET /_next/static/chunks/node_modules_next_dist_compiled_react-dom_058-ah~._.js
2026-04-07 00:30:12.1570|INFO|Incoming request GET /_next/static/chunks/%5Bturbopack%5D_browser_dev_hmr-client_hmr-client_ts_10z625~._.js GET /_next/static/chunks/%5Bturbopack%5D_browser_dev_hmr-client_hmr-client_ts_10z625~._.js
2026-04-07 00:30:12.2000|INFO|Incoming request GET /_next/static/chunks/node_modules_next_dist_compiled_react-server-dom-turbopack_0p3wegg._.js GET /_next/static/chunks/node_modules_next_dist_compiled_react-server-dom-turbopack_0p3wegg._.js
2026-04-07 00:30:12.2050|INFO|Incoming request GET /_next/static/chunks/node_modules_next_dist_compiled_0rpq4pf._.js GET /_next/static/chunks/node_modules_next_dist_compiled_0rpq4pf._.js
2026-04-07 00:30:12.2090|INFO|Incoming request GET /_next/static/chunks/node_modules_next_dist_client_0fhqo1d._.js GET /_next/static/chunks/node_modules_next_dist_client_0fhqo1d._.js
2026-04-07 00:30:12.2690|INFO|Incoming request GET /_next/static/chunks/node_modules_next_dist_115brz8._.js GET /_next/static/chunks/node_modules_next_dist_115brz8._.js
2026-04-07 00:30:12.2740|INFO|Incoming request GET /_next/static/chunks/node_modules_%40swc_helpers_cjs_0-4ujiy._.js GET /_next/static/chunks/node_modules_%40swc_helpers_cjs_0-4ujiy._.js
2026-04-07 00:30:12.3180|INFO|Incoming request GET / GET /
2026-04-07 00:30:12.4890|INFO|Incoming request GET /_next/static/chunks/_0rqeker._.js GET /_next/static/chunks/_0rqeker._.js
2026-04-07 00:30:12.5820|INFO|Incoming request GET /_next/static/chunks/turbopack-_0p44nws._.js GET /_next/static/chunks/turbopack-_0p44nws._.js
2026-04-07 00:30:12.6280|INFO|Incoming request GET /_next/static/chunks/node_modules_next_dist_0tt2wve._.js GET /_next/static/chunks/node_modules_next_dist_0tt2wve._.js
2026-04-07 00:30:12.6310|INFO|Incoming request GET /_next/static/chunks/src_app_page_tsx_002ye8~._.js GET /_next/static/chunks/src_app_page_tsx_002ye8~._.js
2026-04-07 00:30:12.6340|INFO|Incoming request GET /_next/static/chunks/node_modules_next_dist_client_components_builtin_global-error_002ye8~.js GET /_next/static/chunks/node_modules_next_dist_client_components_builtin_global-error_002ye8~.js
2026-04-07 00:30:12.6360|INFO|Incoming request GET /_next/static/chunks/src_app_layout_tsx_004glpo._.js GET /_next/static/chunks/src_app_layout_tsx_004glpo._.js
2026-04-07 00:30:12.6390|INFO|Incoming request GET /vercel.svg GET /vercel.svg
2026-04-07 00:30:12.6410|INFO|Incoming request GET / GET /
2026-04-07 00:30:12.6450|INFO|Incoming request GET /next.svg GET /next.svg
2026-04-07 00:30:12.6620|INFO|Incoming request GET /_next/static/chunks/%5Broot-of-the-server%5D__02nfq85._.css GET /_next/static/chunks/%5Broot-of-the-server%5D__02nfq85._.css
2026-04-07 00:30:12.6650|INFO|Incoming request GET /_next/static/chunks/node_modules_next_dist_compiled_next-devtools_index_0553esy.js GET /_next/static/chunks/node_modules_next_dist_compiled_next-devtools_index_0553esy.js
2026-04-07 00:30:12.6670|INFO|Incoming request GET /_next/static/chunks/node_modules_next_dist_compiled_react-dom_058-ah~._.js GET /_next/static/chunks/node_modules_next_dist_compiled_react-dom_058-ah~._.js
2026-04-07 00:30:12.8140|INFO|Incoming request GET /_next/static/chunks/%5Bturbopack%5D_browser_dev_hmr-client_hmr-client_ts_10z625~._.js GET /_next/static/chunks/%5Bturbopack%5D_browser_dev_hmr-client_hmr-client_ts_10z625~._.js
2026-04-07 00:30:12.8460|INFO|Incoming request GET /_next/static/chunks/node_modules_next_dist_compiled_react-server-dom-turbopack_0p3wegg._.js GET /_next/static/chunks/node_modules_next_dist_compiled_react-server-dom-turbopack_0p3wegg._.js
2026-04-07 00:30:12.8590|INFO|Incoming request GET /_next/static/chunks/node_modules_next_dist_compiled_0rpq4pf._.js GET /_next/static/chunks/node_modules_next_dist_compiled_0rpq4pf._.js
2026-04-07 00:30:12.8620|INFO|Incoming request GET /next.svg GET /next.svg
2026-04-07 00:30:12.8690|INFO|Incoming request GET /_next/static/chunks/%5Bturbopack%5D_browser_dev_hmr-client_hmr-client_ts_10z625~._.js GET /_next/static/chunks/%5Bturbopack%5D_browser_dev_hmr-client_hmr-client_ts_10z625~._.js
2026-04-07 00:30:12.8720|INFO|Incoming request GET /_next/static/chunks/node_modules_next_dist_compiled_next-devtools_index_0553esy.js GET /_next/static/chunks/node_modules_next_dist_compiled_next-devtools_index_0553esy.js
2026-04-07 00:30:12.8740|INFO|Incoming request GET /_next/static/chunks/%5Broot-of-the-server%5D__02nfq85._.css GET /_next/static/chunks/%5Broot-of-the-server%5D__02nfq85._.css
2026-04-07 00:30:12.9230|INFO|Incoming request GET /_next/static/chunks/node_modules_next_dist_compiled_react-dom_058-ah~._.js GET /_next/static/chunks/node_modules_next_dist_compiled_react-dom_058-ah~._.js
2026-04-07 00:30:12.9330|INFO|Incoming request GET /_next/static/chunks/node_modules_next_dist_compiled_react-server-dom-turbopack_0p3wegg._.js GET /_next/static/chunks/node_modules_next_dist_compiled_react-server-dom-turbopack_0p3wegg._.js
2026-04-07 00:30:12.9550|INFO|Incoming request GET /_next/static/chunks/node_modules_next_dist_compiled_0rpq4pf._.js GET /_next/static/chunks/node_modules_next_dist_compiled_0rpq4pf._.js
2026-04-07 00:30:12.9710|INFO|Incoming request GET /_next/static/chunks/node_modules_next_dist_client_0fhqo1d._.js GET /_next/static/chunks/node_modules_next_dist_client_0fhqo1d._.js
2026-04-07 00:30:13.0100|INFO|Incoming request GET / GET /
2026-04-07 00:30:13.1350|INFO|Incoming request GET /_next/static/chunks/node_modules_next_dist_115brz8._.js GET /_next/static/chunks/node_modules_next_dist_115brz8._.js
2026-04-07 00:30:13.1630|INFO|Incoming request GET /_next/static/chunks/node_modules_%40swc_helpers_cjs_0-4ujiy._.js GET /_next/static/chunks/node_modules_%40swc_helpers_cjs_0-4ujiy._.js
2026-04-07 00:30:13.2390|INFO|Incoming request GET /_next/static/chunks/_0rqeker._.js GET /_next/static/chunks/_0rqeker._.js
2026-04-07 00:30:13.2540|INFO|Incoming request GET /_next/static/chunks/turbopack-_0p44nws._.js GET /_next/static/chunks/turbopack-_0p44nws._.js
2026-04-07 00:30:13.2560|INFO|Incoming request GET /_next/static/chunks/src_app_layout_tsx_004glpo._.js GET /_next/static/chunks/src_app_layout_tsx_004glpo._.js
2026-04-07 00:30:13.2570|INFO|Incoming request GET /_next/static/chunks/node_modules_next_dist_07p5au~._.js GET /_next/static/chunks/node_modules_next_dist_07p5au~._.js
2026-04-07 00:30:13.2680|INFO|Incoming request GET /next.svg GET /next.svg
2026-04-07 00:30:13.2700|INFO|Incoming request GET /_next/static/chunks/%5Broot-of-the-server%5D__02nfq85._.css GET /_next/static/chunks/%5Broot-of-the-server%5D__02nfq85._.css
2026-04-07 00:30:13.2710|INFO|Incoming request GET /_next/static/chunks/node_modules_next_dist_compiled_next-devtools_index_0553esy.js GET /_next/static/chunks/node_modules_next_dist_compiled_next-devtools_index_0553esy.js
2026-04-07 00:30:13.2730|INFO|Incoming request GET /_next/static/chunks/node_modules_next_dist_compiled_react-dom_058-ah~._.js GET /_next/static/chunks/node_modules_next_dist_compiled_react-dom_058-ah~._.js
2026-04-07 00:30:13.2900|INFO|Incoming request GET /_next/static/chunks/%5Bturbopack%5D_browser_dev_hmr-client_hmr-client_ts_10z625~._.js GET /_next/static/chunks/%5Bturbopack%5D_browser_dev_hmr-client_hmr-client_ts_10z625~._.js
2026-04-07 00:30:13.3290|INFO|Incoming request GET /_next/static/chunks/node_modules_next_dist_compiled_react-server-dom-turbopack_0p3wegg._.js GET /_next/static/chunks/node_modules_next_dist_compiled_react-server-dom-turbopack_0p3wegg._.js
2026-04-07 00:30:13.3380|INFO|Incoming request GET /_next/static/chunks/node_modules_next_dist_compiled_0rpq4pf._.js GET /_next/static/chunks/node_modules_next_dist_compiled_0rpq4pf._.js
2026-04-07 00:30:13.3480|INFO|Incoming request GET /_next/static/chunks/node_modules_next_dist_client_0fhqo1d._.js GET /_next/static/chunks/node_modules_next_dist_client_0fhqo1d._.js
2026-04-07 00:30:13.3900|INFO|Incoming request GET /_next/static/chunks/node_modules_next_dist_115brz8._.js GET /_next/static/chunks/node_modules_next_dist_115brz8._.js
2026-04-07 00:30:13.4130|INFO|Incoming request GET /_next/static/chunks/node_modules_%40swc_helpers_cjs_0-4ujiy._.js GET /_next/static/chunks/node_modules_%40swc_helpers_cjs_0-4ujiy._.js
2026-04-07 00:30:13.4220|INFO|Incoming request GET /_next/static/chunks/_0rqeker._.js GET /_next/static/chunks/_0rqeker._.js
2026-04-07 00:30:13.4890|INFO|Incoming request GET / GET /
2026-04-07 00:30:13.5070|INFO|Incoming request GET /_next/static/chunks/turbopack-_0p44nws._.js GET /_next/static/chunks/turbopack-_0p44nws._.js
2026-04-07 00:30:13.5900|INFO|Incoming request GET /_next/static/chunks/node_modules_next_dist_0tt2wve._.js GET /_next/static/chunks/node_modules_next_dist_0tt2wve._.js
2026-04-07 00:30:13.6390|INFO|Incoming request GET /_next/static/chunks/src_app_layout_tsx_004glpo._.js GET /_next/static/chunks/src_app_layout_tsx_004glpo._.js
2026-04-07 00:30:13.6890|INFO|Incoming request GET /_next/static/chunks/node_modules_next_dist_07p5au~._.js GET /_next/static/chunks/node_modules_next_dist_07p5au~._.js
2026-04-07 00:30:13.6990|INFO|Incoming request GET / GET /
2026-04-07 00:30:13.7020|INFO|Incoming request GET /next.svg GET /next.svg
2026-04-07 00:30:13.7080|INFO|Incoming request GET /_next/static/chunks/%5Broot-of-the-server%5D__02nfq85._.css GET /_next/static/chunks/%5Broot-of-the-server%5D__02nfq85._.css
2026-04-07 00:30:13.7090|INFO|Incoming request GET /_next/static/chunks/node_modules_next_dist_compiled_react-dom_058-ah~._.js GET /_next/static/chunks/node_modules_next_dist_compiled_react-dom_058-ah~._.js
2026-04-07 00:30:13.7150|INFO|Incoming request GET /_next/static/chunks/%5Bturbopack%5D_browser_dev_hmr-client_hmr-client_ts_10z625~._.js GET /_next/static/chunks/%5Bturbopack%5D_browser_dev_hmr-client_hmr-client_ts_10z625~._.js
2026-04-07 00:30:13.9300|INFO|Incoming request GET /_next/static/chunks/node_modules_next_dist_compiled_next-devtools_index_0553esy.js GET /_next/static/chunks/node_modules_next_dist_compiled_next-devtools_index_0553esy.js
2026-04-07 00:30:13.9550|INFO|Incoming request GET /_next/static/chunks/node_modules_next_dist_compiled_react-server-dom-turbopack_0p3wegg._.js GET /_next/static/chunks/node_modules_next_dist_compiled_react-server-dom-turbopack_0p3wegg._.js
2026-04-07 00:30:13.9760|INFO|Incoming request GET /_next/static/chunks/node_modules_next_dist_compiled_0rpq4pf._.js GET /_next/static/chunks/node_modules_next_dist_compiled_0rpq4pf._.js
2026-04-07 00:30:14.0120|INFO|Incoming request GET /_next/static/chunks/node_modules_next_dist_client_0fhqo1d._.js GET /_next/static/chunks/node_modules_next_dist_client_0fhqo1d._.js
2026-04-07 00:30:14.0160|INFO|Incoming request GET /_next/static/chunks/node_modules_next_dist_115brz8._.js GET /_next/static/chunks/node_modules_next_dist_115brz8._.js
2026-04-07 00:30:14.0180|INFO|Incoming request GET /_next/static/chunks/node_modules_next_dist_0tt2wve._.js GET /_next/static/chunks/node_modules_next_dist_0tt2wve._.js
2026-04-07 00:30:14.0200|INFO|Incoming request GET /_next/static/chunks/src_app_page_tsx_002ye8~._.js GET /_next/static/chunks/src_app_page_tsx_002ye8~._.js
2026-04-07 00:30:14.0220|INFO|Incoming request GET /_next/static/chunks/node_modules_%40swc_helpers_cjs_0-4ujiy._.js GET /_next/static/chunks/node_modules_%40swc_helpers_cjs_0-4ujiy._.js
2026-04-07 00:30:14.0230|INFO|Incoming request GET /next.svg GET /next.svg
2026-04-07 00:30:14.0320|INFO|Incoming request GET /_next/static/chunks/%5Broot-of-the-server%5D__02nfq85._.css GET /_next/static/chunks/%5Broot-of-the-server%5D__02nfq85._.css
2026-04-07 00:30:14.0340|INFO|Incoming request GET /_next/static/chunks/node_modules_next_dist_compiled_next-devtools_index_0553esy.js GET /_next/static/chunks/node_modules_next_dist_compiled_next-devtools_index_0553esy.js
2026-04-07 00:30:14.0360|INFO|Incoming request GET /_next/static/chunks/node_modules_next_dist_compiled_react-dom_058-ah~._.js GET /_next/static/chunks/node_modules_next_dist_compiled_react-dom_058-ah~._.js
2026-04-07 00:30:14.0380|INFO|Incoming request GET /_next/static/chunks/node_modules_next_dist_compiled_react-server-dom-turbopack_0p3wegg._.js GET /_next/static/chunks/node_modules_next_dist_compiled_react-server-dom-turbopack_0p3wegg._.js
2026-04-07 00:30:14.0720|INFO|Incoming request GET / GET /
2026-04-07 00:30:14.0860|INFO|Incoming request GET /_next/static/chunks/%5Bturbopack%5D_browser_dev_hmr-client_hmr-client_ts_10z625~._.js GET /_next/static/chunks/%5Bturbopack%5D_browser_dev_hmr-client_hmr-client_ts_10z625~._.js
2026-04-07 00:30:14.3230|INFO|Incoming request GET /_next/static/chunks/node_modules_next_dist_compiled_0rpq4pf._.js GET /_next/static/chunks/node_modules_next_dist_compiled_0rpq4pf._.js
2026-04-07 00:30:14.3430|INFO|Incoming request GET /_next/static/chunks/node_modules_next_dist_client_0fhqo1d._.js GET /_next/static/chunks/node_modules_next_dist_client_0fhqo1d._.js
2026-04-07 00:30:14.3480|INFO|Incoming request GET /_next/static/chunks/node_modules_next_dist_115brz8._.js GET /_next/static/chunks/node_modules_next_dist_115brz8._.js
2026-04-07 00:30:14.3710|INFO|Incoming request GET /_next/static/chunks/node_modules_%40swc_helpers_cjs_0-4ujiy._.js GET /_next/static/chunks/node_modules_%40swc_helpers_cjs_0-4ujiy._.js
2026-04-07 00:30:14.3730|INFO|Incoming request GET /next.svg GET /next.svg
2026-04-07 00:30:14.3840|INFO|Incoming request GET /_next/static/chunks/%5Broot-of-the-server%5D__02nfq85._.css GET /_next/static/chunks/%5Broot-of-the-server%5D__02nfq85._.css
2026-04-07 00:30:14.3850|INFO|Incoming request GET /_next/static/chunks/node_modules_next_dist_compiled_next-devtools_index_0553esy.js GET /_next/static/chunks/node_modules_next_dist_compiled_next-devtools_index_0553esy.js
2026-04-07 00:30:14.4070|INFO|Incoming request GET /_next/static/chunks/node_modules_next_dist_compiled_react-dom_058-ah~._.js GET /_next/static/chunks/node_modules_next_dist_compiled_react-dom_058-ah~._.js
2026-04-07 00:30:14.4170|INFO|Incoming request GET /_next/static/chunks/%5Bturbopack%5D_browser_dev_hmr-client_hmr-client_ts_10z625~._.js GET /_next/static/chunks/%5Bturbopack%5D_browser_dev_hmr-client_hmr-client_ts_10z625~._.js
2026-04-07 00:30:14.4510|INFO|Incoming request GET /_next/static/chunks/node_modules_next_dist_compiled_react-server-dom-turbopack_0p3wegg._.js GET /_next/static/chunks/node_modules_next_dist_compiled_react-server-dom-turbopack_0p3wegg._.js
2026-04-07 00:30:14.4640|INFO|Incoming request GET /_next/static/chunks/node_modules_next_dist_compiled_0rpq4pf._.js GET /_next/static/chunks/node_modules_next_dist_compiled_0rpq4pf._.js
2026-04-07 00:30:14.4850|INFO|Incoming request GET / GET /
2026-04-07 00:30:14.5090|INFO|Incoming request GET /_next/static/chunks/node_modules_next_dist_client_0fhqo1d._.js GET /_next/static/chunks/node_modules_next_dist_client_0fhqo1d._.js
2026-04-07 00:30:14.6160|INFO|Incoming request GET /_next/static/chunks/node_modules_next_dist_115brz8._.js GET /_next/static/chunks/node_modules_next_dist_115brz8._.js
2026-04-07 00:30:14.7080|INFO|Incoming request GET /_next/static/chunks/node_modules_%40swc_helpers_cjs_0-4ujiy._.js GET /_next/static/chunks/node_modules_%40swc_helpers_cjs_0-4ujiy._.js
2026-04-07 00:30:14.7130|INFO|Incoming request GET /next.svg GET /next.svg
2026-04-07 00:30:14.7210|INFO|Incoming request GET / GET /
2026-04-07 00:30:14.7230|INFO|Incoming request GET /_next/static/chunks/%5Broot-of-the-server%5D__02nfq85._.css GET /_next/static/chunks/%5Broot-of-the-server%5D__02nfq85._.css
2026-04-07 00:30:14.7240|INFO|Incoming request GET /_next/static/chunks/node_modules_next_dist_compiled_next-devtools_index_0553esy.js GET /_next/static/chunks/node_modules_next_dist_compiled_next-devtools_index_0553esy.js
2026-04-07 00:30:14.7260|INFO|Incoming request GET /_next/static/chunks/node_modules_next_dist_compiled_react-dom_058-ah~._.js GET /_next/static/chunks/node_modules_next_dist_compiled_react-dom_058-ah~._.js
2026-04-07 00:30:14.8530|INFO|Incoming request GET /_next/static/chunks/%5Bturbopack%5D_browser_dev_hmr-client_hmr-client_ts_10z625~._.js GET /_next/static/chunks/%5Bturbopack%5D_browser_dev_hmr-client_hmr-client_ts_10z625~._.js
2026-04-07 00:30:14.8920|INFO|Incoming request GET /_next/static/chunks/node_modules_next_dist_compiled_react-server-dom-turbopack_0p3wegg._.js GET /_next/static/chunks/node_modules_next_dist_compiled_react-server-dom-turbopack_0p3wegg._.js
2026-04-07 00:30:14.9540|INFO|Incoming request GET /_next/static/chunks/node_modules_next_dist_compiled_0rpq4pf._.js GET /_next/static/chunks/node_modules_next_dist_compiled_0rpq4pf._.js
2026-04-07 00:30:14.9570|INFO|Incoming request GET /_next/static/chunks/node_modules_next_dist_client_0fhqo1d._.js GET /_next/static/chunks/node_modules_next_dist_client_0fhqo1d._.js
2026-04-07 00:30:14.9590|INFO|Incoming request GET /_next/static/chunks/node_modules_next_dist_115brz8._.js GET /_next/static/chunks/node_modules_next_dist_115brz8._.js
2026-04-07 00:30:14.9630|INFO|Incoming request GET /_next/static/chunks/node_modules_%40swc_helpers_cjs_0-4ujiy._.js GET /_next/static/chunks/node_modules_%40swc_helpers_cjs_0-4ujiy._.js
2026-04-07 00:30:14.9650|INFO|Incoming request GET /next.svg GET /next.svg
2026-04-07 00:30:14.9760|INFO|Incoming request GET / GET /
2026-04-07 00:30:14.9810|INFO|Incoming request GET /_next/static/chunks/%5Broot-of-the-server%5D__02nfq85._.css GET /_next/static/chunks/%5Broot-of-the-server%5D__02nfq85._.css
2026-04-07 00:30:14.9840|INFO|Incoming request GET /_next/static/chunks/%5Bturbopack%5D_browser_dev_hmr-client_hmr-client_ts_10z625~._.js GET /_next/static/chunks/%5Bturbopack%5D_browser_dev_hmr-client_hmr-client_ts_10z625~._.js
2026-04-07 00:30:14.9860|INFO|Incoming request GET /_next/static/chunks/node_modules_next_dist_compiled_next-devtools_index_0553esy.js GET /_next/static/chunks/node_modules_next_dist_compiled_next-devtools_index_0553esy.js
2026-04-07 00:30:15.1380|INFO|Incoming request GET /_next/static/chunks/node_modules_next_dist_compiled_react-dom_058-ah~._.js GET /_next/static/chunks/node_modules_next_dist_compiled_react-dom_058-ah~._.js
2026-04-07 00:30:15.1630|INFO|Incoming request GET /_next/static/chunks/node_modules_next_dist_compiled_react-server-dom-turbopack_0p3wegg._.js GET /_next/static/chunks/node_modules_next_dist_compiled_react-server-dom-turbopack_0p3wegg._.js
2026-04-07 00:30:15.2040|INFO|Incoming request GET /_next/static/chunks/node_modules_next_dist_compiled_0rpq4pf._.js GET /_next/static/chunks/node_modules_next_dist_compiled_0rpq4pf._.js
2026-04-07 00:30:15.2060|INFO|Incoming request GET /_next/static/chunks/node_modules_next_dist_client_0fhqo1d._.js GET /_next/static/chunks/node_modules_next_dist_client_0fhqo1d._.js
2026-04-07 00:30:15.2080|INFO|Incoming request GET /next.svg GET /next.svg
2026-04-07 00:30:15.2180|INFO|Incoming request GET /_next/static/chunks/%5Broot-of-the-server%5D__02nfq85._.css GET /_next/static/chunks/%5Broot-of-the-server%5D__02nfq85._.css
2026-04-07 00:30:15.2200|INFO|Incoming request GET /_next/static/chunks/%5Bturbopack%5D_browser_dev_hmr-client_hmr-client_ts_10z625~._.js GET /_next/static/chunks/%5Bturbopack%5D_browser_dev_hmr-client_hmr-client_ts_10z625~._.js
2026-04-07 00:30:15.2220|INFO|Incoming request GET /_next/static/chunks/node_modules_next_dist_compiled_next-devtools_index_0553esy.js GET /_next/static/chunks/node_modules_next_dist_compiled_next-devtools_index_0553esy.js
2026-04-07 00:30:15.2250|INFO|Incoming request GET /_next/static/chunks/node_modules_next_dist_compiled_react-dom_058-ah~._.js GET /_next/static/chunks/node_modules_next_dist_compiled_react-dom_058-ah~._.js
2026-04-07 00:30:15.2800|INFO|Incoming request GET /_next/static/chunks/node_modules_next_dist_compiled_react-server-dom-turbopack_0p3wegg._.js GET /_next/static/chunks/node_modules_next_dist_compiled_react-server-dom-turbopack_0p3wegg._.js
2026-04-07 00:30:15.2890|INFO|Incoming request GET /_next/static/chunks/node_modules_next_dist_compiled_0rpq4pf._.js GET /_next/static/chunks/node_modules_next_dist_compiled_0rpq4pf._.js
2026-04-07 00:30:15.3140|INFO|Incoming request GET /_next/static/chunks/node_modules_next_dist_client_0fhqo1d._.js GET /_next/static/chunks/node_modules_next_dist_client_0fhqo1d._.js
2026-04-07 00:30:15.3500|INFO|Incoming request GET / GET /
2026-04-07 00:30:15.4830|INFO|Incoming request GET /_next/static/chunks/node_modules_next_dist_115brz8._.js GET /_next/static/chunks/node_modules_next_dist_115brz8._.js
2026-04-07 00:30:15.5250|INFO|Incoming request GET /_next/static/chunks/node_modules_%40swc_helpers_cjs_0-4ujiy._.js GET /_next/static/chunks/node_modules_%40swc_helpers_cjs_0-4ujiy._.js
2026-04-07 00:30:15.5850|INFO|Incoming request GET /_next/static/chunks/_0rqeker._.js GET /_next/static/chunks/_0rqeker._.js
2026-04-07 00:30:15.5920|INFO|Incoming request GET /next.svg GET /next.svg
2026-04-07 00:30:15.6060|INFO|Incoming request GET /_next/static/chunks/%5Broot-of-the-server%5D__02nfq85._.css GET /_next/static/chunks/%5Broot-of-the-server%5D__02nfq85._.css
2026-04-07 00:30:15.6090|INFO|Incoming request GET /_next/static/chunks/node_modules_next_dist_compiled_next-devtools_index_0553esy.js GET /_next/static/chunks/node_modules_next_dist_compiled_next-devtools_index_0553esy.js
2026-04-07 00:30:15.6120|INFO|Incoming request GET /_next/static/chunks/node_modules_next_dist_compiled_react-dom_058-ah~._.js GET /_next/static/chunks/node_modules_next_dist_compiled_react-dom_058-ah~._.js
2026-04-07 00:30:15.6150|INFO|Incoming request GET /_next/static/chunks/%5Bturbopack%5D_browser_dev_hmr-client_hmr-client_ts_10z625~._.js GET /_next/static/chunks/%5Bturbopack%5D_browser_dev_hmr-client_hmr-client_ts_10z625~._.js
2026-04-07 00:30:15.6570|INFO|Incoming request GET / GET /
2026-04-07 00:30:15.6690|INFO|Incoming request GET /_next/static/chunks/node_modules_next_dist_compiled_react-server-dom-turbopack_0p3wegg._.js GET /_next/static/chunks/node_modules_next_dist_compiled_react-server-dom-turbopack_0p3wegg._.js
2026-04-07 00:30:15.6760|INFO|Incoming request GET /_next/static/chunks/node_modules_next_dist_compiled_0rpq4pf._.js GET /_next/static/chunks/node_modules_next_dist_compiled_0rpq4pf._.js
2026-04-07 00:30:15.8880|INFO|Incoming request GET /_next/static/chunks/node_modules_next_dist_client_0fhqo1d._.js GET /_next/static/chunks/node_modules_next_dist_client_0fhqo1d._.js
2026-04-07 00:30:15.9070|INFO|Incoming request GET /_next/static/chunks/node_modules_next_dist_115brz8._.js GET /_next/static/chunks/node_modules_next_dist_115brz8._.js
2026-04-07 00:30:15.9100|INFO|Incoming request GET /_next/static/chunks/node_modules_%40swc_helpers_cjs_0-4ujiy._.js GET /_next/static/chunks/node_modules_%40swc_helpers_cjs_0-4ujiy._.js
2026-04-07 00:30:15.9230|INFO|Incoming request GET /_next/static/chunks/_0rqeker._.js GET /_next/static/chunks/_0rqeker._.js
2026-04-07 00:30:15.9250|INFO|Incoming request GET / GET /
2026-04-07 00:30:15.9280|INFO|Incoming request GET /next.svg GET /next.svg
2026-04-07 00:30:15.9380|INFO|Incoming request GET /_next/static/chunks/%5Broot-of-the-server%5D__02nfq85._.css GET /_next/static/chunks/%5Broot-of-the-server%5D__02nfq85._.css
2026-04-07 00:30:15.9400|INFO|Incoming request GET /_next/static/chunks/node_modules_next_dist_compiled_next-devtools_index_0553esy.js GET /_next/static/chunks/node_modules_next_dist_compiled_next-devtools_index_0553esy.js
2026-04-07 00:30:15.9540|INFO|Incoming request GET /_next/static/chunks/node_modules_next_dist_compiled_react-dom_058-ah~._.js GET /_next/static/chunks/node_modules_next_dist_compiled_react-dom_058-ah~._.js
2026-04-07 00:30:16.1080|INFO|Incoming request GET /_next/static/chunks/%5Bturbopack%5D_browser_dev_hmr-client_hmr-client_ts_10z625~._.js GET /_next/static/chunks/%5Bturbopack%5D_browser_dev_hmr-client_hmr-client_ts_10z625~._.js
2026-04-07 00:30:16.1750|INFO|Incoming request GET /_next/static/chunks/node_modules_next_dist_compiled_react-server-dom-turbopack_0p3wegg._.js GET /_next/static/chunks/node_modules_next_dist_compiled_react-server-dom-turbopack_0p3wegg._.js
2026-04-07 00:30:16.2320|INFO|Incoming request GET /_next/static/chunks/node_modules_next_dist_compiled_0rpq4pf._.js GET /_next/static/chunks/node_modules_next_dist_compiled_0rpq4pf._.js
2026-04-07 00:30:16.2340|INFO|Incoming request GET /_next/static/chunks/node_modules_next_dist_client_0fhqo1d._.js GET /_next/static/chunks/node_modules_next_dist_client_0fhqo1d._.js
2026-04-07 00:30:16.2360|INFO|Incoming request GET /_next/static/chunks/node_modules_next_dist_115brz8._.js GET /_next/static/chunks/node_modules_next_dist_115brz8._.js
2026-04-07 00:30:16.2370|INFO|Incoming request GET /_next/static/chunks/_0rqeker._.js GET /_next/static/chunks/_0rqeker._.js
2026-04-07 00:30:16.2390|INFO|Incoming request GET /_next/static/chunks/node_modules_next_dist_0tt2wve._.js GET /_next/static/chunks/node_modules_next_dist_0tt2wve._.js
2026-04-07 00:30:16.2400|INFO|Incoming request GET /_next/static/chunks/node_modules_next_dist_07p5au~._.js GET /_next/static/chunks/node_modules_next_dist_07p5au~._.js
2026-04-07 00:30:16.2420|INFO|Incoming request GET /next.svg GET /next.svg
2026-04-07 00:30:16.2550|INFO|Incoming request GET /_next/static/chunks/%5Broot-of-the-server%5D__02nfq85._.css GET /_next/static/chunks/%5Broot-of-the-server%5D__02nfq85._.css
2026-04-07 00:30:16.2580|INFO|Incoming request GET /_next/static/chunks/%5Bturbopack%5D_browser_dev_hmr-client_hmr-client_ts_10z625~._.js GET /_next/static/chunks/%5Bturbopack%5D_browser_dev_hmr-client_hmr-client_ts_10z625~._.js
2026-04-07 00:30:16.2610|INFO|Incoming request GET /_next/static/chunks/node_modules_next_dist_compiled_next-devtools_index_0553esy.js GET /_next/static/chunks/node_modules_next_dist_compiled_next-devtools_index_0553esy.js
2026-04-07 00:30:16.2640|INFO|Incoming request GET /_next/static/chunks/node_modules_next_dist_compiled_react-dom_058-ah~._.js GET /_next/static/chunks/node_modules_next_dist_compiled_react-dom_058-ah~._.js
2026-04-07 00:30:16.3160|INFO|Incoming request GET /_next/static/chunks/node_modules_next_dist_compiled_react-server-dom-turbopack_0p3wegg._.js GET /_next/static/chunks/node_modules_next_dist_compiled_react-server-dom-turbopack_0p3wegg._.js
2026-04-07 00:30:16.3270|INFO|Incoming request GET / GET /
2026-04-07 00:30:16.3370|INFO|Incoming request GET /_next/static/chunks/node_modules_next_dist_compiled_0rpq4pf._.js GET /_next/static/chunks/node_modules_next_dist_compiled_0rpq4pf._.js
2026-04-07 00:30:16.5650|INFO|Incoming request GET /_next/static/chunks/node_modules_next_dist_client_0fhqo1d._.js GET /_next/static/chunks/node_modules_next_dist_client_0fhqo1d._.js
2026-04-07 00:30:16.6490|INFO|Incoming request GET /next.svg GET /next.svg
2026-04-07 00:30:16.6530|INFO|Incoming request GET /_next/static/chunks/node_modules_next_dist_115brz8._.js GET /_next/static/chunks/node_modules_next_dist_115brz8._.js
2026-04-07 00:30:16.6550|INFO|Incoming request GET /_next/static/chunks/%5Broot-of-the-server%5D__02nfq85._.css GET /_next/static/chunks/%5Broot-of-the-server%5D__02nfq85._.css
2026-04-07 00:30:16.6590|INFO|Incoming request GET /_next/static/chunks/node_modules_next_dist_compiled_next-devtools_index_0553esy.js GET /_next/static/chunks/node_modules_next_dist_compiled_next-devtools_index_0553esy.js
2026-04-07 00:30:16.6670|INFO|Incoming request GET /_next/static/chunks/node_modules_next_dist_compiled_react-dom_058-ah~._.js GET /_next/static/chunks/node_modules_next_dist_compiled_react-dom_058-ah~._.js
2026-04-07 00:30:16.6780|INFO|Incoming request GET /_next/static/chunks/node_modules_next_dist_compiled_react-server-dom-turbopack_0p3wegg._.js GET /_next/static/chunks/node_modules_next_dist_compiled_react-server-dom-turbopack_0p3wegg._.js
2026-04-07 00:30:16.7180|INFO|Incoming request GET /_next/static/chunks/%5Bturbopack%5D_browser_dev_hmr-client_hmr-client_ts_10z625~._.js GET /_next/static/chunks/%5Bturbopack%5D_browser_dev_hmr-client_hmr-client_ts_10z625~._.js
2026-04-07 00:30:16.7320|INFO|Incoming request GET /_next/static/chunks/node_modules_next_dist_compiled_0rpq4pf._.js GET /_next/static/chunks/node_modules_next_dist_compiled_0rpq4pf._.js
2026-04-07 00:30:16.7920|INFO|Incoming request GET /_next/static/chunks/node_modules_next_dist_client_0fhqo1d._.js GET /_next/static/chunks/node_modules_next_dist_client_0fhqo1d._.js
2026-04-07 00:30:16.7970|INFO|Incoming request GET /_next/static/chunks/node_modules_next_dist_115brz8._.js GET /_next/static/chunks/node_modules_next_dist_115brz8._.js
2026-04-07 00:30:16.8040|INFO|Incoming request GET /_next/static/chunks/node_modules_%40swc_helpers_cjs_0-4ujiy._.js GET /_next/static/chunks/node_modules_%40swc_helpers_cjs_0-4ujiy._.js
2026-04-07 00:30:16.8590|INFO|Incoming request GET /_next/static/chunks/_0rqeker._.js GET /_next/static/chunks/_0rqeker._.js
2026-04-07 00:30:16.8880|INFO|Incoming request GET / GET /
2026-04-07 00:30:16.9090|INFO|Incoming request GET /_next/static/chunks/turbopack-_0p44nws._.js GET /_next/static/chunks/turbopack-_0p44nws._.js
2026-04-07 00:30:16.9820|INFO|Incoming request GET /_next/static/chunks/node_modules_next_dist_0tt2wve._.js GET /_next/static/chunks/node_modules_next_dist_0tt2wve._.js
2026-04-07 00:30:17.0350|INFO|Incoming request GET /_next/static/chunks/src_app_layout_tsx_004glpo._.js GET /_next/static/chunks/src_app_layout_tsx_004glpo._.js
2026-04-07 00:30:17.1030|INFO|Incoming request GET /_next/static/chunks/node_modules_next_dist_07p5au~._.js GET /_next/static/chunks/node_modules_next_dist_07p5au~._.js
2026-04-07 00:30:17.1070|INFO|Incoming request GET /next.svg GET /next.svg
2026-04-07 00:30:17.1160|INFO|Incoming request GET / GET /
2026-04-07 00:30:17.1180|INFO|Incoming request GET /_next/static/chunks/node_modules_next_dist_compiled_react-dom_058-ah~._.js GET /_next/static/chunks/node_modules_next_dist_compiled_react-dom_058-ah~._.js
2026-04-07 00:30:17.1200|INFO|Incoming request GET /_next/static/chunks/%5Broot-of-the-server%5D__02nfq85._.css GET /_next/static/chunks/%5Broot-of-the-server%5D__02nfq85._.css
2026-04-07 00:30:17.1230|INFO|Incoming request GET /_next/static/chunks/%5Bturbopack%5D_browser_dev_hmr-client_hmr-client_ts_10z625~._.js GET /_next/static/chunks/%5Bturbopack%5D_browser_dev_hmr-client_hmr-client_ts_10z625~._.js
2026-04-07 00:30:17.4440|INFO|Incoming request GET /_next/static/chunks/node_modules_next_dist_compiled_next-devtools_index_0553esy.js GET /_next/static/chunks/node_modules_next_dist_compiled_next-devtools_index_0553esy.js
2026-04-07 00:30:17.4680|INFO|Incoming request GET /_next/static/chunks/node_modules_next_dist_compiled_react-server-dom-turbopack_0p3wegg._.js GET /_next/static/chunks/node_modules_next_dist_compiled_react-server-dom-turbopack_0p3wegg._.js
2026-04-07 00:30:17.4870|INFO|Incoming request GET /_next/static/chunks/node_modules_next_dist_compiled_0rpq4pf._.js GET /_next/static/chunks/node_modules_next_dist_compiled_0rpq4pf._.js
2026-04-07 00:30:17.5240|INFO|Incoming request GET /_next/static/chunks/node_modules_next_dist_115brz8._.js GET /_next/static/chunks/node_modules_next_dist_115brz8._.js
2026-04-07 00:30:17.5290|INFO|Incoming request GET /_next/static/chunks/node_modules_%40swc_helpers_cjs_0-4ujiy._.js GET /_next/static/chunks/node_modules_%40swc_helpers_cjs_0-4ujiy._.js
2026-04-07 00:30:17.5400|INFO|Incoming request GET /next.svg GET /next.svg
2026-04-07 00:30:17.5480|INFO|Incoming request GET /_next/static/chunks/%5Broot-of-the-server%5D__02nfq85._.css GET /_next/static/chunks/%5Broot-of-the-server%5D__02nfq85._.css
2026-04-07 00:30:17.5500|INFO|Incoming request GET /_next/static/chunks/node_modules_next_dist_compiled_next-devtools_index_0553esy.js GET /_next/static/chunks/node_modules_next_dist_compiled_next-devtools_index_0553esy.js
2026-04-07 00:30:17.5520|INFO|Incoming request GET /_next/static/chunks/node_modules_next_dist_compiled_react-dom_058-ah~._.js GET /_next/static/chunks/node_modules_next_dist_compiled_react-dom_058-ah~._.js
2026-04-07 00:30:17.5540|INFO|Incoming request GET /_next/static/chunks/node_modules_next_dist_compiled_react-server-dom-turbopack_0p3wegg._.js GET /_next/static/chunks/node_modules_next_dist_compiled_react-server-dom-turbopack_0p3wegg._.js
2026-04-07 00:30:17.6090|INFO|Incoming request GET / GET /
2026-04-07 00:30:17.6230|INFO|Incoming request GET /_next/static/chunks/%5Bturbopack%5D_browser_dev_hmr-client_hmr-client_ts_10z625~._.js GET /_next/static/chunks/%5Bturbopack%5D_browser_dev_hmr-client_hmr-client_ts_10z625~._.js
2026-04-07 00:30:17.7860|INFO|Incoming request GET /_next/static/chunks/node_modules_next_dist_compiled_0rpq4pf._.js GET /_next/static/chunks/node_modules_next_dist_compiled_0rpq4pf._.js
2026-04-07 00:30:17.8030|INFO|Incoming request GET /_next/static/chunks/node_modules_next_dist_client_0fhqo1d._.js GET /_next/static/chunks/node_modules_next_dist_client_0fhqo1d._.js
2026-04-07 00:30:17.8200|INFO|Incoming request GET /_next/static/chunks/node_modules_next_dist_115brz8._.js GET /_next/static/chunks/node_modules_next_dist_115brz8._.js
2026-04-07 00:30:17.8400|INFO|Incoming request GET /_next/static/chunks/node_modules_%40swc_helpers_cjs_0-4ujiy._.js GET /_next/static/chunks/node_modules_%40swc_helpers_cjs_0-4ujiy._.js
2026-04-07 00:30:17.8430|INFO|Incoming request GET /next.svg GET /next.svg
2026-04-07 00:30:17.8490|INFO|Incoming request GET /_next/static/chunks/node_modules_next_dist_compiled_next-devtools_index_0553esy.js GET /_next/static/chunks/node_modules_next_dist_compiled_next-devtools_index_0553esy.js
2026-04-07 00:30:17.8510|INFO|Incoming request GET /_next/static/chunks/%5Broot-of-the-server%5D__02nfq85._.css GET /_next/static/chunks/%5Broot-of-the-server%5D__02nfq85._.css
2026-04-07 00:30:17.8520|INFO|Incoming request GET /_next/static/chunks/node_modules_next_dist_compiled_react-dom_058-ah~._.js GET /_next/static/chunks/node_modules_next_dist_compiled_react-dom_058-ah~._.js
2026-04-07 00:30:17.8540|INFO|Incoming request GET /_next/static/chunks/%5Bturbopack%5D_browser_dev_hmr-client_hmr-client_ts_10z625~._.js GET /_next/static/chunks/%5Bturbopack%5D_browser_dev_hmr-client_hmr-client_ts_10z625~._.js
2026-04-07 00:30:17.8910|INFO|Incoming request GET /_next/static/chunks/node_modules_next_dist_compiled_react-server-dom-turbopack_0p3wegg._.js GET /_next/static/chunks/node_modules_next_dist_compiled_react-server-dom-turbopack_0p3wegg._.js
2026-04-07 00:30:17.9030|INFO|Incoming request GET /_next/static/chunks/node_modules_next_dist_compiled_0rpq4pf._.js GET /_next/static/chunks/node_modules_next_dist_compiled_0rpq4pf._.js
2026-04-07 00:30:17.9080|INFO|Incoming request GET /_next/static/chunks/node_modules_next_dist_client_0fhqo1d._.js GET /_next/static/chunks/node_modules_next_dist_client_0fhqo1d._.js
2026-04-07 00:30:17.9400|INFO|Incoming request GET /_next/static/chunks/node_modules_next_dist_115brz8._.js GET /_next/static/chunks/node_modules_next_dist_115brz8._.js
2026-04-07 00:30:17.9610|INFO|Incoming request GET /_next/static/chunks/node_modules_%40swc_helpers_cjs_0-4ujiy._.js GET /_next/static/chunks/node_modules_%40swc_helpers_cjs_0-4ujiy._.js
2026-04-07 00:30:17.9910|INFO|Incoming request GET /_next/static/chunks/_0rqeker._.js GET /_next/static/chunks/_0rqeker._.js
2026-04-07 00:30:18.0340|INFO|Incoming request GET /_next/static/chunks/turbopack-_0p44nws._.js GET /_next/static/chunks/turbopack-_0p44nws._.js
2026-04-07 00:30:18.0530|INFO|Incoming request GET /_next/static/chunks/node_modules_next_dist_0tt2wve._.js GET /_next/static/chunks/node_modules_next_dist_0tt2wve._.js
2026-04-07 00:30:18.0560|INFO|Incoming request GET /_next/static/chunks/src_app_layout_tsx_004glpo._.js GET /_next/static/chunks/src_app_layout_tsx_004glpo._.js
2026-04-07 00:30:18.0960|INFO|Incoming request GET /_next/static/chunks/node_modules_next_dist_07p5au~._.js GET /_next/static/chunks/node_modules_next_dist_07p5au~._.js
2026-04-07 00:30:18.1120|INFO|Incoming request GET /_next/static/chunks/src_app_page_tsx_002ye8~._.js GET /_next/static/chunks/src_app_page_tsx_002ye8~._.js
2026-04-07 00:30:18.1200|INFO|Incoming request GET /_next/static/chunks/node_modules_next_dist_client_components_builtin_global-error_002ye8~.js GET /_next/static/chunks/node_modules_next_dist_client_components_builtin_global-error_002ye8~.js
2026-04-07 00:30:18.1280|INFO|Incoming request GET /vercel.svg GET /vercel.svg
2026-04-07 00:30:18.1830|INFO|Incoming request GET /_next/static/chunks/%5Bturbopack%5D_browser_dev_hmr-client_hmr-client_ts_0yjw1oe._.js GET /_next/static/chunks/%5Bturbopack%5D_browser_dev_hmr-client_hmr-client_ts_0yjw1oe._.js
2026-04-07 00:30:18.1960|INFO|Incoming request GET /_next/static/chunks/%5Bturbopack%5D_browser_dev_hmr-client_hmr-client_ts_10mygs7._.js GET /_next/static/chunks/%5Bturbopack%5D_browser_dev_hmr-client_hmr-client_ts_10mygs7._.js
2026-04-07 00:30:18.2570|INFO|Incoming request GET / GET /
2026-04-07 00:30:18.3830|INFO|Incoming request GET /_next/static/chunks/%5Broot-of-the-server%5D__02nfq85._.css GET /_next/static/chunks/%5Broot-of-the-server%5D__02nfq85._.css
2026-04-07 00:30:18.3900|INFO|Incoming request GET /next.svg GET /next.svg
2026-04-07 00:30:18.3960|INFO|Incoming request GET /_next/static/chunks/%5Bturbopack%5D_browser_dev_hmr-client_hmr-client_ts_10z625~._.js GET /_next/static/chunks/%5Bturbopack%5D_browser_dev_hmr-client_hmr-client_ts_10z625~._.js
2026-04-07 00:30:18.4010|INFO|Incoming request GET /_next/static/chunks/node_modules_next_dist_compiled_next-devtools_index_0553esy.js GET /_next/static/chunks/node_modules_next_dist_compiled_next-devtools_index_0553esy.js
2026-04-07 00:30:18.4040|INFO|Incoming request GET /_next/static/chunks/node_modules_next_dist_compiled_react-dom_058-ah~._.js GET /_next/static/chunks/node_modules_next_dist_compiled_react-dom_058-ah~._.js
2026-04-07 00:30:18.4650|INFO|Incoming request GET / GET /
2026-04-07 00:30:18.4750|INFO|Incoming request GET /_next/static/chunks/node_modules_next_dist_compiled_react-server-dom-turbopack_0p3wegg._.js GET /_next/static/chunks/node_modules_next_dist_compiled_react-server-dom-turbopack_0p3wegg._.js
2026-04-07 00:30:18.4800|INFO|Incoming request GET /_next/static/chunks/node_modules_next_dist_compiled_0rpq4pf._.js GET /_next/static/chunks/node_modules_next_dist_compiled_0rpq4pf._.js
2026-04-07 00:30:18.4850|INFO|Incoming request GET /_next/static/chunks/node_modules_next_dist_client_0fhqo1d._.js GET /_next/static/chunks/node_modules_next_dist_client_0fhqo1d._.js
2026-04-07 00:30:18.4900|INFO|Incoming request GET /vercel.svg GET /vercel.svg
2026-04-07 00:30:18.6420|INFO|Incoming request GET /_next/static/chunks/node_modules_next_dist_115brz8._.js GET /_next/static/chunks/node_modules_next_dist_115brz8._.js
2026-04-07 00:30:18.6940|INFO|Incoming request GET /_next/static/chunks/node_modules_%40swc_helpers_cjs_0-4ujiy._.js GET /_next/static/chunks/node_modules_%40swc_helpers_cjs_0-4ujiy._.js
2026-04-07 00:30:18.7220|INFO|Incoming request GET /_next/static/chunks/_0rqeker._.js GET /_next/static/chunks/_0rqeker._.js
2026-04-07 00:30:18.7250|INFO|Incoming request GET /_next/static/chunks/turbopack-_0p44nws._.js GET /_next/static/chunks/turbopack-_0p44nws._.js
2026-04-07 00:30:18.7460|INFO|Incoming request GET /_next/static/chunks/node_modules_next_dist_0tt2wve._.js GET /_next/static/chunks/node_modules_next_dist_0tt2wve._.js
2026-04-07 00:30:18.7590|INFO|Incoming request GET /_next/static/chunks/src_app_layout_tsx_004glpo._.js GET /_next/static/chunks/src_app_layout_tsx_004glpo._.js
2026-04-07 00:30:18.7640|INFO|Incoming request GET /_next/static/chunks/node_modules_next_dist_07p5au~._.js GET /_next/static/chunks/node_modules_next_dist_07p5au~._.js
2026-04-07 00:30:18.7660|INFO|Incoming request GET /_next/static/chunks/src_app_page_tsx_002ye8~._.js GET /_next/static/chunks/src_app_page_tsx_002ye8~._.js
2026-04-07 00:30:18.7680|INFO|Incoming request GET /next.svg GET /next.svg
2026-04-07 00:30:18.7790|INFO|Incoming request GET / GET /
2026-04-07 00:30:18.7810|INFO|Incoming request GET /_next/static/chunks/%5Broot-of-the-server%5D__02nfq85._.css GET /_next/static/chunks/%5Broot-of-the-server%5D__02nfq85._.css
2026-04-07 00:30:18.7840|INFO|Incoming request GET /_next/static/chunks/%5Bturbopack%5D_browser_dev_hmr-client_hmr-client_ts_10z625~._.js GET /_next/static/chunks/%5Bturbopack%5D_browser_dev_hmr-client_hmr-client_ts_10z625~._.js
2026-04-07 00:30:18.7860|INFO|Incoming request GET /_next/static/chunks/node_modules_next_dist_compiled_next-devtools_index_0553esy.js GET /_next/static/chunks/node_modules_next_dist_compiled_next-devtools_index_0553esy.js
2026-04-07 00:30:18.9300|INFO|Incoming request GET /_next/static/chunks/node_modules_next_dist_compiled_react-dom_058-ah~._.js GET /_next/static/chunks/node_modules_next_dist_compiled_react-dom_058-ah~._.js
2026-04-07 00:30:18.9620|INFO|Incoming request GET /_next/static/chunks/node_modules_next_dist_compiled_react-server-dom-turbopack_0p3wegg._.js GET /_next/static/chunks/node_modules_next_dist_compiled_react-server-dom-turbopack_0p3wegg._.js
2026-04-07 00:30:18.9630|INFO|Incoming request GET /_next/static/chunks/node_modules_next_dist_compiled_0rpq4pf._.js GET /_next/static/chunks/node_modules_next_dist_compiled_0rpq4pf._.js
2026-04-07 00:30:18.9650|INFO|Incoming request GET /_next/static/chunks/node_modules_next_dist_client_0fhqo1d._.js GET /_next/static/chunks/node_modules_next_dist_client_0fhqo1d._.js
2026-04-07 00:30:19.0130|INFO|Incoming request GET /vercel.svg GET /vercel.svg
2026-04-07 00:30:19.0150|INFO|Incoming request GET /_next/static/chunks/node_modules_next_dist_115brz8._.js GET /_next/static/chunks/node_modules_next_dist_115brz8._.js
2026-04-07 00:30:19.0160|INFO|Incoming request GET /_next/static/chunks/node_modules_%40swc_helpers_cjs_0-4ujiy._.js GET /_next/static/chunks/node_modules_%40swc_helpers_cjs_0-4ujiy._.js
2026-04-07 00:30:19.0200|INFO|Incoming request GET /_next/static/chunks/src_app_layout_tsx_004glpo._.js GET /_next/static/chunks/src_app_layout_tsx_004glpo._.js
2026-04-07 00:30:19.0240|INFO|Incoming request GET /next.svg GET /next.svg
2026-04-07 00:30:19.0340|INFO|Incoming request GET /_next/static/chunks/%5Broot-of-the-server%5D__02nfq85._.css GET /_next/static/chunks/%5Broot-of-the-server%5D__02nfq85._.css
2026-04-07 00:30:19.0350|INFO|Incoming request GET /_next/static/chunks/node_modules_next_dist_compiled_react-dom_058-ah~._.js GET /_next/static/chunks/node_modules_next_dist_compiled_react-dom_058-ah~._.js
2026-04-07 00:30:19.0370|INFO|Incoming request GET /_next/static/chunks/node_modules_next_dist_compiled_react-server-dom-turbopack_0p3wegg._.js GET /_next/static/chunks/node_modules_next_dist_compiled_react-server-dom-turbopack_0p3wegg._.js
2026-04-07 00:30:19.0380|INFO|Incoming request GET /_next/static/chunks/%5Bturbopack%5D_browser_dev_hmr-client_hmr-client_ts_10z625~._.js GET /_next/static/chunks/%5Bturbopack%5D_browser_dev_hmr-client_hmr-client_ts_10z625~._.js
2026-04-07 00:30:19.0780|INFO|Incoming request GET / GET /
2026-04-07 00:30:19.0860|INFO|Incoming request GET /_next/static/chunks/node_modules_next_dist_compiled_next-devtools_index_0553esy.js GET /_next/static/chunks/node_modules_next_dist_compiled_next-devtools_index_0553esy.js
2026-04-07 00:30:19.0920|INFO|Incoming request GET /_next/static/chunks/node_modules_next_dist_compiled_0rpq4pf._.js GET /_next/static/chunks/node_modules_next_dist_compiled_0rpq4pf._.js
2026-04-07 00:30:19.2600|INFO|Incoming request GET /_next/static/chunks/node_modules_next_dist_client_0fhqo1d._.js GET /_next/static/chunks/node_modules_next_dist_client_0fhqo1d._.js
2026-04-07 00:30:19.2630|INFO|Incoming request GET /_next/static/chunks/node_modules_next_dist_115brz8._.js GET /_next/static/chunks/node_modules_next_dist_115brz8._.js
2026-04-07 00:30:19.2770|INFO|Incoming request GET /_next/static/chunks/node_modules_%40swc_helpers_cjs_0-4ujiy._.js GET /_next/static/chunks/node_modules_%40swc_helpers_cjs_0-4ujiy._.js
2026-04-07 00:30:19.2920|INFO|Incoming request GET /_next/static/chunks/_0rqeker._.js GET /_next/static/chunks/_0rqeker._.js
2026-04-07 00:30:19.2950|INFO|Incoming request GET /_next/static/chunks/turbopack-_0p44nws._.js GET /_next/static/chunks/turbopack-_0p44nws._.js
2026-04-07 00:30:19.2970|INFO|Incoming request GET /_next/static/chunks/node_modules_next_dist_0tt2wve._.js GET /_next/static/chunks/node_modules_next_dist_0tt2wve._.js
2026-04-07 00:30:19.2990|INFO|Incoming request GET /next.svg GET /next.svg
2026-04-07 00:30:19.3060|INFO|Incoming request GET / GET /
2026-04-07 00:30:19.3070|INFO|Incoming request GET /_next/static/chunks/node_modules_next_dist_compiled_react-dom_058-ah~._.js GET /_next/static/chunks/node_modules_next_dist_compiled_react-dom_058-ah~._.js
2026-04-07 00:30:19.3090|INFO|Incoming request GET /_next/static/chunks/%5Broot-of-the-server%5D__02nfq85._.css GET /_next/static/chunks/%5Broot-of-the-server%5D__02nfq85._.css
2026-04-07 00:30:19.3110|INFO|Incoming request GET /_next/static/chunks/%5Bturbopack%5D_browser_dev_hmr-client_hmr-client_ts_10z625~._.js GET /_next/static/chunks/%5Bturbopack%5D_browser_dev_hmr-client_hmr-client_ts_10z625~._.js
2026-04-07 00:30:19.4770|INFO|Incoming request GET /_next/static/chunks/node_modules_next_dist_compiled_next-devtools_index_0553esy.js GET /_next/static/chunks/node_modules_next_dist_compiled_next-devtools_index_0553esy.js
2026-04-07 00:30:19.5200|INFO|Incoming request GET /_next/static/chunks/node_modules_next_dist_compiled_react-server-dom-turbopack_0p3wegg._.js GET /_next/static/chunks/node_modules_next_dist_compiled_react-server-dom-turbopack_0p3wegg._.js
2026-04-07 00:30:19.5250|INFO|Incoming request GET /_next/static/chunks/node_modules_next_dist_compiled_0rpq4pf._.js GET /_next/static/chunks/node_modules_next_dist_compiled_0rpq4pf._.js
2026-04-07 00:30:19.5540|INFO|Incoming request GET /_next/static/chunks/node_modules_next_dist_client_0fhqo1d._.js GET /_next/static/chunks/node_modules_next_dist_client_0fhqo1d._.js
2026-04-07 00:30:19.5560|INFO|Incoming request GET /_next/static/chunks/node_modules_next_dist_115brz8._.js GET /_next/static/chunks/node_modules_next_dist_115brz8._.js
2026-04-07 00:30:19.5670|INFO|Incoming request GET /next.svg GET /next.svg
2026-04-07 00:30:19.5680|INFO|Incoming request GET /_next/static/chunks/%5Broot-of-the-server%5D__02nfq85._.css GET /_next/static/chunks/%5Broot-of-the-server%5D__02nfq85._.css
2026-04-07 00:30:19.5700|INFO|Incoming request GET /_next/static/chunks/node_modules_next_dist_compiled_next-devtools_index_0553esy.js GET /_next/static/chunks/node_modules_next_dist_compiled_next-devtools_index_0553esy.js
2026-04-07 00:30:19.5740|INFO|Incoming request GET /_next/static/chunks/node_modules_next_dist_compiled_react-dom_058-ah~._.js GET /_next/static/chunks/node_modules_next_dist_compiled_react-dom_058-ah~._.js
2026-04-07 00:30:19.5880|INFO|Incoming request GET /_next/static/chunks/node_modules_next_dist_compiled_react-server-dom-turbopack_0p3wegg._.js GET /_next/static/chunks/node_modules_next_dist_compiled_react-server-dom-turbopack_0p3wegg._.js
2026-04-07 00:30:19.6170|INFO|Incoming request GET /_next/static/chunks/%5Bturbopack%5D_browser_dev_hmr-client_hmr-client_ts_10z625~._.js GET /_next/static/chunks/%5Bturbopack%5D_browser_dev_hmr-client_hmr-client_ts_10z625~._.js
2026-04-07 00:30:19.6230|INFO|Incoming request GET /_next/static/chunks/node_modules_next_dist_compiled_0rpq4pf._.js GET /_next/static/chunks/node_modules_next_dist_compiled_0rpq4pf._.js
2026-04-07 00:30:19.6890|INFO|Incoming request GET /_next/static/chunks/node_modules_next_dist_client_0fhqo1d._.js GET /_next/static/chunks/node_modules_next_dist_client_0fhqo1d._.js
2026-04-07 00:30:19.6960|INFO|Incoming request GET / GET /
2026-04-07 00:30:19.7150|INFO|Incoming request GET /_next/static/chunks/node_modules_next_dist_115brz8._.js GET /_next/static/chunks/node_modules_next_dist_115brz8._.js
2026-04-07 00:30:19.7970|INFO|Incoming request GET /_next/static/chunks/node_modules_%40swc_helpers_cjs_0-4ujiy._.js GET /_next/static/chunks/node_modules_%40swc_helpers_cjs_0-4ujiy._.js
2026-04-07 00:30:19.9020|INFO|Incoming request GET / GET /
2026-04-07 00:30:19.9090|INFO|Incoming request GET /next.svg GET /next.svg
2026-04-07 00:30:19.9150|INFO|Incoming request GET /_next/static/chunks/node_modules_next_dist_compiled_next-devtools_index_0553esy.js GET /_next/static/chunks/node_modules_next_dist_compiled_next-devtools_index_0553esy.js
2026-04-07 00:30:19.9170|INFO|Incoming request GET /_next/static/chunks/node_modules_next_dist_compiled_react-dom_058-ah~._.js GET /_next/static/chunks/node_modules_next_dist_compiled_react-dom_058-ah~._.js
2026-04-07 00:30:19.9190|INFO|Incoming request GET /_next/static/chunks/%5Broot-of-the-server%5D__02nfq85._.css GET /_next/static/chunks/%5Broot-of-the-server%5D__02nfq85._.css
2026-04-07 00:30:20.1090|INFO|Incoming request GET /_next/static/chunks/%5Bturbopack%5D_browser_dev_hmr-client_hmr-client_ts_10z625~._.js GET /_next/static/chunks/%5Bturbopack%5D_browser_dev_hmr-client_hmr-client_ts_10z625~._.js
2026-04-07 00:30:20.1520|INFO|Incoming request GET /_next/static/chunks/node_modules_next_dist_compiled_react-server-dom-turbopack_0p3wegg._.js GET /_next/static/chunks/node_modules_next_dist_compiled_react-server-dom-turbopack_0p3wegg._.js
2026-04-07 00:30:20.1890|INFO|Incoming request GET /_next/static/chunks/node_modules_next_dist_compiled_0rpq4pf._.js GET /_next/static/chunks/node_modules_next_dist_compiled_0rpq4pf._.js
2026-04-07 00:30:20.1910|INFO|Incoming request GET /next.svg GET /next.svg
2026-04-07 00:30:20.2060|INFO|Incoming request GET /_next/static/chunks/%5Bturbopack%5D_browser_dev_hmr-client_hmr-client_ts_10z625~._.js GET /_next/static/chunks/%5Bturbopack%5D_browser_dev_hmr-client_hmr-client_ts_10z625~._.js
2026-04-07 00:30:20.2080|INFO|Incoming request GET /_next/static/chunks/node_modules_next_dist_compiled_next-devtools_index_0553esy.js GET /_next/static/chunks/node_modules_next_dist_compiled_next-devtools_index_0553esy.js
2026-04-07 00:30:20.2120|INFO|Incoming request GET /_next/static/chunks/%5Broot-of-the-server%5D__02nfq85._.css GET /_next/static/chunks/%5Broot-of-the-server%5D__02nfq85._.css
2026-04-07 00:30:20.2140|INFO|Incoming request GET /_next/static/chunks/node_modules_next_dist_compiled_react-dom_058-ah~._.js GET /_next/static/chunks/node_modules_next_dist_compiled_react-dom_058-ah~._.js
2026-04-07 00:30:20.2670|INFO|Incoming request GET / GET /
2026-04-07 00:30:20.2880|INFO|Incoming request GET /_next/static/chunks/node_modules_next_dist_compiled_react-server-dom-turbopack_0p3wegg._.js GET /_next/static/chunks/node_modules_next_dist_compiled_react-server-dom-turbopack_0p3wegg._.js
2026-04-07 00:30:20.3670|INFO|Incoming request GET /_next/static/chunks/node_modules_next_dist_compiled_0rpq4pf._.js GET /_next/static/chunks/node_modules_next_dist_compiled_0rpq4pf._.js
2026-04-07 00:30:20.5030|INFO|Incoming request GET /_next/static/chunks/node_modules_next_dist_client_0fhqo1d._.js GET /_next/static/chunks/node_modules_next_dist_client_0fhqo1d._.js
2026-04-07 00:30:20.5170|INFO|Incoming request GET /_next/static/chunks/node_modules_next_dist_115brz8._.js GET /_next/static/chunks/node_modules_next_dist_115brz8._.js
2026-04-07 00:30:20.5190|INFO|Incoming request GET /next.svg GET /next.svg
2026-04-07 00:30:20.5310|INFO|Incoming request GET /_next/static/chunks/%5Broot-of-the-server%5D__02nfq85._.css GET /_next/static/chunks/%5Broot-of-the-server%5D__02nfq85._.css
2026-04-07 00:30:20.5330|INFO|Incoming request GET /_next/static/chunks/node_modules_next_dist_compiled_next-devtools_index_0553esy.js GET /_next/static/chunks/node_modules_next_dist_compiled_next-devtools_index_0553esy.js
2026-04-07 00:30:20.5350|INFO|Incoming request GET /_next/static/chunks/node_modules_next_dist_compiled_react-dom_058-ah~._.js GET /_next/static/chunks/node_modules_next_dist_compiled_react-dom_058-ah~._.js
2026-04-07 00:30:20.5360|INFO|Incoming request GET /_next/static/chunks/node_modules_next_dist_compiled_react-server-dom-turbopack_0p3wegg._.js GET /_next/static/chunks/node_modules_next_dist_compiled_react-server-dom-turbopack_0p3wegg._.js
2026-04-07 00:30:20.6200|INFO|Incoming request GET /_next/static/chunks/%5Bturbopack%5D_browser_dev_hmr-client_hmr-client_ts_10z625~._.js GET /_next/static/chunks/%5Bturbopack%5D_browser_dev_hmr-client_hmr-client_ts_10z625~._.js
2026-04-07 00:30:20.6370|INFO|Incoming request GET /_next/static/chunks/node_modules_next_dist_compiled_0rpq4pf._.js GET /_next/static/chunks/node_modules_next_dist_compiled_0rpq4pf._.js
2026-04-07 00:30:20.6940|INFO|Incoming request GET /_next/static/chunks/node_modules_next_dist_client_0fhqo1d._.js GET /_next/static/chunks/node_modules_next_dist_client_0fhqo1d._.js
2026-04-07 00:30:20.6990|INFO|Incoming request GET /_next/static/chunks/node_modules_next_dist_115brz8._.js GET /_next/static/chunks/node_modules_next_dist_115brz8._.js
2026-04-07 00:30:20.7200|INFO|Incoming request GET /_next/static/chunks/node_modules_%40swc_helpers_cjs_0-4ujiy._.js GET /_next/static/chunks/node_modules_%40swc_helpers_cjs_0-4ujiy._.js
2026-04-07 00:30:20.8080|INFO|Incoming request GET /_next/static/chunks/_0rqeker._.js GET /_next/static/chunks/_0rqeker._.js
2026-04-07 00:30:20.8940|INFO|Incoming request GET /_next/static/chunks/turbopack-_0p44nws._.js GET /_next/static/chunks/turbopack-_0p44nws._.js
2026-04-07 00:30:20.9080|INFO|Incoming request GET /_next/static/chunks/node_modules_next_dist_0tt2wve._.js GET /_next/static/chunks/node_modules_next_dist_0tt2wve._.js
2026-04-07 00:30:20.9150|INFO|Incoming request GET /_next/static/chunks/src_app_layout_tsx_004glpo._.js GET /_next/static/chunks/src_app_layout_tsx_004glpo._.js
2026-04-07 00:30:20.9300|INFO|Incoming request GET /_next/static/chunks/node_modules_next_dist_07p5au~._.js GET /_next/static/chunks/node_modules_next_dist_07p5au~._.js
2026-04-07 00:30:20.9680|INFO|Incoming request GET /_next/static/chunks/src_app_page_tsx_002ye8~._.js GET /_next/static/chunks/src_app_page_tsx_002ye8~._.js
2026-04-07 00:30:21.0060|INFO|Incoming request GET /_next/static/chunks/node_modules_next_dist_client_components_builtin_global-error_002ye8~.js GET /_next/static/chunks/node_modules_next_dist_client_components_builtin_global-error_002ye8~.js
2026-04-07 00:30:21.0590|INFO|Incoming request GET /vercel.svg GET /vercel.svg
2026-04-07 00:30:21.1990|INFO|Incoming request GET /_next/static/chunks/%5Bturbopack%5D_browser_dev_hmr-client_hmr-client_ts_0yjw1oe._.js GET /_next/static/chunks/%5Bturbopack%5D_browser_dev_hmr-client_hmr-client_ts_0yjw1oe._.js
2026-04-07 00:30:21.2130|INFO|Incoming request GET /_next/static/chunks/%5Bturbopack%5D_browser_dev_hmr-client_hmr-client_ts_10mygs7._.js GET /_next/static/chunks/%5Bturbopack%5D_browser_dev_hmr-client_hmr-client_ts_10mygs7._.js
2026-04-07 00:30:22.0400|INFO|Incoming request GET / GET /
2026-04-07 00:30:22.2160|INFO|Incoming request GET /next.svg GET /next.svg
2026-04-07 00:30:22.2190|INFO|Incoming request GET /_next/static/chunks/%5Broot-of-the-server%5D__02nfq85._.css GET /_next/static/chunks/%5Broot-of-the-server%5D__02nfq85._.css
2026-04-07 00:30:22.2210|INFO|Incoming request GET /_next/static/chunks/%5Bturbopack%5D_browser_dev_hmr-client_hmr-client_ts_10z625~._.js GET /_next/static/chunks/%5Bturbopack%5D_browser_dev_hmr-client_hmr-client_ts_10z625~._.js
2026-04-07 00:30:22.2230|INFO|Incoming request GET /_next/static/chunks/node_modules_next_dist_compiled_next-devtools_index_0553esy.js GET /_next/static/chunks/node_modules_next_dist_compiled_next-devtools_index_0553esy.js
2026-04-07 00:30:22.2250|INFO|Incoming request GET /_next/static/chunks/node_modules_next_dist_compiled_react-dom_058-ah~._.js GET /_next/static/chunks/node_modules_next_dist_compiled_react-dom_058-ah~._.js
2026-04-07 00:30:22.2280|INFO|Incoming request GET /_next/static/chunks/node_modules_next_dist_compiled_react-server-dom-turbopack_0p3wegg._.js GET /_next/static/chunks/node_modules_next_dist_compiled_react-server-dom-turbopack_0p3wegg._.js
2026-04-07 00:30:22.3400|INFO|Incoming request GET / GET /
2026-04-07 00:30:22.3500|INFO|Incoming request GET /_next/static/chunks/node_modules_next_dist_compiled_0rpq4pf._.js GET /_next/static/chunks/node_modules_next_dist_compiled_0rpq4pf._.js
2026-04-07 00:30:22.3530|INFO|Incoming request GET /_next/static/chunks/node_modules_next_dist_client_0fhqo1d._.js GET /_next/static/chunks/node_modules_next_dist_client_0fhqo1d._.js
2026-04-07 00:30:22.3560|INFO|Incoming request GET /_next/static/chunks/node_modules_next_dist_115brz8._.js GET /_next/static/chunks/node_modules_next_dist_115brz8._.js
2026-04-07 00:30:22.3580|INFO|Incoming request GET /_next/static/chunks/node_modules_%40swc_helpers_cjs_0-4ujiy._.js GET /_next/static/chunks/node_modules_%40swc_helpers_cjs_0-4ujiy._.js
2026-04-07 00:30:22.3650|INFO|Incoming request GET /_next/static/chunks/_0rqeker._.js GET /_next/static/chunks/_0rqeker._.js
2026-04-07 00:30:22.5450|INFO|Incoming request GET /vercel.svg GET /vercel.svg
2026-04-07 00:30:22.5480|INFO|Incoming request GET /_next/static/chunks/turbopack-_0p44nws._.js GET /_next/static/chunks/turbopack-_0p44nws._.js
2026-04-07 00:30:22.5500|INFO|Incoming request GET /_next/static/chunks/node_modules_next_dist_0tt2wve._.js GET /_next/static/chunks/node_modules_next_dist_0tt2wve._.js
2026-04-07 00:30:22.5690|INFO|Incoming request GET /_next/static/chunks/src_app_layout_tsx_004glpo._.js GET /_next/static/chunks/src_app_layout_tsx_004glpo._.js
2026-04-07 00:30:22.5880|INFO|Incoming request GET /_next/static/chunks/node_modules_next_dist_07p5au~._.js GET /_next/static/chunks/node_modules_next_dist_07p5au~._.js
2026-04-07 00:30:22.6010|INFO|Incoming request GET /_next/static/chunks/src_app_page_tsx_002ye8~._.js GET /_next/static/chunks/src_app_page_tsx_002ye8~._.js
2026-04-07 00:30:22.6030|INFO|Incoming request GET /next.svg GET /next.svg
2026-04-07 00:30:22.6120|INFO|Incoming request GET /_next/static/chunks/%5Broot-of-the-server%5D__02nfq85._.css GET /_next/static/chunks/%5Broot-of-the-server%5D__02nfq85._.css
2026-04-07 00:30:22.6140|INFO|Incoming request GET /_next/static/chunks/%5Bturbopack%5D_browser_dev_hmr-client_hmr-client_ts_10z625~._.js GET /_next/static/chunks/%5Bturbopack%5D_browser_dev_hmr-client_hmr-client_ts_10z625~._.js
2026-04-07 00:30:22.6170|INFO|Incoming request GET /_next/static/chunks/node_modules_next_dist_compiled_next-devtools_index_0553esy.js GET /_next/static/chunks/node_modules_next_dist_compiled_next-devtools_index_0553esy.js
2026-04-07 00:30:22.6190|INFO|Incoming request GET /_next/static/chunks/node_modules_next_dist_compiled_react-dom_058-ah~._.js GET /_next/static/chunks/node_modules_next_dist_compiled_react-dom_058-ah~._.js
2026-04-07 00:30:22.6750|INFO|Incoming request GET /_next/static/chunks/node_modules_next_dist_compiled_react-server-dom-turbopack_0p3wegg._.js GET /_next/static/chunks/node_modules_next_dist_compiled_react-server-dom-turbopack_0p3wegg._.js
2026-04-07 00:30:22.6870|INFO|Incoming request GET /_next/static/chunks/node_modules_next_dist_compiled_0rpq4pf._.js GET /_next/static/chunks/node_modules_next_dist_compiled_0rpq4pf._.js
2026-04-07 00:30:22.6960|INFO|Incoming request GET /_next/static/chunks/node_modules_next_dist_client_0fhqo1d._.js GET /_next/static/chunks/node_modules_next_dist_client_0fhqo1d._.js
2026-04-07 00:30:22.7020|INFO|Incoming request GET /_next/static/chunks/node_modules_next_dist_115brz8._.js GET /_next/static/chunks/node_modules_next_dist_115brz8._.js
2026-04-07 00:30:22.7050|INFO|Incoming request GET /_next/static/chunks/node_modules_%40swc_helpers_cjs_0-4ujiy._.js GET /_next/static/chunks/node_modules_%40swc_helpers_cjs_0-4ujiy._.js
2026-04-07 00:30:22.7520|INFO|Incoming request GET /_next/static/chunks/_0rqeker._.js GET /_next/static/chunks/_0rqeker._.js
2026-04-07 00:30:22.7750|INFO|Incoming request GET /_next/static/chunks/turbopack-_0p44nws._.js GET /_next/static/chunks/turbopack-_0p44nws._.js
2026-04-07 00:30:22.7970|INFO|Incoming request GET /_next/static/chunks/node_modules_next_dist_0tt2wve._.js GET /_next/static/chunks/node_modules_next_dist_0tt2wve._.js
2026-04-07 00:30:22.8000|INFO|Incoming request GET /_next/static/chunks/src_app_layout_tsx_004glpo._.js GET /_next/static/chunks/src_app_layout_tsx_004glpo._.js
2026-04-07 00:30:22.8080|INFO|Incoming request GET /_next/static/chunks/node_modules_next_dist_07p5au~._.js GET /_next/static/chunks/node_modules_next_dist_07p5au~._.js
2026-04-07 00:30:22.8130|INFO|Incoming request GET /_next/static/chunks/src_app_page_tsx_002ye8~._.js GET /_next/static/chunks/src_app_page_tsx_002ye8~._.js
2026-04-07 00:30:22.8280|INFO|Incoming request GET /_next/static/chunks/node_modules_next_dist_client_components_builtin_global-error_002ye8~.js GET /_next/static/chunks/node_modules_next_dist_client_components_builtin_global-error_002ye8~.js
2026-04-07 00:30:22.8490|INFO|Incoming request GET /vercel.svg GET /vercel.svg
2026-04-07 00:30:22.9050|INFO|Incoming request GET /_next/static/chunks/%5Bturbopack%5D_browser_dev_hmr-client_hmr-client_ts_10mygs7._.js GET /_next/static/chunks/%5Bturbopack%5D_browser_dev_hmr-client_hmr-client_ts_10mygs7._.js
2026-04-07 00:30:22.9120|INFO|Incoming request GET /_next/static/chunks/%5Bturbopack%5D_browser_dev_hmr-client_hmr-client_ts_0yjw1oe._.js GET /_next/static/chunks/%5Bturbopack%5D_browser_dev_hmr-client_hmr-client_ts_0yjw1oe._.js
2026-04-07 00:30:23.9690|INFO|Incoming request GET / GET /
2026-04-07 00:30:24.1190|INFO|Incoming request GET /next.svg GET /next.svg
2026-04-07 00:30:24.1290|INFO|Incoming request GET /_next/static/chunks/%5Broot-of-the-server%5D__02nfq85._.css GET /_next/static/chunks/%5Broot-of-the-server%5D__02nfq85._.css
2026-04-07 00:30:24.1320|INFO|Incoming request GET /_next/static/chunks/%5Bturbopack%5D_browser_dev_hmr-client_hmr-client_ts_10z625~._.js GET /_next/static/chunks/%5Bturbopack%5D_browser_dev_hmr-client_hmr-client_ts_10z625~._.js
2026-04-07 00:30:24.1340|INFO|Incoming request GET /_next/static/chunks/node_modules_next_dist_compiled_next-devtools_index_0553esy.js GET /_next/static/chunks/node_modules_next_dist_compiled_next-devtools_index_0553esy.js
2026-04-07 00:30:24.1510|INFO|Incoming request GET /_next/static/chunks/node_modules_next_dist_compiled_react-dom_058-ah~._.js GET /_next/static/chunks/node_modules_next_dist_compiled_react-dom_058-ah~._.js
2026-04-07 00:30:24.2090|INFO|Incoming request GET / GET /
2026-04-07 00:30:24.2200|INFO|Incoming request GET /_next/static/chunks/node_modules_next_dist_compiled_react-server-dom-turbopack_0p3wegg._.js GET /_next/static/chunks/node_modules_next_dist_compiled_react-server-dom-turbopack_0p3wegg._.js
2026-04-07 00:30:24.2240|INFO|Incoming request GET /_next/static/chunks/node_modules_next_dist_compiled_0rpq4pf._.js GET /_next/static/chunks/node_modules_next_dist_compiled_0rpq4pf._.js
2026-04-07 00:30:24.2290|INFO|Incoming request GET /_next/static/chunks/node_modules_next_dist_client_0fhqo1d._.js GET /_next/static/chunks/node_modules_next_dist_client_0fhqo1d._.js
2026-04-07 00:30:24.2350|INFO|Incoming request GET /_next/static/chunks/node_modules_next_dist_115brz8._.js GET /_next/static/chunks/node_modules_next_dist_115brz8._.js
2026-04-07 00:30:24.4190|INFO|Incoming request GET /vercel.svg GET /vercel.svg
2026-04-07 00:30:24.4400|INFO|Incoming request GET /_next/static/chunks/node_modules_%40swc_helpers_cjs_0-4ujiy._.js GET /_next/static/chunks/node_modules_%40swc_helpers_cjs_0-4ujiy._.js
2026-04-07 00:30:24.4460|INFO|Incoming request GET /_next/static/chunks/_0rqeker._.js GET /_next/static/chunks/_0rqeker._.js
2026-04-07 00:30:24.4480|INFO|Incoming request GET /_next/static/chunks/turbopack-_0p44nws._.js GET /_next/static/chunks/turbopack-_0p44nws._.js
2026-04-07 00:30:24.4650|INFO|Incoming request GET /_next/static/chunks/node_modules_next_dist_0tt2wve._.js GET /_next/static/chunks/node_modules_next_dist_0tt2wve._.js
2026-04-07 00:30:24.4900|INFO|Incoming request GET /_next/static/chunks/src_app_layout_tsx_004glpo._.js GET /_next/static/chunks/src_app_layout_tsx_004glpo._.js
2026-04-07 00:30:24.4950|INFO|Incoming request GET /_next/static/chunks/src_app_page_tsx_002ye8~._.js GET /_next/static/chunks/src_app_page_tsx_002ye8~._.js
2026-04-07 00:30:24.4970|INFO|Incoming request GET /next.svg GET /next.svg
2026-04-07 00:30:24.5090|INFO|Incoming request GET /_next/static/chunks/%5Broot-of-the-server%5D__02nfq85._.css GET /_next/static/chunks/%5Broot-of-the-server%5D__02nfq85._.css
2026-04-07 00:30:24.5140|INFO|Incoming request GET /_next/static/chunks/%5Bturbopack%5D_browser_dev_hmr-client_hmr-client_ts_10z625~._.js GET /_next/static/chunks/%5Bturbopack%5D_browser_dev_hmr-client_hmr-client_ts_10z625~._.js
2026-04-07 00:30:24.5160|INFO|Incoming request GET /_next/static/chunks/node_modules_next_dist_compiled_next-devtools_index_0553esy.js GET /_next/static/chunks/node_modules_next_dist_compiled_next-devtools_index_0553esy.js
2026-04-07 00:30:24.5180|INFO|Incoming request GET /_next/static/chunks/node_modules_next_dist_compiled_react-dom_058-ah~._.js GET /_next/static/chunks/node_modules_next_dist_compiled_react-dom_058-ah~._.js
2026-04-07 00:30:24.5770|INFO|Incoming request GET / GET /
2026-04-07 00:30:24.5860|INFO|Incoming request GET /_next/static/chunks/node_modules_next_dist_compiled_react-server-dom-turbopack_0p3wegg._.js GET /_next/static/chunks/node_modules_next_dist_compiled_react-server-dom-turbopack_0p3wegg._.js
2026-04-07 00:30:24.5890|INFO|Incoming request GET /_next/static/chunks/node_modules_next_dist_compiled_0rpq4pf._.js GET /_next/static/chunks/node_modules_next_dist_compiled_0rpq4pf._.js
2026-04-07 00:30:24.5910|INFO|Incoming request GET /_next/static/chunks/node_modules_next_dist_client_0fhqo1d._.js GET /_next/static/chunks/node_modules_next_dist_client_0fhqo1d._.js
2026-04-07 00:30:24.5940|INFO|Incoming request GET /_next/static/chunks/node_modules_next_dist_115brz8._.js GET /_next/static/chunks/node_modules_next_dist_115brz8._.js
2026-04-07 00:30:24.7940|INFO|Incoming request GET /_next/static/chunks/node_modules_%40swc_helpers_cjs_0-4ujiy._.js GET /_next/static/chunks/node_modules_%40swc_helpers_cjs_0-4ujiy._.js
2026-04-07 00:30:24.7970|INFO|Incoming request GET /_next/static/chunks/_0rqeker._.js GET /_next/static/chunks/_0rqeker._.js
2026-04-07 00:30:24.7990|INFO|Incoming request GET /_next/static/chunks/turbopack-_0p44nws._.js GET /_next/static/chunks/turbopack-_0p44nws._.js
2026-04-07 00:30:24.8010|INFO|Incoming request GET /_next/static/chunks/node_modules_next_dist_0tt2wve._.js GET /_next/static/chunks/node_modules_next_dist_0tt2wve._.js
2026-04-07 00:30:24.8270|INFO|Incoming request GET /_next/static/chunks/src_app_layout_tsx_004glpo._.js GET /_next/static/chunks/src_app_layout_tsx_004glpo._.js
2026-04-07 00:30:24.8400|INFO|Incoming request GET /_next/static/chunks/node_modules_next_dist_07p5au~._.js GET /_next/static/chunks/node_modules_next_dist_07p5au~._.js
2026-04-07 00:30:24.8430|INFO|Incoming request GET /next.svg GET /next.svg
2026-04-07 00:30:24.8500|INFO|Incoming request GET /_next/static/chunks/%5Broot-of-the-server%5D__02nfq85._.css GET /_next/static/chunks/%5Broot-of-the-server%5D__02nfq85._.css
2026-04-07 00:30:24.8530|INFO|Incoming request GET /_next/static/chunks/%5Bturbopack%5D_browser_dev_hmr-client_hmr-client_ts_10z625~._.js GET /_next/static/chunks/%5Bturbopack%5D_browser_dev_hmr-client_hmr-client_ts_10z625~._.js
2026-04-07 00:30:24.8560|INFO|Incoming request GET /_next/static/chunks/node_modules_next_dist_compiled_next-devtools_index_0553esy.js GET /_next/static/chunks/node_modules_next_dist_compiled_next-devtools_index_0553esy.js
2026-04-07 00:30:24.8580|INFO|Incoming request GET /_next/static/chunks/node_modules_next_dist_compiled_react-dom_058-ah~._.js GET /_next/static/chunks/node_modules_next_dist_compiled_react-dom_058-ah~._.js
2026-04-07 00:30:24.9300|INFO|Incoming request GET /_next/static/chunks/node_modules_next_dist_compiled_react-server-dom-turbopack_0p3wegg._.js GET /_next/static/chunks/node_modules_next_dist_compiled_react-server-dom-turbopack_0p3wegg._.js
2026-04-07 00:30:24.9330|INFO|Incoming request GET / GET /
2026-04-07 00:30:24.9350|INFO|Incoming request GET /_next/static/chunks/node_modules_next_dist_compiled_0rpq4pf._.js GET /_next/static/chunks/node_modules_next_dist_compiled_0rpq4pf._.js
2026-04-07 00:30:24.9420|INFO|Incoming request GET /_next/static/chunks/node_modules_next_dist_client_0fhqo1d._.js GET /_next/static/chunks/node_modules_next_dist_client_0fhqo1d._.js
2026-04-07 00:30:24.9450|INFO|Incoming request GET /_next/static/chunks/node_modules_next_dist_115brz8._.js GET /_next/static/chunks/node_modules_next_dist_115brz8._.js
2026-04-07 00:30:25.0900|INFO|Incoming request GET /_next/static/chunks/node_modules_%40swc_helpers_cjs_0-4ujiy._.js GET /_next/static/chunks/node_modules_%40swc_helpers_cjs_0-4ujiy._.js
2026-04-07 00:30:25.1160|INFO|Incoming request GET /_next/static/chunks/_0rqeker._.js GET /_next/static/chunks/_0rqeker._.js
2026-04-07 00:30:25.1440|INFO|Incoming request GET /_next/static/chunks/turbopack-_0p44nws._.js GET /_next/static/chunks/turbopack-_0p44nws._.js
2026-04-07 00:30:25.1460|INFO|Incoming request GET /_next/static/chunks/node_modules_next_dist_0tt2wve._.js GET /_next/static/chunks/node_modules_next_dist_0tt2wve._.js
2026-04-07 00:30:25.1610|INFO|Incoming request GET /_next/static/chunks/src_app_layout_tsx_004glpo._.js GET /_next/static/chunks/src_app_layout_tsx_004glpo._.js
2026-04-07 00:30:25.1800|INFO|Incoming request GET /next.svg GET /next.svg
2026-04-07 00:30:25.1900|INFO|Incoming request GET /_next/static/chunks/%5Broot-of-the-server%5D__02nfq85._.css GET /_next/static/chunks/%5Broot-of-the-server%5D__02nfq85._.css
2026-04-07 00:30:25.1950|INFO|Incoming request GET /_next/static/chunks/%5Bturbopack%5D_browser_dev_hmr-client_hmr-client_ts_10z625~._.js GET /_next/static/chunks/%5Bturbopack%5D_browser_dev_hmr-client_hmr-client_ts_10z625~._.js
2026-04-07 00:30:25.1980|INFO|Incoming request GET /_next/static/chunks/node_modules_next_dist_compiled_next-devtools_index_0553esy.js GET /_next/static/chunks/node_modules_next_dist_compiled_next-devtools_index_0553esy.js
2026-04-07 00:30:25.2000|INFO|Incoming request GET /_next/static/chunks/node_modules_next_dist_compiled_react-dom_058-ah~._.js GET /_next/static/chunks/node_modules_next_dist_compiled_react-dom_058-ah~._.js
2026-04-07 00:30:25.2550|INFO|Incoming request GET /_next/static/chunks/node_modules_next_dist_compiled_react-server-dom-turbopack_0p3wegg._.js GET /_next/static/chunks/node_modules_next_dist_compiled_react-server-dom-turbopack_0p3wegg._.js
2026-04-07 00:30:25.2690|INFO|Incoming request GET / GET /
2026-04-07 00:30:25.2720|INFO|Incoming request GET /_next/static/chunks/node_modules_next_dist_compiled_0rpq4pf._.js GET /_next/static/chunks/node_modules_next_dist_compiled_0rpq4pf._.js
2026-04-07 00:30:25.2740|INFO|Incoming request GET /_next/static/chunks/node_modules_next_dist_client_0fhqo1d._.js GET /_next/static/chunks/node_modules_next_dist_client_0fhqo1d._.js
2026-04-07 00:30:25.2750|INFO|Incoming request GET /_next/static/chunks/node_modules_%40swc_helpers_cjs_0-4ujiy._.js GET /_next/static/chunks/node_modules_%40swc_helpers_cjs_0-4ujiy._.js
2026-04-07 00:30:25.4580|INFO|Incoming request GET /_next/static/chunks/_0rqeker._.js GET /_next/static/chunks/_0rqeker._.js
2026-04-07 00:30:25.4920|INFO|Incoming request GET /_next/static/chunks/node_modules_next_dist_115brz8._.js GET /_next/static/chunks/node_modules_next_dist_115brz8._.js
2026-04-07 00:30:25.4960|INFO|Incoming request GET /_next/static/chunks/turbopack-_0p44nws._.js GET /_next/static/chunks/turbopack-_0p44nws._.js
2026-04-07 00:30:25.5130|INFO|Incoming request GET /_next/static/chunks/node_modules_next_dist_0tt2wve._.js GET /_next/static/chunks/node_modules_next_dist_0tt2wve._.js
2026-04-07 00:30:25.5340|INFO|Incoming request GET /next.svg GET /next.svg
2026-04-07 00:30:25.5490|INFO|Incoming request GET /_next/static/chunks/%5Broot-of-the-server%5D__02nfq85._.css GET /_next/static/chunks/%5Broot-of-the-server%5D__02nfq85._.css
2026-04-07 00:30:25.5550|INFO|Incoming request GET /_next/static/chunks/%5Bturbopack%5D_browser_dev_hmr-client_hmr-client_ts_10z625~._.js GET /_next/static/chunks/%5Bturbopack%5D_browser_dev_hmr-client_hmr-client_ts_10z625~._.js
2026-04-07 00:30:25.5590|INFO|Incoming request GET /_next/static/chunks/node_modules_next_dist_compiled_next-devtools_index_0553esy.js GET /_next/static/chunks/node_modules_next_dist_compiled_next-devtools_index_0553esy.js
2026-04-07 00:30:25.5630|INFO|Incoming request GET /_next/static/chunks/node_modules_next_dist_compiled_react-dom_058-ah~._.js GET /_next/static/chunks/node_modules_next_dist_compiled_react-dom_058-ah~._.js
2026-04-07 00:30:25.6060|INFO|Incoming request GET / GET /
2026-04-07 00:30:25.6170|INFO|Incoming request GET /_next/static/chunks/node_modules_next_dist_compiled_react-server-dom-turbopack_0p3wegg._.js GET /_next/static/chunks/node_modules_next_dist_compiled_react-server-dom-turbopack_0p3wegg._.js
2026-04-07 00:30:25.6190|INFO|Incoming request GET /_next/static/chunks/node_modules_next_dist_compiled_0rpq4pf._.js GET /_next/static/chunks/node_modules_next_dist_compiled_0rpq4pf._.js
2026-04-07 00:30:25.6210|INFO|Incoming request GET /_next/static/chunks/node_modules_next_dist_115brz8._.js GET /_next/static/chunks/node_modules_next_dist_115brz8._.js
2026-04-07 00:30:25.6230|INFO|Incoming request GET /_next/static/chunks/node_modules_next_dist_client_0fhqo1d._.js GET /_next/static/chunks/node_modules_next_dist_client_0fhqo1d._.js
2026-04-07 00:30:25.8080|INFO|Incoming request GET /_next/static/chunks/node_modules_%40swc_helpers_cjs_0-4ujiy._.js GET /_next/static/chunks/node_modules_%40swc_helpers_cjs_0-4ujiy._.js
2026-04-07 00:30:25.8100|INFO|Incoming request GET /_next/static/chunks/_0rqeker._.js GET /_next/static/chunks/_0rqeker._.js
2026-04-07 00:30:25.8120|INFO|Incoming request GET /_next/static/chunks/turbopack-_0p44nws._.js GET /_next/static/chunks/turbopack-_0p44nws._.js
2026-04-07 00:30:25.8230|INFO|Incoming request GET /_next/static/chunks/node_modules_next_dist_0tt2wve._.js GET /_next/static/chunks/node_modules_next_dist_0tt2wve._.js
2026-04-07 00:30:25.8330|INFO|Incoming request GET /_next/static/chunks/src_app_layout_tsx_004glpo._.js GET /_next/static/chunks/src_app_layout_tsx_004glpo._.js
2026-04-07 00:30:25.8340|INFO|Incoming request GET / GET /
2026-04-07 00:30:25.8360|INFO|Incoming request GET /next.svg GET /next.svg
2026-04-07 00:30:25.8420|INFO|Incoming request GET /_next/static/chunks/%5Broot-of-the-server%5D__02nfq85._.css GET /_next/static/chunks/%5Broot-of-the-server%5D__02nfq85._.css
2026-04-07 00:30:25.8460|INFO|Incoming request GET /_next/static/chunks/%5Bturbopack%5D_browser_dev_hmr-client_hmr-client_ts_10z625~._.js GET /_next/static/chunks/%5Bturbopack%5D_browser_dev_hmr-client_hmr-client_ts_10z625~._.js
2026-04-07 00:30:25.8480|INFO|Incoming request GET /_next/static/chunks/node_modules_next_dist_compiled_next-devtools_index_0553esy.js GET /_next/static/chunks/node_modules_next_dist_compiled_next-devtools_index_0553esy.js
2026-04-07 00:30:25.9820|INFO|Incoming request GET /_next/static/chunks/node_modules_next_dist_compiled_react-dom_058-ah~._.js GET /_next/static/chunks/node_modules_next_dist_compiled_react-dom_058-ah~._.js
2026-04-07 00:30:26.0390|INFO|Incoming request GET /_next/static/chunks/node_modules_next_dist_compiled_react-server-dom-turbopack_0p3wegg._.js GET /_next/static/chunks/node_modules_next_dist_compiled_react-server-dom-turbopack_0p3wegg._.js
2026-04-07 00:30:26.0410|INFO|Incoming request GET /_next/static/chunks/node_modules_next_dist_compiled_0rpq4pf._.js GET /_next/static/chunks/node_modules_next_dist_compiled_0rpq4pf._.js
2026-04-07 00:30:26.0670|INFO|Incoming request GET /_next/static/chunks/node_modules_next_dist_client_0fhqo1d._.js GET /_next/static/chunks/node_modules_next_dist_client_0fhqo1d._.js
2026-04-07 00:30:26.0820|INFO|Incoming request GET /_next/static/chunks/node_modules_next_dist_115brz8._.js GET /_next/static/chunks/node_modules_next_dist_115brz8._.js
2026-04-07 00:30:26.0860|INFO|Incoming request GET /_next/static/chunks/node_modules_%40swc_helpers_cjs_0-4ujiy._.js GET /_next/static/chunks/node_modules_%40swc_helpers_cjs_0-4ujiy._.js
2026-04-07 00:30:26.0880|INFO|Incoming request GET /_next/static/chunks/_0rqeker._.js GET /_next/static/chunks/_0rqeker._.js
2026-04-07 00:30:26.0900|INFO|Incoming request GET /_next/static/chunks/turbopack-_0p44nws._.js GET /_next/static/chunks/turbopack-_0p44nws._.js
2026-04-07 00:30:26.0920|INFO|Incoming request GET /next.svg GET /next.svg
2026-04-07 00:30:26.1010|INFO|Incoming request GET /_next/static/chunks/%5Broot-of-the-server%5D__02nfq85._.css GET /_next/static/chunks/%5Broot-of-the-server%5D__02nfq85._.css
2026-04-07 00:30:26.1030|INFO|Incoming request GET /_next/static/chunks/node_modules_next_dist_compiled_react-dom_058-ah~._.js GET /_next/static/chunks/node_modules_next_dist_compiled_react-dom_058-ah~._.js
2026-04-07 00:30:26.1040|INFO|Incoming request GET /_next/static/chunks/node_modules_next_dist_compiled_react-server-dom-turbopack_0p3wegg._.js GET /_next/static/chunks/node_modules_next_dist_compiled_react-server-dom-turbopack_0p3wegg._.js
2026-04-07 00:30:26.1060|INFO|Incoming request GET /_next/static/chunks/%5Bturbopack%5D_browser_dev_hmr-client_hmr-client_ts_10z625~._.js GET /_next/static/chunks/%5Bturbopack%5D_browser_dev_hmr-client_hmr-client_ts_10z625~._.js
2026-04-07 00:30:26.1410|INFO|Incoming request GET / GET /
2026-04-07 00:30:26.1550|INFO|Incoming request GET /_next/static/chunks/node_modules_next_dist_compiled_next-devtools_index_0553esy.js GET /_next/static/chunks/node_modules_next_dist_compiled_next-devtools_index_0553esy.js
2026-04-07 00:30:26.1590|INFO|Incoming request GET /_next/static/chunks/node_modules_next_dist_compiled_0rpq4pf._.js GET /_next/static/chunks/node_modules_next_dist_compiled_0rpq4pf._.js
2026-04-07 00:30:26.3160|INFO|Incoming request GET /_next/static/chunks/node_modules_next_dist_client_0fhqo1d._.js GET /_next/static/chunks/node_modules_next_dist_client_0fhqo1d._.js
2026-04-07 00:30:26.3180|INFO|Incoming request GET /_next/static/chunks/node_modules_next_dist_115brz8._.js GET /_next/static/chunks/node_modules_next_dist_115brz8._.js
2026-04-07 00:30:26.3400|INFO|Incoming request GET /_next/static/chunks/node_modules_%40swc_helpers_cjs_0-4ujiy._.js GET /_next/static/chunks/node_modules_%40swc_helpers_cjs_0-4ujiy._.js
2026-04-07 00:30:26.3510|INFO|Incoming request GET /_next/static/chunks/_0rqeker._.js GET /_next/static/chunks/_0rqeker._.js
2026-04-07 00:30:26.3530|INFO|Incoming request GET / GET /
2026-04-07 00:30:26.3540|INFO|Incoming request GET /next.svg GET /next.svg
2026-04-07 00:30:26.3600|INFO|Incoming request GET /_next/static/chunks/%5Broot-of-the-server%5D__02nfq85._.css GET /_next/static/chunks/%5Broot-of-the-server%5D__02nfq85._.css
2026-04-07 00:30:26.3630|INFO|Incoming request GET /_next/static/chunks/node_modules_next_dist_compiled_react-dom_058-ah~._.js GET /_next/static/chunks/node_modules_next_dist_compiled_react-dom_058-ah~._.js
2026-04-07 00:30:26.3650|INFO|Incoming request GET /_next/static/chunks/%5Bturbopack%5D_browser_dev_hmr-client_hmr-client_ts_10z625~._.js GET /_next/static/chunks/%5Bturbopack%5D_browser_dev_hmr-client_hmr-client_ts_10z625~._.js
2026-04-07 00:30:26.5170|INFO|Incoming request GET /_next/static/chunks/node_modules_next_dist_compiled_next-devtools_index_0553esy.js GET /_next/static/chunks/node_modules_next_dist_compiled_next-devtools_index_0553esy.js
2026-04-07 00:30:26.5390|INFO|Incoming request GET /_next/static/chunks/node_modules_next_dist_compiled_react-server-dom-turbopack_0p3wegg._.js GET /_next/static/chunks/node_modules_next_dist_compiled_react-server-dom-turbopack_0p3wegg._.js
2026-04-07 00:30:26.5570|INFO|Incoming request GET /_next/static/chunks/node_modules_next_dist_compiled_0rpq4pf._.js GET /_next/static/chunks/node_modules_next_dist_compiled_0rpq4pf._.js
2026-04-07 00:30:26.5700|INFO|Incoming request GET /_next/static/chunks/node_modules_next_dist_client_0fhqo1d._.js GET /_next/static/chunks/node_modules_next_dist_client_0fhqo1d._.js
2026-04-07 00:30:26.5720|INFO|Incoming request GET /_next/static/chunks/node_modules_next_dist_115brz8._.js GET /_next/static/chunks/node_modules_next_dist_115brz8._.js
2026-04-07 00:30:26.5740|INFO|Incoming request GET /next.svg GET /next.svg
2026-04-07 00:30:26.5810|INFO|Incoming request GET /_next/static/chunks/%5Broot-of-the-server%5D__02nfq85._.css GET /_next/static/chunks/%5Broot-of-the-server%5D__02nfq85._.css
2026-04-07 00:30:26.5830|INFO|Incoming request GET /_next/static/chunks/node_modules_next_dist_compiled_next-devtools_index_0553esy.js GET /_next/static/chunks/node_modules_next_dist_compiled_next-devtools_index_0553esy.js
2026-04-07 00:30:26.5850|INFO|Incoming request GET /_next/static/chunks/node_modules_next_dist_compiled_react-dom_058-ah~._.js GET /_next/static/chunks/node_modules_next_dist_compiled_react-dom_058-ah~._.js
2026-04-07 00:30:26.5860|INFO|Incoming request GET /_next/static/chunks/node_modules_next_dist_compiled_react-server-dom-turbopack_0p3wegg._.js GET /_next/static/chunks/node_modules_next_dist_compiled_react-server-dom-turbopack_0p3wegg._.js
2026-04-07 00:30:26.6340|INFO|Incoming request GET /_next/static/chunks/%5Bturbopack%5D_browser_dev_hmr-client_hmr-client_ts_10z625~._.js GET /_next/static/chunks/%5Bturbopack%5D_browser_dev_hmr-client_hmr-client_ts_10z625~._.js
2026-04-07 00:30:26.6400|INFO|Incoming request GET /_next/static/chunks/node_modules_next_dist_compiled_0rpq4pf._.js GET /_next/static/chunks/node_modules_next_dist_compiled_0rpq4pf._.js
2026-04-07 00:30:26.6870|INFO|Incoming request GET / GET /
2026-04-07 00:30:26.6900|INFO|Incoming request GET /_next/static/chunks/node_modules_next_dist_client_0fhqo1d._.js GET /_next/static/chunks/node_modules_next_dist_client_0fhqo1d._.js
2026-04-07 00:30:26.6990|INFO|Incoming request GET /_next/static/chunks/node_modules_next_dist_115brz8._.js GET /_next/static/chunks/node_modules_next_dist_115brz8._.js
2026-04-07 00:30:26.7830|INFO|Incoming request GET /_next/static/chunks/node_modules_%40swc_helpers_cjs_0-4ujiy._.js GET /_next/static/chunks/node_modules_%40swc_helpers_cjs_0-4ujiy._.js
2026-04-07 00:30:26.8670|INFO|Incoming request GET /_next/static/chunks/_0rqeker._.js GET /_next/static/chunks/_0rqeker._.js
2026-04-07 00:30:26.8690|INFO|Incoming request GET / GET /
2026-04-07 00:30:26.8700|INFO|Incoming request GET /_next/static/chunks/turbopack-_0p44nws._.js GET /_next/static/chunks/turbopack-_0p44nws._.js
2026-04-07 00:30:26.8720|INFO|Incoming request GET /next.svg GET /next.svg
2026-04-07 00:30:26.8960|INFO|Incoming request GET /_next/static/chunks/%5Broot-of-the-server%5D__02nfq85._.css GET /_next/static/chunks/%5Broot-of-the-server%5D__02nfq85._.css
2026-04-07 00:30:26.8980|INFO|Incoming request GET /_next/static/chunks/node_modules_next_dist_compiled_next-devtools_index_0553esy.js GET /_next/static/chunks/node_modules_next_dist_compiled_next-devtools_index_0553esy.js
2026-04-07 00:30:26.9690|INFO|Incoming request GET /_next/static/chunks/node_modules_next_dist_compiled_react-dom_058-ah~._.js GET /_next/static/chunks/node_modules_next_dist_compiled_react-dom_058-ah~._.js
2026-04-07 00:30:27.0230|INFO|Incoming request GET /_next/static/chunks/%5Bturbopack%5D_browser_dev_hmr-client_hmr-client_ts_10z625~._.js GET /_next/static/chunks/%5Bturbopack%5D_browser_dev_hmr-client_hmr-client_ts_10z625~._.js
2026-04-07 00:30:27.0850|INFO|Incoming request GET /_next/static/chunks/node_modules_next_dist_compiled_react-server-dom-turbopack_0p3wegg._.js GET /_next/static/chunks/node_modules_next_dist_compiled_react-server-dom-turbopack_0p3wegg._.js
2026-04-07 00:30:27.1000|INFO|Incoming request GET /_next/static/chunks/node_modules_next_dist_compiled_0rpq4pf._.js GET /_next/static/chunks/node_modules_next_dist_compiled_0rpq4pf._.js
2026-04-07 00:30:27.1020|INFO|Incoming request GET /_next/static/chunks/node_modules_%40swc_helpers_cjs_0-4ujiy._.js GET /_next/static/chunks/node_modules_%40swc_helpers_cjs_0-4ujiy._.js
2026-04-07 00:30:27.1030|INFO|Incoming request GET /_next/static/chunks/_0rqeker._.js GET /_next/static/chunks/_0rqeker._.js
2026-04-07 00:30:27.1040|INFO|Incoming request GET /next.svg GET /next.svg
2026-04-07 00:30:27.1140|INFO|Incoming request GET /_next/static/chunks/%5Broot-of-the-server%5D__02nfq85._.css GET /_next/static/chunks/%5Broot-of-the-server%5D__02nfq85._.css
2026-04-07 00:30:27.1170|INFO|Incoming request GET /_next/static/chunks/%5Bturbopack%5D_browser_dev_hmr-client_hmr-client_ts_10z625~._.js GET /_next/static/chunks/%5Bturbopack%5D_browser_dev_hmr-client_hmr-client_ts_10z625~._.js
2026-04-07 00:30:27.1190|INFO|Incoming request GET /_next/static/chunks/node_modules_next_dist_compiled_next-devtools_index_0553esy.js GET /_next/static/chunks/node_modules_next_dist_compiled_next-devtools_index_0553esy.js
2026-04-07 00:30:27.1200|INFO|Incoming request GET /_next/static/chunks/node_modules_next_dist_compiled_react-dom_058-ah~._.js GET /_next/static/chunks/node_modules_next_dist_compiled_react-dom_058-ah~._.js
2026-04-07 00:30:27.1670|INFO|Incoming request GET /_next/static/chunks/node_modules_next_dist_compiled_react-server-dom-turbopack_0p3wegg._.js GET /_next/static/chunks/node_modules_next_dist_compiled_react-server-dom-turbopack_0p3wegg._.js
2026-04-07 00:30:27.1850|INFO|Incoming request GET /_next/static/chunks/node_modules_next_dist_compiled_0rpq4pf._.js GET /_next/static/chunks/node_modules_next_dist_compiled_0rpq4pf._.js
2026-04-07 00:30:27.1960|INFO|Incoming request GET /_next/static/chunks/node_modules_next_dist_client_0fhqo1d._.js GET /_next/static/chunks/node_modules_next_dist_client_0fhqo1d._.js
2026-04-07 00:30:27.2380|INFO|Incoming request GET / GET /
2026-04-07 00:30:27.3280|INFO|Incoming request GET /_next/static/chunks/node_modules_next_dist_115brz8._.js GET /_next/static/chunks/node_modules_next_dist_115brz8._.js
2026-04-07 00:30:27.3440|INFO|Incoming request GET /_next/static/chunks/node_modules_%40swc_helpers_cjs_0-4ujiy._.js GET /_next/static/chunks/node_modules_%40swc_helpers_cjs_0-4ujiy._.js
2026-04-07 00:30:27.4470|INFO|Incoming request GET /_next/static/chunks/_0rqeker._.js GET /_next/static/chunks/_0rqeker._.js
2026-04-07 00:30:27.4490|INFO|Incoming request GET /next.svg GET /next.svg
2026-04-07 00:30:27.4560|INFO|Incoming request GET /_next/static/chunks/%5Broot-of-the-server%5D__02nfq85._.css GET /_next/static/chunks/%5Broot-of-the-server%5D__02nfq85._.css
2026-04-07 00:30:27.4600|INFO|Incoming request GET /_next/static/chunks/node_modules_next_dist_compiled_next-devtools_index_0553esy.js GET /_next/static/chunks/node_modules_next_dist_compiled_next-devtools_index_0553esy.js
2026-04-07 00:30:27.4640|INFO|Incoming request GET /_next/static/chunks/node_modules_next_dist_compiled_react-dom_058-ah~._.js GET /_next/static/chunks/node_modules_next_dist_compiled_react-dom_058-ah~._.js
2026-04-07 00:30:27.4660|INFO|Incoming request GET /_next/static/chunks/%5Bturbopack%5D_browser_dev_hmr-client_hmr-client_ts_10z625~._.js GET /_next/static/chunks/%5Bturbopack%5D_browser_dev_hmr-client_hmr-client_ts_10z625~._.js
2026-04-07 00:30:27.5360|INFO|Incoming request GET /_next/static/chunks/node_modules_next_dist_compiled_react-server-dom-turbopack_0p3wegg._.js GET /_next/static/chunks/node_modules_next_dist_compiled_react-server-dom-turbopack_0p3wegg._.js
2026-04-07 00:30:27.5620|INFO|Incoming request GET /_next/static/chunks/node_modules_next_dist_compiled_0rpq4pf._.js GET /_next/static/chunks/node_modules_next_dist_compiled_0rpq4pf._.js
2026-04-07 00:30:27.5710|INFO|Incoming request GET /_next/static/chunks/node_modules_next_dist_client_0fhqo1d._.js GET /_next/static/chunks/node_modules_next_dist_client_0fhqo1d._.js
2026-04-07 00:30:27.6180|INFO|Incoming request GET / GET /
2026-04-07 00:30:27.6490|INFO|Incoming request GET /_next/static/chunks/node_modules_next_dist_115brz8._.js GET /_next/static/chunks/node_modules_next_dist_115brz8._.js
2026-04-07 00:30:27.7480|INFO|Incoming request GET /_next/static/chunks/node_modules_%40swc_helpers_cjs_0-4ujiy._.js GET /_next/static/chunks/node_modules_%40swc_helpers_cjs_0-4ujiy._.js
2026-04-07 00:30:27.8680|INFO|Incoming request GET /_next/static/chunks/_0rqeker._.js GET /_next/static/chunks/_0rqeker._.js
2026-04-07 00:30:27.8700|INFO|Incoming request GET /next.svg GET /next.svg
2026-04-07 00:30:27.8830|INFO|Incoming request GET /_next/static/chunks/%5Broot-of-the-server%5D__02nfq85._.css GET /_next/static/chunks/%5Broot-of-the-server%5D__02nfq85._.css
2026-04-07 00:30:27.8850|INFO|Incoming request GET /_next/static/chunks/node_modules_next_dist_compiled_next-devtools_index_0553esy.js GET /_next/static/chunks/node_modules_next_dist_compiled_next-devtools_index_0553esy.js
2026-04-07 00:30:27.8880|INFO|Incoming request GET /_next/static/chunks/node_modules_next_dist_compiled_react-dom_058-ah~._.js GET /_next/static/chunks/node_modules_next_dist_compiled_react-dom_058-ah~._.js
2026-04-07 00:30:27.9060|INFO|Incoming request GET /_next/static/chunks/%5Bturbopack%5D_browser_dev_hmr-client_hmr-client_ts_10z625~._.js GET /_next/static/chunks/%5Bturbopack%5D_browser_dev_hmr-client_hmr-client_ts_10z625~._.js
2026-04-07 00:30:27.9480|INFO|Incoming request GET / GET /
2026-04-07 00:30:27.9570|INFO|Incoming request GET /_next/static/chunks/node_modules_next_dist_compiled_react-server-dom-turbopack_0p3wegg._.js GET /_next/static/chunks/node_modules_next_dist_compiled_react-server-dom-turbopack_0p3wegg._.js
2026-04-07 00:30:28.0400|INFO|Incoming request GET /_next/static/chunks/node_modules_next_dist_compiled_0rpq4pf._.js GET /_next/static/chunks/node_modules_next_dist_compiled_0rpq4pf._.js
2026-04-07 00:30:28.1420|INFO|Incoming request GET /_next/static/chunks/node_modules_next_dist_client_0fhqo1d._.js GET /_next/static/chunks/node_modules_next_dist_client_0fhqo1d._.js
2026-04-07 00:30:28.1520|INFO|Incoming request GET /_next/static/chunks/node_modules_next_dist_115brz8._.js GET /_next/static/chunks/node_modules_next_dist_115brz8._.js
2026-04-07 00:30:28.1640|INFO|Incoming request GET /_next/static/chunks/node_modules_%40swc_helpers_cjs_0-4ujiy._.js GET /_next/static/chunks/node_modules_%40swc_helpers_cjs_0-4ujiy._.js
2026-04-07 00:30:28.1660|INFO|Incoming request GET / GET /
2026-04-07 00:30:28.1680|INFO|Incoming request GET /next.svg GET /next.svg
2026-04-07 00:30:28.1750|INFO|Incoming request GET /_next/static/chunks/%5Broot-of-the-server%5D__02nfq85._.css GET /_next/static/chunks/%5Broot-of-the-server%5D__02nfq85._.css
2026-04-07 00:30:28.1900|INFO|Incoming request GET /_next/static/chunks/node_modules_next_dist_compiled_next-devtools_index_0553esy.js GET /_next/static/chunks/node_modules_next_dist_compiled_next-devtools_index_0553esy.js
2026-04-07 00:30:28.2840|INFO|Incoming request GET /_next/static/chunks/node_modules_next_dist_compiled_react-dom_058-ah~._.js GET /_next/static/chunks/node_modules_next_dist_compiled_react-dom_058-ah~._.js
2026-04-07 00:30:28.3350|INFO|Incoming request GET /_next/static/chunks/%5Bturbopack%5D_browser_dev_hmr-client_hmr-client_ts_10z625~._.js GET /_next/static/chunks/%5Bturbopack%5D_browser_dev_hmr-client_hmr-client_ts_10z625~._.js
2026-04-07 00:30:28.4060|INFO|Incoming request GET /_next/static/chunks/node_modules_next_dist_compiled_react-server-dom-turbopack_0p3wegg._.js GET /_next/static/chunks/node_modules_next_dist_compiled_react-server-dom-turbopack_0p3wegg._.js
2026-04-07 00:30:28.4380|INFO|Incoming request GET /_next/static/chunks/node_modules_next_dist_compiled_0rpq4pf._.js GET /_next/static/chunks/node_modules_next_dist_compiled_0rpq4pf._.js
2026-04-07 00:30:28.4400|INFO|Incoming request GET /_next/static/chunks/node_modules_next_dist_client_0fhqo1d._.js GET /_next/static/chunks/node_modules_next_dist_client_0fhqo1d._.js
2026-04-07 00:30:28.4450|INFO|Incoming request GET /_next/static/chunks/node_modules_next_dist_115brz8._.js GET /_next/static/chunks/node_modules_next_dist_115brz8._.js
2026-04-07 00:30:28.4490|INFO|Incoming request GET /_next/static/chunks/_0rqeker._.js GET /_next/static/chunks/_0rqeker._.js
2026-04-07 00:30:28.4510|INFO|Incoming request GET /_next/static/chunks/turbopack-_0p44nws._.js GET /_next/static/chunks/turbopack-_0p44nws._.js
2026-04-07 00:30:28.4530|INFO|Incoming request GET /_next/static/chunks/node_modules_next_dist_07p5au~._.js GET /_next/static/chunks/node_modules_next_dist_07p5au~._.js
2026-04-07 00:30:28.4560|INFO|Incoming request GET /next.svg GET /next.svg
2026-04-07 00:30:28.4650|INFO|Incoming request GET /_next/static/chunks/%5Broot-of-the-server%5D__02nfq85._.css GET /_next/static/chunks/%5Broot-of-the-server%5D__02nfq85._.css
2026-04-07 00:30:28.4660|INFO|Incoming request GET /_next/static/chunks/%5Bturbopack%5D_browser_dev_hmr-client_hmr-client_ts_10z625~._.js GET /_next/static/chunks/%5Bturbopack%5D_browser_dev_hmr-client_hmr-client_ts_10z625~._.js
2026-04-07 00:30:28.4680|INFO|Incoming request GET /_next/static/chunks/node_modules_next_dist_compiled_next-devtools_index_0553esy.js GET /_next/static/chunks/node_modules_next_dist_compiled_next-devtools_index_0553esy.js
2026-04-07 00:30:28.4690|INFO|Incoming request GET /_next/static/chunks/node_modules_next_dist_compiled_react-dom_058-ah~._.js GET /_next/static/chunks/node_modules_next_dist_compiled_react-dom_058-ah~._.js
2026-04-07 00:30:28.5130|INFO|Incoming request GET / GET /
2026-04-07 00:30:28.5320|INFO|Incoming request GET /_next/static/chunks/node_modules_next_dist_compiled_react-server-dom-turbopack_0p3wegg._.js GET /_next/static/chunks/node_modules_next_dist_compiled_react-server-dom-turbopack_0p3wegg._.js
2026-04-07 00:30:28.6340|INFO|Incoming request GET /_next/static/chunks/node_modules_next_dist_compiled_0rpq4pf._.js GET /_next/static/chunks/node_modules_next_dist_compiled_0rpq4pf._.js
2026-04-07 00:30:28.7520|INFO|Incoming request GET /_next/static/chunks/node_modules_next_dist_client_0fhqo1d._.js GET /_next/static/chunks/node_modules_next_dist_client_0fhqo1d._.js
2026-04-07 00:30:28.7640|INFO|Incoming request GET /_next/static/chunks/node_modules_next_dist_115brz8._.js GET /_next/static/chunks/node_modules_next_dist_115brz8._.js
2026-04-07 00:30:28.7660|INFO|Incoming request GET /_next/static/chunks/node_modules_%40swc_helpers_cjs_0-4ujiy._.js GET /_next/static/chunks/node_modules_%40swc_helpers_cjs_0-4ujiy._.js
2026-04-07 00:30:28.7740|INFO|Incoming request GET /next.svg GET /next.svg
2026-04-07 00:30:28.7750|INFO|Incoming request GET /_next/static/chunks/%5Broot-of-the-server%5D__02nfq85._.css GET /_next/static/chunks/%5Broot-of-the-server%5D__02nfq85._.css
2026-04-07 00:30:28.7770|INFO|Incoming request GET /_next/static/chunks/node_modules_next_dist_compiled_next-devtools_index_0553esy.js GET /_next/static/chunks/node_modules_next_dist_compiled_next-devtools_index_0553esy.js
2026-04-07 00:30:28.7790|INFO|Incoming request GET /_next/static/chunks/node_modules_next_dist_compiled_react-dom_058-ah~._.js GET /_next/static/chunks/node_modules_next_dist_compiled_react-dom_058-ah~._.js
2026-04-07 00:30:28.7810|INFO|Incoming request GET /_next/static/chunks/node_modules_next_dist_compiled_react-server-dom-turbopack_0p3wegg._.js GET /_next/static/chunks/node_modules_next_dist_compiled_react-server-dom-turbopack_0p3wegg._.js
2026-04-07 00:30:28.8290|INFO|Incoming request GET /_next/static/chunks/%5Bturbopack%5D_browser_dev_hmr-client_hmr-client_ts_10z625~._.js GET /_next/static/chunks/%5Bturbopack%5D_browser_dev_hmr-client_hmr-client_ts_10z625~._.js
2026-04-07 00:30:28.8410|INFO|Incoming request GET /_next/static/chunks/node_modules_next_dist_compiled_0rpq4pf._.js GET /_next/static/chunks/node_modules_next_dist_compiled_0rpq4pf._.js
2026-04-07 00:30:28.8880|INFO|Incoming request GET / GET /
2026-04-07 00:30:28.8980|INFO|Incoming request GET /_next/static/chunks/node_modules_next_dist_client_0fhqo1d._.js GET /_next/static/chunks/node_modules_next_dist_client_0fhqo1d._.js
2026-04-07 00:30:28.9030|INFO|Incoming request GET /_next/static/chunks/node_modules_next_dist_115brz8._.js GET /_next/static/chunks/node_modules_next_dist_115brz8._.js
2026-04-07 00:30:29.0690|INFO|Incoming request GET /_next/static/chunks/node_modules_%40swc_helpers_cjs_0-4ujiy._.js GET /_next/static/chunks/node_modules_%40swc_helpers_cjs_0-4ujiy._.js
2026-04-07 00:30:29.1060|INFO|Incoming request GET /_next/static/chunks/_0rqeker._.js GET /_next/static/chunks/_0rqeker._.js
2026-04-07 00:30:29.1080|INFO|Incoming request GET /_next/static/chunks/turbopack-_0p44nws._.js GET /_next/static/chunks/turbopack-_0p44nws._.js
2026-04-07 00:30:29.1130|INFO|Incoming request GET /next.svg GET /next.svg
2026-04-07 00:30:29.1200|INFO|Incoming request GET /_next/static/chunks/%5Broot-of-the-server%5D__02nfq85._.css GET /_next/static/chunks/%5Broot-of-the-server%5D__02nfq85._.css
2026-04-07 00:30:29.1220|INFO|Incoming request GET /_next/static/chunks/node_modules_next_dist_compiled_next-devtools_index_0553esy.js GET /_next/static/chunks/node_modules_next_dist_compiled_next-devtools_index_0553esy.js
2026-04-07 00:30:29.1230|INFO|Incoming request GET /_next/static/chunks/node_modules_next_dist_compiled_react-dom_058-ah~._.js GET /_next/static/chunks/node_modules_next_dist_compiled_react-dom_058-ah~._.js
2026-04-07 00:30:29.1300|INFO|Incoming request GET /_next/static/chunks/%5Bturbopack%5D_browser_dev_hmr-client_hmr-client_ts_10z625~._.js GET /_next/static/chunks/%5Bturbopack%5D_browser_dev_hmr-client_hmr-client_ts_10z625~._.js
2026-04-07 00:30:29.1640|INFO|Incoming request GET /_next/static/chunks/node_modules_next_dist_compiled_react-server-dom-turbopack_0p3wegg._.js GET /_next/static/chunks/node_modules_next_dist_compiled_react-server-dom-turbopack_0p3wegg._.js
2026-04-07 00:30:29.1740|INFO|Incoming request GET /_next/static/chunks/node_modules_next_dist_compiled_0rpq4pf._.js GET /_next/static/chunks/node_modules_next_dist_compiled_0rpq4pf._.js
2026-04-07 00:30:29.2000|INFO|Incoming request GET /_next/static/chunks/node_modules_next_dist_client_0fhqo1d._.js GET /_next/static/chunks/node_modules_next_dist_client_0fhqo1d._.js
2026-04-07 00:30:29.2400|INFO|Incoming request GET /_next/static/chunks/node_modules_next_dist_115brz8._.js GET /_next/static/chunks/node_modules_next_dist_115brz8._.js
2026-04-07 00:30:29.2570|INFO|Incoming request GET / GET /
2026-04-07 00:30:29.2720|INFO|Incoming request GET /_next/static/chunks/node_modules_%40swc_helpers_cjs_0-4ujiy._.js GET /_next/static/chunks/node_modules_%40swc_helpers_cjs_0-4ujiy._.js
2026-04-07 00:30:29.4740|INFO|Incoming request GET /_next/static/chunks/_0rqeker._.js GET /_next/static/chunks/_0rqeker._.js
2026-04-07 00:30:29.4850|INFO|Incoming request GET /_next/static/chunks/turbopack-_0p44nws._.js GET /_next/static/chunks/turbopack-_0p44nws._.js
2026-04-07 00:30:29.4950|INFO|Incoming request GET /_next/static/chunks/node_modules_next_dist_compiled_next-devtools_index_0553esy.js GET /_next/static/chunks/node_modules_next_dist_compiled_next-devtools_index_0553esy.js
2026-04-07 00:30:29.4970|INFO|Incoming request GET /_next/static/chunks/%5Broot-of-the-server%5D__02nfq85._.css GET /_next/static/chunks/%5Broot-of-the-server%5D__02nfq85._.css
2026-04-07 00:30:29.4990|INFO|Incoming request GET /_next/static/chunks/node_modules_next_dist_compiled_react-dom_058-ah~._.js GET /_next/static/chunks/node_modules_next_dist_compiled_react-dom_058-ah~._.js
2026-04-07 00:30:29.5000|INFO|Incoming request GET /next.svg GET /next.svg
2026-04-07 00:30:29.5020|INFO|Incoming request GET /_next/static/chunks/%5Bturbopack%5D_browser_dev_hmr-client_hmr-client_ts_10z625~._.js GET /_next/static/chunks/%5Bturbopack%5D_browser_dev_hmr-client_hmr-client_ts_10z625~._.js
2026-04-07 00:30:29.5450|INFO|Incoming request GET /_next/static/chunks/node_modules_next_dist_compiled_react-server-dom-turbopack_0p3wegg._.js GET /_next/static/chunks/node_modules_next_dist_compiled_react-server-dom-turbopack_0p3wegg._.js
2026-04-07 00:30:29.5490|INFO|Incoming request GET /_next/static/chunks/node_modules_next_dist_compiled_0rpq4pf._.js GET /_next/static/chunks/node_modules_next_dist_compiled_0rpq4pf._.js
2026-04-07 00:30:29.5570|INFO|Incoming request GET /_next/static/chunks/node_modules_next_dist_client_0fhqo1d._.js GET /_next/static/chunks/node_modules_next_dist_client_0fhqo1d._.js
2026-04-07 00:30:29.6120|INFO|Incoming request GET / GET /
2026-04-07 00:30:29.6170|INFO|Incoming request GET /_next/static/chunks/node_modules_next_dist_115brz8._.js GET /_next/static/chunks/node_modules_next_dist_115brz8._.js
2026-04-07 00:30:29.6240|INFO|Incoming request GET /_next/static/chunks/node_modules_%40swc_helpers_cjs_0-4ujiy._.js GET /_next/static/chunks/node_modules_%40swc_helpers_cjs_0-4ujiy._.js
2026-04-07 00:30:29.8500|INFO|Incoming request GET /_next/static/chunks/_0rqeker._.js GET /_next/static/chunks/_0rqeker._.js
2026-04-07 00:30:29.8540|INFO|Incoming request GET /next.svg GET /next.svg
2026-04-07 00:30:29.8720|INFO|Incoming request GET /_next/static/chunks/node_modules_next_dist_compiled_next-devtools_index_0553esy.js GET /_next/static/chunks/node_modules_next_dist_compiled_next-devtools_index_0553esy.js
2026-04-07 00:30:29.8760|INFO|Incoming request GET /_next/static/chunks/%5Broot-of-the-server%5D__02nfq85._.css GET /_next/static/chunks/%5Broot-of-the-server%5D__02nfq85._.css
2026-04-07 00:30:29.8790|INFO|Incoming request GET /_next/static/chunks/node_modules_next_dist_compiled_react-dom_058-ah~._.js GET /_next/static/chunks/node_modules_next_dist_compiled_react-dom_058-ah~._.js
2026-04-07 00:30:29.8810|INFO|Incoming request GET /_next/static/chunks/%5Bturbopack%5D_browser_dev_hmr-client_hmr-client_ts_10z625~._.js GET /_next/static/chunks/%5Bturbopack%5D_browser_dev_hmr-client_hmr-client_ts_10z625~._.js
2026-04-07 00:30:29.9180|INFO|Incoming request GET /_next/static/chunks/node_modules_next_dist_compiled_react-server-dom-turbopack_0p3wegg._.js GET /_next/static/chunks/node_modules_next_dist_compiled_react-server-dom-turbopack_0p3wegg._.js
2026-04-07 00:30:29.9580|INFO|Incoming request GET /_next/static/chunks/node_modules_next_dist_compiled_0rpq4pf._.js GET /_next/static/chunks/node_modules_next_dist_compiled_0rpq4pf._.js
2026-04-07 00:30:29.9700|INFO|Incoming request GET /_next/static/chunks/node_modules_next_dist_client_0fhqo1d._.js GET /_next/static/chunks/node_modules_next_dist_client_0fhqo1d._.js
2026-04-07 00:30:29.9870|INFO|Incoming request GET / GET /
2026-04-07 00:30:30.0060|INFO|Incoming request GET /_next/static/chunks/node_modules_next_dist_115brz8._.js GET /_next/static/chunks/node_modules_next_dist_115brz8._.js
2026-04-07 00:30:30.1080|INFO|Incoming request GET /_next/static/chunks/node_modules_%40swc_helpers_cjs_0-4ujiy._.js GET /_next/static/chunks/node_modules_%40swc_helpers_cjs_0-4ujiy._.js
2026-04-07 00:30:30.2040|INFO|Incoming request GET /next.svg GET /next.svg
2026-04-07 00:30:30.2060|INFO|Incoming request GET / GET /
2026-04-07 00:30:30.2080|INFO|Incoming request GET /_next/static/chunks/%5Broot-of-the-server%5D__02nfq85._.css GET /_next/static/chunks/%5Broot-of-the-server%5D__02nfq85._.css
2026-04-07 00:30:30.2170|INFO|Incoming request GET /_next/static/chunks/node_modules_next_dist_compiled_next-devtools_index_0553esy.js GET /_next/static/chunks/node_modules_next_dist_compiled_next-devtools_index_0553esy.js
2026-04-07 00:30:30.2180|INFO|Incoming request GET /_next/static/chunks/node_modules_next_dist_compiled_react-dom_058-ah~._.js GET /_next/static/chunks/node_modules_next_dist_compiled_react-dom_058-ah~._.js
2026-04-07 00:30:30.2200|INFO|Incoming request GET /_next/static/chunks/%5Bturbopack%5D_browser_dev_hmr-client_hmr-client_ts_10z625~._.js GET /_next/static/chunks/%5Bturbopack%5D_browser_dev_hmr-client_hmr-client_ts_10z625~._.js
2026-04-07 00:30:30.3490|INFO|Incoming request GET /_next/static/chunks/node_modules_next_dist_compiled_react-server-dom-turbopack_0p3wegg._.js GET /_next/static/chunks/node_modules_next_dist_compiled_react-server-dom-turbopack_0p3wegg._.js
2026-04-07 00:30:30.3690|INFO|Incoming request GET /_next/static/chunks/node_modules_next_dist_compiled_0rpq4pf._.js GET /_next/static/chunks/node_modules_next_dist_compiled_0rpq4pf._.js
2026-04-07 00:30:30.4070|INFO|Incoming request GET /_next/static/chunks/node_modules_next_dist_client_0fhqo1d._.js GET /_next/static/chunks/node_modules_next_dist_client_0fhqo1d._.js
2026-04-07 00:30:30.4220|INFO|Incoming request GET /_next/static/chunks/node_modules_next_dist_115brz8._.js GET /_next/static/chunks/node_modules_next_dist_115brz8._.js
2026-04-07 00:30:30.4240|INFO|Incoming request GET /_next/static/chunks/node_modules_%40swc_helpers_cjs_0-4ujiy._.js GET /_next/static/chunks/node_modules_%40swc_helpers_cjs_0-4ujiy._.js
2026-04-07 00:30:30.4250|INFO|Incoming request GET /_next/static/chunks/turbopack-_0p44nws._.js GET /_next/static/chunks/turbopack-_0p44nws._.js
2026-04-07 00:30:30.4280|INFO|Incoming request GET /next.svg GET /next.svg
2026-04-07 00:30:30.4410|INFO|Incoming request GET /_next/static/chunks/%5Broot-of-the-server%5D__02nfq85._.css GET /_next/static/chunks/%5Broot-of-the-server%5D__02nfq85._.css
2026-04-07 00:30:30.4440|INFO|Incoming request GET /_next/static/chunks/node_modules_next_dist_compiled_next-devtools_index_0553esy.js GET /_next/static/chunks/node_modules_next_dist_compiled_next-devtools_index_0553esy.js
2026-04-07 00:30:30.4460|INFO|Incoming request GET /_next/static/chunks/node_modules_next_dist_compiled_react-dom_058-ah~._.js GET /_next/static/chunks/node_modules_next_dist_compiled_react-dom_058-ah~._.js
2026-04-07 00:30:30.4480|INFO|Incoming request GET /_next/static/chunks/node_modules_next_dist_compiled_react-server-dom-turbopack_0p3wegg._.js GET /_next/static/chunks/node_modules_next_dist_compiled_react-server-dom-turbopack_0p3wegg._.js
2026-04-07 00:30:30.4730|INFO|Incoming request GET /_next/static/chunks/%5Bturbopack%5D_browser_dev_hmr-client_hmr-client_ts_10z625~._.js GET /_next/static/chunks/%5Bturbopack%5D_browser_dev_hmr-client_hmr-client_ts_10z625~._.js
2026-04-07 00:30:30.5180|INFO|Incoming request GET /_next/static/chunks/node_modules_next_dist_compiled_0rpq4pf._.js GET /_next/static/chunks/node_modules_next_dist_compiled_0rpq4pf._.js
2026-04-07 00:30:30.5830|INFO|Incoming request GET /_next/static/chunks/node_modules_next_dist_client_0fhqo1d._.js GET /_next/static/chunks/node_modules_next_dist_client_0fhqo1d._.js
2026-04-07 00:30:30.5930|INFO|Incoming request GET / GET /
2026-04-07 00:30:30.5970|INFO|Incoming request GET /_next/static/chunks/node_modules_next_dist_115brz8._.js GET /_next/static/chunks/node_modules_next_dist_115brz8._.js
2026-04-07 00:30:30.7370|INFO|Incoming request GET /_next/static/chunks/node_modules_%40swc_helpers_cjs_0-4ujiy._.js GET /_next/static/chunks/node_modules_%40swc_helpers_cjs_0-4ujiy._.js
2026-04-07 00:30:30.8000|INFO|Incoming request GET /_next/static/chunks/_0rqeker._.js GET /_next/static/chunks/_0rqeker._.js
2026-04-07 00:30:30.8020|INFO|Incoming request GET / GET /
2026-04-07 00:30:30.8040|INFO|Incoming request GET /next.svg GET /next.svg
2026-04-07 00:30:30.8100|INFO|Incoming request GET /_next/static/chunks/node_modules_next_dist_compiled_next-devtools_index_0553esy.js GET /_next/static/chunks/node_modules_next_dist_compiled_next-devtools_index_0553esy.js
2026-04-07 00:30:30.8130|INFO|Incoming request GET /_next/static/chunks/%5Broot-of-the-server%5D__02nfq85._.css GET /_next/static/chunks/%5Broot-of-the-server%5D__02nfq85._.css
2026-04-07 00:30:30.8150|INFO|Incoming request GET /_next/static/chunks/node_modules_next_dist_compiled_react-dom_058-ah~._.js GET /_next/static/chunks/node_modules_next_dist_compiled_react-dom_058-ah~._.js
2026-04-07 00:30:30.9780|INFO|Incoming request GET /_next/static/chunks/%5Bturbopack%5D_browser_dev_hmr-client_hmr-client_ts_10z625~._.js GET /_next/static/chunks/%5Bturbopack%5D_browser_dev_hmr-client_hmr-client_ts_10z625~._.js
2026-04-07 00:30:31.0320|INFO|Incoming request GET /_next/static/chunks/node_modules_next_dist_compiled_react-server-dom-turbopack_0p3wegg._.js GET /_next/static/chunks/node_modules_next_dist_compiled_react-server-dom-turbopack_0p3wegg._.js
2026-04-07 00:30:31.0680|INFO|Incoming request GET /_next/static/chunks/node_modules_next_dist_compiled_0rpq4pf._.js GET /_next/static/chunks/node_modules_next_dist_compiled_0rpq4pf._.js
2026-04-07 00:30:31.0700|INFO|Incoming request GET /_next/static/chunks/node_modules_next_dist_client_0fhqo1d._.js GET /_next/static/chunks/node_modules_next_dist_client_0fhqo1d._.js
2026-04-07 00:30:31.0860|INFO|Incoming request GET /next.svg GET /next.svg
2026-04-07 00:30:31.0870|INFO|Incoming request GET /_next/static/chunks/%5Bturbopack%5D_browser_dev_hmr-client_hmr-client_ts_10z625~._.js GET /_next/static/chunks/%5Bturbopack%5D_browser_dev_hmr-client_hmr-client_ts_10z625~._.js
2026-04-07 00:30:31.0890|INFO|Incoming request GET /_next/static/chunks/%5Broot-of-the-server%5D__02nfq85._.css GET /_next/static/chunks/%5Broot-of-the-server%5D__02nfq85._.css
2026-04-07 00:30:31.0900|INFO|Incoming request GET /_next/static/chunks/node_modules_next_dist_compiled_next-devtools_index_0553esy.js GET /_next/static/chunks/node_modules_next_dist_compiled_next-devtools_index_0553esy.js
2026-04-07 00:30:31.0960|INFO|Incoming request GET /_next/static/chunks/node_modules_next_dist_compiled_react-dom_058-ah~._.js GET /_next/static/chunks/node_modules_next_dist_compiled_react-dom_058-ah~._.js
2026-04-07 00:30:31.1360|INFO|Incoming request GET / GET /
2026-04-07 00:30:31.1460|INFO|Incoming request GET /_next/static/chunks/node_modules_next_dist_compiled_react-server-dom-turbopack_0p3wegg._.js GET /_next/static/chunks/node_modules_next_dist_compiled_react-server-dom-turbopack_0p3wegg._.js
2026-04-07 00:30:31.2550|INFO|Incoming request GET /_next/static/chunks/node_modules_next_dist_compiled_0rpq4pf._.js GET /_next/static/chunks/node_modules_next_dist_compiled_0rpq4pf._.js
2026-04-07 00:30:31.3460|INFO|Incoming request GET /_next/static/chunks/node_modules_next_dist_client_0fhqo1d._.js GET /_next/static/chunks/node_modules_next_dist_client_0fhqo1d._.js
2026-04-07 00:30:31.3660|INFO|Incoming request GET /_next/static/chunks/node_modules_next_dist_115brz8._.js GET /_next/static/chunks/node_modules_next_dist_115brz8._.js
2026-04-07 00:30:31.3680|INFO|Incoming request GET /next.svg GET /next.svg
2026-04-07 00:30:31.3750|INFO|Incoming request GET /_next/static/chunks/%5Broot-of-the-server%5D__02nfq85._.css GET /_next/static/chunks/%5Broot-of-the-server%5D__02nfq85._.css
2026-04-07 00:30:31.3800|INFO|Incoming request GET /_next/static/chunks/node_modules_next_dist_compiled_next-devtools_index_0553esy.js GET /_next/static/chunks/node_modules_next_dist_compiled_next-devtools_index_0553esy.js
2026-04-07 00:30:31.3820|INFO|Incoming request GET /_next/static/chunks/node_modules_next_dist_compiled_react-dom_058-ah~._.js GET /_next/static/chunks/node_modules_next_dist_compiled_react-dom_058-ah~._.js
2026-04-07 00:30:31.4030|INFO|Incoming request GET /_next/static/chunks/node_modules_next_dist_compiled_react-server-dom-turbopack_0p3wegg._.js GET /_next/static/chunks/node_modules_next_dist_compiled_react-server-dom-turbopack_0p3wegg._.js
2026-04-07 00:30:31.4630|INFO|Incoming request GET /_next/static/chunks/%5Bturbopack%5D_browser_dev_hmr-client_hmr-client_ts_10z625~._.js GET /_next/static/chunks/%5Bturbopack%5D_browser_dev_hmr-client_hmr-client_ts_10z625~._.js
2026-04-07 00:30:31.4780|INFO|Incoming request GET /_next/static/chunks/node_modules_next_dist_compiled_0rpq4pf._.js GET /_next/static/chunks/node_modules_next_dist_compiled_0rpq4pf._.js
2026-04-07 00:30:31.5290|INFO|Incoming request GET / GET /
2026-04-07 00:30:31.5490|INFO|Incoming request GET /_next/static/chunks/node_modules_next_dist_client_0fhqo1d._.js GET /_next/static/chunks/node_modules_next_dist_client_0fhqo1d._.js
2026-04-07 00:30:31.6220|INFO|Incoming request GET /_next/static/chunks/node_modules_next_dist_115brz8._.js GET /_next/static/chunks/node_modules_next_dist_115brz8._.js
2026-04-07 00:30:31.6990|INFO|Incoming request GET /_next/static/chunks/node_modules_%40swc_helpers_cjs_0-4ujiy._.js GET /_next/static/chunks/node_modules_%40swc_helpers_cjs_0-4ujiy._.js
2026-04-07 00:30:31.7550|INFO|Incoming request GET /_next/static/chunks/_0rqeker._.js GET /_next/static/chunks/_0rqeker._.js
2026-04-07 00:30:31.7690|INFO|Incoming request GET /next.svg GET /next.svg
2026-04-07 00:30:31.7730|INFO|Incoming request GET /_next/static/chunks/%5Broot-of-the-server%5D__02nfq85._.css GET /_next/static/chunks/%5Broot-of-the-server%5D__02nfq85._.css
2026-04-07 00:30:31.7750|INFO|Incoming request GET /_next/static/chunks/node_modules_next_dist_compiled_next-devtools_index_0553esy.js GET /_next/static/chunks/node_modules_next_dist_compiled_next-devtools_index_0553esy.js
2026-04-07 00:30:31.7770|INFO|Incoming request GET /_next/static/chunks/node_modules_next_dist_compiled_react-dom_058-ah~._.js GET /_next/static/chunks/node_modules_next_dist_compiled_react-dom_058-ah~._.js
2026-04-07 00:30:31.7910|INFO|Incoming request GET /_next/static/chunks/%5Bturbopack%5D_browser_dev_hmr-client_hmr-client_ts_10z625~._.js GET /_next/static/chunks/%5Bturbopack%5D_browser_dev_hmr-client_hmr-client_ts_10z625~._.js
2026-04-07 00:30:31.8380|INFO|Incoming request GET /_next/static/chunks/node_modules_next_dist_compiled_react-server-dom-turbopack_0p3wegg._.js GET /_next/static/chunks/node_modules_next_dist_compiled_react-server-dom-turbopack_0p3wegg._.js
2026-04-07 00:30:31.8470|INFO|Incoming request GET /_next/static/chunks/node_modules_next_dist_compiled_0rpq4pf._.js GET /_next/static/chunks/node_modules_next_dist_compiled_0rpq4pf._.js
2026-04-07 00:30:31.8740|INFO|Incoming request GET /_next/static/chunks/node_modules_next_dist_client_0fhqo1d._.js GET /_next/static/chunks/node_modules_next_dist_client_0fhqo1d._.js
2026-04-07 00:30:31.9120|INFO|Incoming request GET /_next/static/chunks/node_modules_next_dist_115brz8._.js GET /_next/static/chunks/node_modules_next_dist_115brz8._.js
2026-04-07 00:30:31.9210|INFO|Incoming request GET /_next/static/chunks/node_modules_%40swc_helpers_cjs_0-4ujiy._.js GET /_next/static/chunks/node_modules_%40swc_helpers_cjs_0-4ujiy._.js
2026-04-07 00:30:31.9340|INFO|Incoming request GET /_next/static/chunks/_0rqeker._.js GET /_next/static/chunks/_0rqeker._.js
2026-04-07 00:30:32.0310|INFO|Incoming request GET / GET /
2026-04-07 00:30:32.0400|INFO|Incoming request GET /_next/static/chunks/turbopack-_0p44nws._.js GET /_next/static/chunks/turbopack-_0p44nws._.js
2026-04-07 00:30:32.0680|INFO|Incoming request GET /_next/static/chunks/node_modules_next_dist_0tt2wve._.js GET /_next/static/chunks/node_modules_next_dist_0tt2wve._.js
2026-04-07 00:30:32.2950|INFO|Incoming request GET /_next/static/chunks/src_app_layout_tsx_004glpo._.js GET /_next/static/chunks/src_app_layout_tsx_004glpo._.js
2026-04-07 00:30:33.2100|INFO|Incoming request GET /_next/static/chunks/node_modules_next_dist_07p5au~._.js GET /_next/static/chunks/node_modules_next_dist_07p5au~._.js
2026-04-07 00:30:33.2260|INFO|Incoming request GET /next.svg GET /next.svg
2026-04-07 00:30:33.2370|INFO|Incoming request GET /_next/static/chunks/%5Broot-of-the-server%5D__02nfq85._.css GET /_next/static/chunks/%5Broot-of-the-server%5D__02nfq85._.css
2026-04-07 00:30:33.2900|INFO|Incoming request GET /_next/static/chunks/node_modules_next_dist_compiled_react-dom_058-ah~._.js GET /_next/static/chunks/node_modules_next_dist_compiled_react-dom_058-ah~._.js
2026-04-07 00:30:33.2990|INFO|Incoming request GET /_next/static/chunks/%5Bturbopack%5D_browser_dev_hmr-client_hmr-client_ts_10z625~._.js GET /_next/static/chunks/%5Bturbopack%5D_browser_dev_hmr-client_hmr-client_ts_10z625~._.js
2026-04-07 00:30:33.3070|INFO|Incoming request GET /_next/static/chunks/node_modules_next_dist_compiled_next-devtools_index_0553esy.js GET /_next/static/chunks/node_modules_next_dist_compiled_next-devtools_index_0553esy.js
2026-04-07 00:30:33.4060|INFO|Incoming request GET /_next/static/chunks/node_modules_next_dist_compiled_react-server-dom-turbopack_0p3wegg._.js GET /_next/static/chunks/node_modules_next_dist_compiled_react-server-dom-turbopack_0p3wegg._.js
2026-04-07 00:30:33.4540|INFO|Incoming request GET /_next/static/chunks/node_modules_next_dist_client_0fhqo1d._.js GET /_next/static/chunks/node_modules_next_dist_client_0fhqo1d._.js
2026-04-07 00:30:33.5790|INFO|Incoming request GET /_next/static/chunks/node_modules_next_dist_compiled_0rpq4pf._.js GET /_next/static/chunks/node_modules_next_dist_compiled_0rpq4pf._.js
2026-04-07 00:30:33.5830|INFO|Incoming request GET /_next/static/chunks/node_modules_next_dist_115brz8._.js GET /_next/static/chunks/node_modules_next_dist_115brz8._.js
2026-04-07 00:30:33.5850|INFO|Incoming request GET /_next/static/chunks/node_modules_%40swc_helpers_cjs_0-4ujiy._.js GET /_next/static/chunks/node_modules_%40swc_helpers_cjs_0-4ujiy._.js
2026-04-07 00:30:33.7190|INFO|Incoming request GET /_next/static/chunks/_0rqeker._.js GET /_next/static/chunks/_0rqeker._.js
2026-04-07 00:30:33.7420|INFO|Incoming request GET /_next/static/chunks/turbopack-_0p44nws._.js GET /_next/static/chunks/turbopack-_0p44nws._.js
2026-04-07 00:30:33.7540|INFO|Incoming request GET /_next/static/chunks/node_modules_next_dist_0tt2wve._.js GET /_next/static/chunks/node_modules_next_dist_0tt2wve._.js
2026-04-07 00:30:33.7670|INFO|Incoming request GET /_next/static/chunks/src_app_layout_tsx_004glpo._.js GET /_next/static/chunks/src_app_layout_tsx_004glpo._.js
2026-04-07 00:30:33.8080|INFO|Incoming request GET /_next/static/chunks/node_modules_next_dist_07p5au~._.js GET /_next/static/chunks/node_modules_next_dist_07p5au~._.js
2026-04-07 00:30:33.8240|INFO|Incoming request GET /_next/static/chunks/src_app_page_tsx_002ye8~._.js GET /_next/static/chunks/src_app_page_tsx_002ye8~._.js
2026-04-07 00:30:33.8410|INFO|Incoming request GET /_next/static/chunks/node_modules_next_dist_client_components_builtin_global-error_002ye8~.js GET /_next/static/chunks/node_modules_next_dist_client_components_builtin_global-error_002ye8~.js
2026-04-07 00:30:33.9220|INFO|Incoming request GET /_next/static/chunks/%5Bturbopack%5D_browser_dev_hmr-client_hmr-client_ts_0yjw1oe._.js GET /_next/static/chunks/%5Bturbopack%5D_browser_dev_hmr-client_hmr-client_ts_0yjw1oe._.js
2026-04-07 00:30:33.9270|INFO|Incoming request GET /_next/static/chunks/%5Bturbopack%5D_browser_dev_hmr-client_hmr-client_ts_10mygs7._.js GET /_next/static/chunks/%5Bturbopack%5D_browser_dev_hmr-client_hmr-client_ts_10mygs7._.js
2026-04-07 00:30:52.2880|INFO|Incoming request GET /vercel.svg GET /vercel.svg
2026-04-07 00:30:53.9010|INFO|Incoming request GET / GET /
2026-04-07 00:30:54.1200|INFO|Incoming request GET /next.svg GET /next.svg
2026-04-07 00:30:54.1280|INFO|Incoming request GET /_next/static/chunks/%5Broot-of-the-server%5D__02nfq85._.css GET /_next/static/chunks/%5Broot-of-the-server%5D__02nfq85._.css
2026-04-07 00:30:54.1320|INFO|Incoming request GET /_next/static/chunks/%5Bturbopack%5D_browser_dev_hmr-client_hmr-client_ts_10z625~._.js GET /_next/static/chunks/%5Bturbopack%5D_browser_dev_hmr-client_hmr-client_ts_10z625~._.js
2026-04-07 00:30:54.1440|INFO|Incoming request GET /_next/static/chunks/node_modules_next_dist_compiled_next-devtools_index_0553esy.js GET /_next/static/chunks/node_modules_next_dist_compiled_next-devtools_index_0553esy.js
2026-04-07 00:30:54.1470|INFO|Incoming request GET /_next/static/chunks/node_modules_next_dist_compiled_react-dom_058-ah~._.js GET /_next/static/chunks/node_modules_next_dist_compiled_react-dom_058-ah~._.js
2026-04-07 00:30:54.1490|INFO|Incoming request GET /_next/static/chunks/node_modules_next_dist_compiled_react-server-dom-turbopack_0p3wegg._.js GET /_next/static/chunks/node_modules_next_dist_compiled_react-server-dom-turbopack_0p3wegg._.js
2026-04-07 00:30:54.2700|INFO|Incoming request GET /_next/static/chunks/node_modules_next_dist_compiled_0rpq4pf._.js GET /_next/static/chunks/node_modules_next_dist_compiled_0rpq4pf._.js
2026-04-07 00:30:54.2800|INFO|Incoming request GET /_next/static/chunks/node_modules_next_dist_client_0fhqo1d._.js GET /_next/static/chunks/node_modules_next_dist_client_0fhqo1d._.js
2026-04-07 00:30:54.2840|INFO|Incoming request GET /_next/static/chunks/node_modules_next_dist_115brz8._.js GET /_next/static/chunks/node_modules_next_dist_115brz8._.js
2026-04-07 00:30:54.3000|INFO|Incoming request GET /_next/static/chunks/node_modules_%40swc_helpers_cjs_0-4ujiy._.js GET /_next/static/chunks/node_modules_%40swc_helpers_cjs_0-4ujiy._.js
2026-04-07 00:30:54.3030|INFO|Incoming request GET /vercel.svg GET /vercel.svg
2026-04-07 00:30:54.3100|INFO|Incoming request GET /_next/static/chunks/_0rqeker._.js GET /_next/static/chunks/_0rqeker._.js
2026-04-07 00:30:54.4100|INFO|Incoming request GET /_next/static/chunks/turbopack-_0p44nws._.js GET /_next/static/chunks/turbopack-_0p44nws._.js
2026-04-07 00:30:54.4460|INFO|Incoming request GET /_next/static/chunks/node_modules_next_dist_0tt2wve._.js GET /_next/static/chunks/node_modules_next_dist_0tt2wve._.js
2026-04-07 00:30:54.4510|INFO|Incoming request GET /_next/static/chunks/src_app_layout_tsx_004glpo._.js GET /_next/static/chunks/src_app_layout_tsx_004glpo._.js
2026-04-07 00:30:54.4560|INFO|Incoming request GET /_next/static/chunks/node_modules_next_dist_07p5au~._.js GET /_next/static/chunks/node_modules_next_dist_07p5au~._.js
2026-04-07 00:30:54.4650|INFO|Incoming request GET /_next/static/chunks/src_app_page_tsx_002ye8~._.js GET /_next/static/chunks/src_app_page_tsx_002ye8~._.js
2026-04-07 00:30:54.4700|INFO|Incoming request GET /_next/static/chunks/node_modules_next_dist_client_components_builtin_global-error_002ye8~.js GET /_next/static/chunks/node_modules_next_dist_client_components_builtin_global-error_002ye8~.js
2026-04-07 00:30:54.5520|INFO|Incoming request GET /_next/static/chunks/%5Bturbopack%5D_browser_dev_hmr-client_hmr-client_ts_0yjw1oe._.js GET /_next/static/chunks/%5Bturbopack%5D_browser_dev_hmr-client_hmr-client_ts_0yjw1oe._.js
2026-04-07 00:30:54.5560|INFO|Incoming request GET /_next/static/chunks/%5Bturbopack%5D_browser_dev_hmr-client_hmr-client_ts_10mygs7._.js GET /_next/static/chunks/%5Bturbopack%5D_browser_dev_hmr-client_hmr-client_ts_10mygs7._.js
2026-04-07 00:30:55.8860|INFO|Incoming request GET / GET /
2026-04-07 00:30:56.0280|INFO|Incoming request GET /_next/static/chunks/%5Broot-of-the-server%5D__02nfq85._.css GET /_next/static/chunks/%5Broot-of-the-server%5D__02nfq85._.css
2026-04-07 00:30:56.0340|INFO|Incoming request GET /next.svg GET /next.svg
2026-04-07 00:30:56.0370|INFO|Incoming request GET /_next/static/chunks/%5Bturbopack%5D_browser_dev_hmr-client_hmr-client_ts_10z625~._.js GET /_next/static/chunks/%5Bturbopack%5D_browser_dev_hmr-client_hmr-client_ts_10z625~._.js
2026-04-07 00:30:56.0390|INFO|Incoming request GET /_next/static/chunks/node_modules_next_dist_compiled_next-devtools_index_0553esy.js GET /_next/static/chunks/node_modules_next_dist_compiled_next-devtools_index_0553esy.js
2026-04-07 00:30:56.0410|INFO|Incoming request GET /_next/static/chunks/node_modules_next_dist_compiled_react-dom_058-ah~._.js GET /_next/static/chunks/node_modules_next_dist_compiled_react-dom_058-ah~._.js
2026-04-07 00:30:56.1350|INFO|Incoming request GET /_next/static/chunks/node_modules_next_dist_compiled_react-server-dom-turbopack_0p3wegg._.js GET /_next/static/chunks/node_modules_next_dist_compiled_react-server-dom-turbopack_0p3wegg._.js
2026-04-07 00:30:56.1380|INFO|Incoming request GET /_next/static/chunks/node_modules_next_dist_compiled_0rpq4pf._.js GET /_next/static/chunks/node_modules_next_dist_compiled_0rpq4pf._.js
2026-04-07 00:30:56.1460|INFO|Incoming request GET /vercel.svg GET /vercel.svg
2026-04-07 00:30:56.1480|INFO|Incoming request GET /_next/static/chunks/node_modules_next_dist_client_0fhqo1d._.js GET /_next/static/chunks/node_modules_next_dist_client_0fhqo1d._.js
2026-04-07 00:30:56.1500|INFO|Incoming request GET /_next/static/chunks/node_modules_next_dist_115brz8._.js GET /_next/static/chunks/node_modules_next_dist_115brz8._.js
2026-04-07 00:30:56.1520|INFO|Incoming request GET /_next/static/chunks/node_modules_%40swc_helpers_cjs_0-4ujiy._.js GET /_next/static/chunks/node_modules_%40swc_helpers_cjs_0-4ujiy._.js
2026-04-07 00:30:56.2000|INFO|Incoming request GET / GET /
2026-04-07 00:30:56.2030|INFO|Incoming request GET /_next/static/chunks/_0rqeker._.js GET /_next/static/chunks/_0rqeker._.js
2026-04-07 00:30:56.2150|INFO|Incoming request GET /_next/static/chunks/turbopack-_0p44nws._.js GET /_next/static/chunks/turbopack-_0p44nws._.js
2026-04-07 00:30:56.2190|INFO|Incoming request GET /_next/static/chunks/node_modules_next_dist_0tt2wve._.js GET /_next/static/chunks/node_modules_next_dist_0tt2wve._.js
2026-04-07 00:30:56.2260|INFO|Incoming request GET /_next/static/chunks/src_app_layout_tsx_004glpo._.js GET /_next/static/chunks/src_app_layout_tsx_004glpo._.js
2026-04-07 00:30:56.2870|INFO|Incoming request GET /_next/static/chunks/node_modules_next_dist_07p5au~._.js GET /_next/static/chunks/node_modules_next_dist_07p5au~._.js
2026-04-07 00:30:56.3800|INFO|Incoming request GET /_next/static/chunks/src_app_page_tsx_002ye8~._.js GET /_next/static/chunks/src_app_page_tsx_002ye8~._.js
2026-04-07 00:30:56.4000|INFO|Incoming request GET /_next/static/chunks/node_modules_next_dist_client_components_builtin_global-error_002ye8~.js GET /_next/static/chunks/node_modules_next_dist_client_components_builtin_global-error_002ye8~.js
2026-04-07 00:30:56.4290|INFO|Incoming request GET /_next/static/chunks/%5Bturbopack%5D_browser_dev_hmr-client_hmr-client_ts_0yjw1oe._.js GET /_next/static/chunks/%5Bturbopack%5D_browser_dev_hmr-client_hmr-client_ts_0yjw1oe._.js
2026-04-07 00:30:56.4310|INFO|Incoming request GET /_next/static/chunks/%5Bturbopack%5D_browser_dev_hmr-client_hmr-client_ts_10mygs7._.js GET /_next/static/chunks/%5Bturbopack%5D_browser_dev_hmr-client_hmr-client_ts_10mygs7._.js
2026-04-07 00:30:56.4400|INFO|Incoming request GET /next.svg GET /next.svg
2026-04-07 00:30:56.4420|INFO|Incoming request GET /_next/static/chunks/%5Broot-of-the-server%5D__02nfq85._.css GET /_next/static/chunks/%5Broot-of-the-server%5D__02nfq85._.css
2026-04-07 00:30:56.4430|INFO|Incoming request GET /_next/static/chunks/%5Bturbopack%5D_browser_dev_hmr-client_hmr-client_ts_10z625~._.js GET /_next/static/chunks/%5Bturbopack%5D_browser_dev_hmr-client_hmr-client_ts_10z625~._.js
2026-04-07 00:30:56.4450|INFO|Incoming request GET /_next/static/chunks/node_modules_next_dist_compiled_next-devtools_index_0553esy.js GET /_next/static/chunks/node_modules_next_dist_compiled_next-devtools_index_0553esy.js
2026-04-07 00:30:56.4470|INFO|Incoming request GET /_next/static/chunks/node_modules_next_dist_compiled_react-dom_058-ah~._.js GET /_next/static/chunks/node_modules_next_dist_compiled_react-dom_058-ah~._.js
2026-04-07 00:30:56.5160|INFO|Incoming request GET /_next/static/chunks/node_modules_next_dist_compiled_react-server-dom-turbopack_0p3wegg._.js GET /_next/static/chunks/node_modules_next_dist_compiled_react-server-dom-turbopack_0p3wegg._.js
2026-04-07 00:30:56.5210|INFO|Incoming request GET /_next/static/chunks/node_modules_next_dist_compiled_0rpq4pf._.js GET /_next/static/chunks/node_modules_next_dist_compiled_0rpq4pf._.js
2026-04-07 00:30:56.5300|INFO|Incoming request GET /_next/static/chunks/node_modules_next_dist_client_0fhqo1d._.js GET /_next/static/chunks/node_modules_next_dist_client_0fhqo1d._.js
2026-04-07 00:30:56.5370|INFO|Incoming request GET /_next/static/chunks/node_modules_next_dist_115brz8._.js GET /_next/static/chunks/node_modules_next_dist_115brz8._.js
2026-04-07 00:30:56.5460|INFO|Incoming request GET /_next/static/chunks/node_modules_%40swc_helpers_cjs_0-4ujiy._.js GET /_next/static/chunks/node_modules_%40swc_helpers_cjs_0-4ujiy._.js
2026-04-07 00:30:56.6150|INFO|Incoming request GET / GET /
2026-04-07 00:30:56.6190|INFO|Incoming request GET /vercel.svg GET /vercel.svg
2026-04-07 00:30:56.6310|INFO|Incoming request GET /_next/static/chunks/_0rqeker._.js GET /_next/static/chunks/_0rqeker._.js
2026-04-07 00:30:56.6340|INFO|Incoming request GET /_next/static/chunks/turbopack-_0p44nws._.js GET /_next/static/chunks/turbopack-_0p44nws._.js
2026-04-07 00:30:56.6550|INFO|Incoming request GET /_next/static/chunks/node_modules_next_dist_0tt2wve._.js GET /_next/static/chunks/node_modules_next_dist_0tt2wve._.js
2026-04-07 00:30:56.7520|INFO|Incoming request GET /_next/static/chunks/src_app_layout_tsx_004glpo._.js GET /_next/static/chunks/src_app_layout_tsx_004glpo._.js
2026-04-07 00:30:56.8260|INFO|Incoming request GET /_next/static/chunks/node_modules_next_dist_07p5au~._.js GET /_next/static/chunks/node_modules_next_dist_07p5au~._.js
2026-04-07 00:30:56.8510|INFO|Incoming request GET /_next/static/chunks/src_app_page_tsx_002ye8~._.js GET /_next/static/chunks/src_app_page_tsx_002ye8~._.js
2026-04-07 00:30:56.8540|INFO|Incoming request GET /_next/static/chunks/node_modules_next_dist_client_components_builtin_global-error_002ye8~.js GET /_next/static/chunks/node_modules_next_dist_client_components_builtin_global-error_002ye8~.js
2026-04-07 00:30:56.8850|INFO|Incoming request GET /_next/static/chunks/%5Bturbopack%5D_browser_dev_hmr-client_hmr-client_ts_0yjw1oe._.js GET /_next/static/chunks/%5Bturbopack%5D_browser_dev_hmr-client_hmr-client_ts_0yjw1oe._.js
2026-04-07 00:30:56.8870|INFO|Incoming request GET /_next/static/chunks/%5Bturbopack%5D_browser_dev_hmr-client_hmr-client_ts_10mygs7._.js GET /_next/static/chunks/%5Bturbopack%5D_browser_dev_hmr-client_hmr-client_ts_10mygs7._.js
2026-04-07 00:30:56.8990|INFO|Incoming request GET /next.svg GET /next.svg
2026-04-07 00:30:56.9160|INFO|Incoming request GET /_next/static/chunks/%5Broot-of-the-server%5D__02nfq85._.css GET /_next/static/chunks/%5Broot-of-the-server%5D__02nfq85._.css
2026-04-07 00:30:56.9190|INFO|Incoming request GET /_next/static/chunks/%5Bturbopack%5D_browser_dev_hmr-client_hmr-client_ts_10z625~._.js GET /_next/static/chunks/%5Bturbopack%5D_browser_dev_hmr-client_hmr-client_ts_10z625~._.js
2026-04-07 00:30:56.9250|INFO|Incoming request GET /_next/static/chunks/node_modules_next_dist_compiled_next-devtools_index_0553esy.js GET /_next/static/chunks/node_modules_next_dist_compiled_next-devtools_index_0553esy.js
2026-04-07 00:30:56.9710|INFO|Incoming request GET /_next/static/chunks/node_modules_next_dist_compiled_react-dom_058-ah~._.js GET /_next/static/chunks/node_modules_next_dist_compiled_react-dom_058-ah~._.js
2026-04-07 00:30:57.3190|INFO|Incoming request GET / GET /
2026-04-07 00:30:57.3600|INFO|Incoming request GET /_next/static/chunks/node_modules_next_dist_compiled_react-server-dom-turbopack_0p3wegg._.js GET /_next/static/chunks/node_modules_next_dist_compiled_react-server-dom-turbopack_0p3wegg._.js
2026-04-07 00:30:57.3620|INFO|Incoming request GET /_next/static/chunks/node_modules_next_dist_compiled_0rpq4pf._.js GET /_next/static/chunks/node_modules_next_dist_compiled_0rpq4pf._.js
2026-04-07 00:30:57.4060|INFO|Incoming request GET /_next/static/chunks/node_modules_next_dist_client_0fhqo1d._.js GET /_next/static/chunks/node_modules_next_dist_client_0fhqo1d._.js
2026-04-07 00:30:57.4100|INFO|Incoming request GET /_next/static/chunks/node_modules_next_dist_115brz8._.js GET /_next/static/chunks/node_modules_next_dist_115brz8._.js
2026-04-07 00:30:57.6420|INFO|Incoming request GET /vercel.svg GET /vercel.svg
2026-04-07 00:30:57.6460|INFO|Incoming request GET /_next/static/chunks/node_modules_%40swc_helpers_cjs_0-4ujiy._.js GET /_next/static/chunks/node_modules_%40swc_helpers_cjs_0-4ujiy._.js
2026-04-07 00:30:57.6530|INFO|Incoming request GET /_next/static/chunks/_0rqeker._.js GET /_next/static/chunks/_0rqeker._.js
2026-04-07 00:30:57.6540|INFO|Incoming request GET /_next/static/chunks/turbopack-_0p44nws._.js GET /_next/static/chunks/turbopack-_0p44nws._.js
2026-04-07 00:30:57.6720|INFO|Incoming request GET /_next/static/chunks/node_modules_next_dist_0tt2wve._.js GET /_next/static/chunks/node_modules_next_dist_0tt2wve._.js
2026-04-07 00:30:57.6970|INFO|Incoming request GET /_next/static/chunks/src_app_layout_tsx_004glpo._.js GET /_next/static/chunks/src_app_layout_tsx_004glpo._.js
2026-04-07 00:30:57.6990|INFO|Incoming request GET / GET /
2026-04-07 00:30:57.7000|INFO|Incoming request GET /next.svg GET /next.svg
2026-04-07 00:30:57.7100|INFO|Incoming request GET /_next/static/chunks/%5Broot-of-the-server%5D__02nfq85._.css GET /_next/static/chunks/%5Broot-of-the-server%5D__02nfq85._.css
2026-04-07 00:30:57.7130|INFO|Incoming request GET /_next/static/chunks/%5Bturbopack%5D_browser_dev_hmr-client_hmr-client_ts_10z625~._.js GET /_next/static/chunks/%5Bturbopack%5D_browser_dev_hmr-client_hmr-client_ts_10z625~._.js
2026-04-07 00:30:57.7150|INFO|Incoming request GET /_next/static/chunks/node_modules_next_dist_compiled_next-devtools_index_0553esy.js GET /_next/static/chunks/node_modules_next_dist_compiled_next-devtools_index_0553esy.js
2026-04-07 00:30:57.8960|INFO|Incoming request GET /_next/static/chunks/node_modules_next_dist_compiled_react-dom_058-ah~._.js GET /_next/static/chunks/node_modules_next_dist_compiled_react-dom_058-ah~._.js
2026-04-07 00:30:57.9980|INFO|Incoming request GET /_next/static/chunks/node_modules_next_dist_compiled_react-server-dom-turbopack_0p3wegg._.js GET /_next/static/chunks/node_modules_next_dist_compiled_react-server-dom-turbopack_0p3wegg._.js
2026-04-07 00:30:58.0000|INFO|Incoming request GET /_next/static/chunks/node_modules_next_dist_compiled_0rpq4pf._.js GET /_next/static/chunks/node_modules_next_dist_compiled_0rpq4pf._.js
2026-04-07 00:30:58.0010|INFO|Incoming request GET /_next/static/chunks/node_modules_next_dist_client_0fhqo1d._.js GET /_next/static/chunks/node_modules_next_dist_client_0fhqo1d._.js
2026-04-07 00:30:58.0520|INFO|Incoming request GET /_next/static/chunks/node_modules_next_dist_115brz8._.js GET /_next/static/chunks/node_modules_next_dist_115brz8._.js
2026-04-07 00:30:58.0530|INFO|Incoming request GET /_next/static/chunks/node_modules_%40swc_helpers_cjs_0-4ujiy._.js GET /_next/static/chunks/node_modules_%40swc_helpers_cjs_0-4ujiy._.js
2026-04-07 00:30:58.0640|INFO|Incoming request GET /next.svg GET /next.svg
2026-04-07 00:30:58.0720|INFO|Incoming request GET /_next/static/chunks/%5Broot-of-the-server%5D__02nfq85._.css GET /_next/static/chunks/%5Broot-of-the-server%5D__02nfq85._.css
2026-04-07 00:30:58.0830|INFO|Incoming request GET /_next/static/chunks/node_modules_next_dist_compiled_react-dom_058-ah~._.js GET /_next/static/chunks/node_modules_next_dist_compiled_react-dom_058-ah~._.js
2026-04-07 00:30:58.0880|INFO|Incoming request GET /_next/static/chunks/node_modules_next_dist_compiled_react-server-dom-turbopack_0p3wegg._.js GET /_next/static/chunks/node_modules_next_dist_compiled_react-server-dom-turbopack_0p3wegg._.js
2026-04-07 00:30:58.0910|INFO|Incoming request GET /_next/static/chunks/%5Bturbopack%5D_browser_dev_hmr-client_hmr-client_ts_10z625~._.js GET /_next/static/chunks/%5Bturbopack%5D_browser_dev_hmr-client_hmr-client_ts_10z625~._.js
2026-04-07 00:30:58.1750|INFO|Incoming request GET / GET /
2026-04-07 00:30:58.1990|INFO|Incoming request GET /_next/static/chunks/node_modules_next_dist_compiled_next-devtools_index_0553esy.js GET /_next/static/chunks/node_modules_next_dist_compiled_next-devtools_index_0553esy.js
2026-04-07 00:30:58.2610|INFO|Incoming request GET /_next/static/chunks/node_modules_next_dist_compiled_0rpq4pf._.js GET /_next/static/chunks/node_modules_next_dist_compiled_0rpq4pf._.js
2026-04-07 00:30:58.3850|INFO|Incoming request GET /_next/static/chunks/node_modules_next_dist_client_0fhqo1d._.js GET /_next/static/chunks/node_modules_next_dist_client_0fhqo1d._.js
2026-04-07 00:30:58.4040|INFO|Incoming request GET /_next/static/chunks/node_modules_next_dist_115brz8._.js GET /_next/static/chunks/node_modules_next_dist_115brz8._.js
2026-04-07 00:30:58.4070|INFO|Incoming request GET /_next/static/chunks/node_modules_%40swc_helpers_cjs_0-4ujiy._.js GET /_next/static/chunks/node_modules_%40swc_helpers_cjs_0-4ujiy._.js
2026-04-07 00:30:58.4170|INFO|Incoming request GET /_next/static/chunks/_0rqeker._.js GET /_next/static/chunks/_0rqeker._.js
2026-04-07 00:30:58.4190|INFO|Incoming request GET /_next/static/chunks/turbopack-_0p44nws._.js GET /_next/static/chunks/turbopack-_0p44nws._.js
2026-04-07 00:30:58.4200|INFO|Incoming request GET /_next/static/chunks/src_app_layout_tsx_004glpo._.js GET /_next/static/chunks/src_app_layout_tsx_004glpo._.js
2026-04-07 00:30:58.4210|INFO|Incoming request GET /_next/static/chunks/node_modules_next_dist_compiled_react-dom_058-ah~._.js GET /_next/static/chunks/node_modules_next_dist_compiled_react-dom_058-ah~._.js
2026-04-07 00:30:58.4320|INFO|Incoming request GET /_next/static/chunks/%5Broot-of-the-server%5D__02nfq85._.css GET /_next/static/chunks/%5Broot-of-the-server%5D__02nfq85._.css
2026-04-07 00:30:58.4340|INFO|Incoming request GET /next.svg GET /next.svg
2026-04-07 00:30:58.4350|INFO|Incoming request GET /_next/static/chunks/%5Bturbopack%5D_browser_dev_hmr-client_hmr-client_ts_10z625~._.js GET /_next/static/chunks/%5Bturbopack%5D_browser_dev_hmr-client_hmr-client_ts_10z625~._.js
2026-04-07 00:30:58.4380|INFO|Incoming request GET /_next/static/chunks/node_modules_next_dist_compiled_next-devtools_index_0553esy.js GET /_next/static/chunks/node_modules_next_dist_compiled_next-devtools_index_0553esy.js
2026-04-07 00:30:58.4950|INFO|Incoming request GET / GET /
2026-04-07 00:30:58.4980|INFO|Incoming request GET /_next/static/chunks/node_modules_next_dist_compiled_react-server-dom-turbopack_0p3wegg._.js GET /_next/static/chunks/node_modules_next_dist_compiled_react-server-dom-turbopack_0p3wegg._.js
2026-04-07 00:30:58.5030|INFO|Incoming request GET /_next/static/chunks/node_modules_next_dist_compiled_0rpq4pf._.js GET /_next/static/chunks/node_modules_next_dist_compiled_0rpq4pf._.js
2026-04-07 00:30:58.5040|INFO|Incoming request GET /_next/static/chunks/node_modules_next_dist_client_0fhqo1d._.js GET /_next/static/chunks/node_modules_next_dist_client_0fhqo1d._.js
2026-04-07 00:30:58.6380|INFO|Incoming request GET /_next/static/chunks/node_modules_next_dist_115brz8._.js GET /_next/static/chunks/node_modules_next_dist_115brz8._.js
2026-04-07 00:30:58.6450|INFO|Incoming request GET /_next/static/chunks/node_modules_%40swc_helpers_cjs_0-4ujiy._.js GET /_next/static/chunks/node_modules_%40swc_helpers_cjs_0-4ujiy._.js
2026-04-07 00:30:58.6990|INFO|Incoming request GET /_next/static/chunks/_0rqeker._.js GET /_next/static/chunks/_0rqeker._.js
2026-04-07 00:30:58.7260|INFO|Incoming request GET /next.svg GET /next.svg
2026-04-07 00:30:58.7320|INFO|Incoming request GET /_next/static/chunks/%5Broot-of-the-server%5D__02nfq85._.css GET /_next/static/chunks/%5Broot-of-the-server%5D__02nfq85._.css
2026-04-07 00:30:58.7350|INFO|Incoming request GET /_next/static/chunks/node_modules_next_dist_compiled_react-dom_058-ah~._.js GET /_next/static/chunks/node_modules_next_dist_compiled_react-dom_058-ah~._.js
2026-04-07 00:30:58.7370|INFO|Incoming request GET /_next/static/chunks/%5Bturbopack%5D_browser_dev_hmr-client_hmr-client_ts_10z625~._.js GET /_next/static/chunks/%5Bturbopack%5D_browser_dev_hmr-client_hmr-client_ts_10z625~._.js
2026-04-07 00:30:58.7830|INFO|Incoming request GET /_next/static/chunks/node_modules_next_dist_compiled_next-devtools_index_0553esy.js GET /_next/static/chunks/node_modules_next_dist_compiled_next-devtools_index_0553esy.js
2026-04-07 00:30:58.8410|INFO|Incoming request GET /_next/static/chunks/node_modules_next_dist_compiled_react-server-dom-turbopack_0p3wegg._.js GET /_next/static/chunks/node_modules_next_dist_compiled_react-server-dom-turbopack_0p3wegg._.js
2026-04-07 00:30:58.8510|INFO|Incoming request GET /_next/static/chunks/node_modules_next_dist_compiled_0rpq4pf._.js GET /_next/static/chunks/node_modules_next_dist_compiled_0rpq4pf._.js
2026-04-07 00:30:58.8560|INFO|Incoming request GET /_next/static/chunks/node_modules_next_dist_client_0fhqo1d._.js GET /_next/static/chunks/node_modules_next_dist_client_0fhqo1d._.js
2026-04-07 00:30:58.8810|INFO|Incoming request GET / GET /
2026-04-07 00:30:59.0260|INFO|Incoming request GET /_next/static/chunks/node_modules_next_dist_115brz8._.js GET /_next/static/chunks/node_modules_next_dist_115brz8._.js
2026-04-07 00:30:59.0480|INFO|Incoming request GET /_next/static/chunks/node_modules_%40swc_helpers_cjs_0-4ujiy._.js GET /_next/static/chunks/node_modules_%40swc_helpers_cjs_0-4ujiy._.js
2026-04-07 00:30:59.1440|INFO|Incoming request GET /_next/static/chunks/_0rqeker._.js GET /_next/static/chunks/_0rqeker._.js
2026-04-07 00:30:59.1680|INFO|Incoming request GET /next.svg GET /next.svg
2026-04-07 00:30:59.1710|INFO|Incoming request GET /_next/static/chunks/node_modules_next_dist_compiled_react-dom_058-ah~._.js GET /_next/static/chunks/node_modules_next_dist_compiled_react-dom_058-ah~._.js
2026-04-07 00:30:59.1820|INFO|Incoming request GET /_next/static/chunks/%5Broot-of-the-server%5D__02nfq85._.css GET /_next/static/chunks/%5Broot-of-the-server%5D__02nfq85._.css
2026-04-07 00:30:59.1860|INFO|Incoming request GET /_next/static/chunks/%5Bturbopack%5D_browser_dev_hmr-client_hmr-client_ts_10z625~._.js GET /_next/static/chunks/%5Bturbopack%5D_browser_dev_hmr-client_hmr-client_ts_10z625~._.js
2026-04-07 00:30:59.1960|INFO|Incoming request GET /_next/static/chunks/node_modules_next_dist_compiled_next-devtools_index_0553esy.js GET /_next/static/chunks/node_modules_next_dist_compiled_next-devtools_index_0553esy.js
2026-04-07 00:30:59.2480|INFO|Incoming request GET / GET /
2026-04-07 00:30:59.2600|INFO|Incoming request GET /_next/static/chunks/node_modules_next_dist_compiled_react-server-dom-turbopack_0p3wegg._.js GET /_next/static/chunks/node_modules_next_dist_compiled_react-server-dom-turbopack_0p3wegg._.js
2026-04-07 00:30:59.2660|INFO|Incoming request GET /_next/static/chunks/node_modules_next_dist_compiled_0rpq4pf._.js GET /_next/static/chunks/node_modules_next_dist_compiled_0rpq4pf._.js
2026-04-07 00:30:59.2700|INFO|Incoming request GET /_next/static/chunks/node_modules_next_dist_client_0fhqo1d._.js GET /_next/static/chunks/node_modules_next_dist_client_0fhqo1d._.js
2026-04-07 00:30:59.4680|INFO|Incoming request GET /_next/static/chunks/node_modules_next_dist_115brz8._.js GET /_next/static/chunks/node_modules_next_dist_115brz8._.js
2026-04-07 00:30:59.4880|INFO|Incoming request GET /_next/static/chunks/node_modules_%40swc_helpers_cjs_0-4ujiy._.js GET /_next/static/chunks/node_modules_%40swc_helpers_cjs_0-4ujiy._.js
2026-04-07 00:30:59.4920|INFO|Incoming request GET /_next/static/chunks/_0rqeker._.js GET /_next/static/chunks/_0rqeker._.js
2026-04-07 00:30:59.5160|INFO|Incoming request GET /_next/static/chunks/turbopack-_0p44nws._.js GET /_next/static/chunks/turbopack-_0p44nws._.js
2026-04-07 00:30:59.5190|INFO|Incoming request GET / GET /
2026-04-07 00:30:59.5210|INFO|Incoming request GET /next.svg GET /next.svg
2026-04-07 00:30:59.5310|INFO|Incoming request GET /_next/static/chunks/%5Broot-of-the-server%5D__02nfq85._.css GET /_next/static/chunks/%5Broot-of-the-server%5D__02nfq85._.css
2026-04-07 00:30:59.5330|INFO|Incoming request GET /_next/static/chunks/node_modules_next_dist_compiled_react-dom_058-ah~._.js GET /_next/static/chunks/node_modules_next_dist_compiled_react-dom_058-ah~._.js
2026-04-07 00:30:59.5350|INFO|Incoming request GET /_next/static/chunks/%5Bturbopack%5D_browser_dev_hmr-client_hmr-client_ts_10z625~._.js GET /_next/static/chunks/%5Bturbopack%5D_browser_dev_hmr-client_hmr-client_ts_10z625~._.js
2026-04-07 00:30:59.7350|INFO|Incoming request GET /_next/static/chunks/node_modules_next_dist_compiled_next-devtools_index_0553esy.js GET /_next/static/chunks/node_modules_next_dist_compiled_next-devtools_index_0553esy.js
2026-04-07 00:30:59.7560|INFO|Incoming request GET /_next/static/chunks/node_modules_next_dist_compiled_react-server-dom-turbopack_0p3wegg._.js GET /_next/static/chunks/node_modules_next_dist_compiled_react-server-dom-turbopack_0p3wegg._.js
2026-04-07 00:30:59.7900|INFO|Incoming request GET /_next/static/chunks/node_modules_next_dist_compiled_0rpq4pf._.js GET /_next/static/chunks/node_modules_next_dist_compiled_0rpq4pf._.js
2026-04-07 00:30:59.7980|INFO|Incoming request GET /_next/static/chunks/node_modules_next_dist_compiled_next-devtools_index_0553esy.js GET /_next/static/chunks/node_modules_next_dist_compiled_next-devtools_index_0553esy.js
2026-04-07 00:30:59.8010|INFO|Incoming request GET /_next/static/chunks/node_modules_next_dist_compiled_react-dom_058-ah~._.js GET /_next/static/chunks/node_modules_next_dist_compiled_react-dom_058-ah~._.js
2026-04-07 00:30:59.8040|INFO|Incoming request GET /_next/static/chunks/%5Broot-of-the-server%5D__02nfq85._.css GET /_next/static/chunks/%5Broot-of-the-server%5D__02nfq85._.css
2026-04-07 00:30:59.8240|INFO|Incoming request GET /_next/static/chunks/node_modules_next_dist_compiled_react-server-dom-turbopack_0p3wegg._.js GET /_next/static/chunks/node_modules_next_dist_compiled_react-server-dom-turbopack_0p3wegg._.js
2026-04-07 00:30:59.8370|INFO|Incoming request GET /next.svg GET /next.svg
2026-04-07 00:30:59.8680|INFO|Incoming request GET /_next/static/chunks/%5Bturbopack%5D_browser_dev_hmr-client_hmr-client_ts_10z625~._.js GET /_next/static/chunks/%5Bturbopack%5D_browser_dev_hmr-client_hmr-client_ts_10z625~._.js
2026-04-07 00:30:59.9010|INFO|Incoming request GET /_next/static/chunks/node_modules_next_dist_compiled_0rpq4pf._.js GET /_next/static/chunks/node_modules_next_dist_compiled_0rpq4pf._.js
2026-04-07 00:30:59.9220|INFO|Incoming request GET / GET /
2026-04-07 00:30:59.9300|INFO|Incoming request GET /vercel.svg GET /vercel.svg
2026-04-07 00:31:00.0350|INFO|Incoming request GET /_next/static/chunks/node_modules_next_dist_client_0fhqo1d._.js GET /_next/static/chunks/node_modules_next_dist_client_0fhqo1d._.js
2026-04-07 00:31:00.1520|INFO|Incoming request GET /_next/static/chunks/node_modules_next_dist_115brz8._.js GET /_next/static/chunks/node_modules_next_dist_115brz8._.js
2026-04-07 00:31:00.1640|INFO|Incoming request GET /_next/static/chunks/node_modules_%40swc_helpers_cjs_0-4ujiy._.js GET /_next/static/chunks/node_modules_%40swc_helpers_cjs_0-4ujiy._.js
2026-04-07 00:31:00.1660|INFO|Incoming request GET / GET /
2026-04-07 00:31:00.1690|INFO|Incoming request GET /_next/static/chunks/turbopack-_0p44nws._.js GET /_next/static/chunks/turbopack-_0p44nws._.js
2026-04-07 00:31:00.1700|INFO|Incoming request GET /next.svg GET /next.svg
2026-04-07 00:31:00.1760|INFO|Incoming request GET /_next/static/chunks/%5Broot-of-the-server%5D__02nfq85._.css GET /_next/static/chunks/%5Broot-of-the-server%5D__02nfq85._.css
2026-04-07 00:31:00.1780|INFO|Incoming request GET /_next/static/chunks/node_modules_next_dist_compiled_next-devtools_index_0553esy.js GET /_next/static/chunks/node_modules_next_dist_compiled_next-devtools_index_0553esy.js
2026-04-07 00:31:00.1800|INFO|Incoming request GET /_next/static/chunks/node_modules_next_dist_compiled_react-dom_058-ah~._.js GET /_next/static/chunks/node_modules_next_dist_compiled_react-dom_058-ah~._.js
2026-04-07 00:31:00.3120|INFO|Incoming request GET /_next/static/chunks/%5Bturbopack%5D_browser_dev_hmr-client_hmr-client_ts_10z625~._.js GET /_next/static/chunks/%5Bturbopack%5D_browser_dev_hmr-client_hmr-client_ts_10z625~._.js
2026-04-07 00:31:00.3510|INFO|Incoming request GET /_next/static/chunks/node_modules_next_dist_compiled_react-server-dom-turbopack_0p3wegg._.js GET /_next/static/chunks/node_modules_next_dist_compiled_react-server-dom-turbopack_0p3wegg._.js
2026-04-07 00:31:00.3790|INFO|Incoming request GET /vercel.svg GET /vercel.svg
2026-04-07 00:31:00.3820|INFO|Incoming request GET /_next/static/chunks/node_modules_next_dist_compiled_0rpq4pf._.js GET /_next/static/chunks/node_modules_next_dist_compiled_0rpq4pf._.js
2026-04-07 00:31:00.3830|INFO|Incoming request GET / GET /
2026-04-07 00:31:00.3850|INFO|Incoming request GET /next.svg GET /next.svg
2026-04-07 00:31:00.3920|INFO|Incoming request GET /_next/static/chunks/%5Broot-of-the-server%5D__02nfq85._.css GET /_next/static/chunks/%5Broot-of-the-server%5D__02nfq85._.css
2026-04-07 00:31:00.3940|INFO|Incoming request GET /_next/static/chunks/%5Bturbopack%5D_browser_dev_hmr-client_hmr-client_ts_10z625~._.js GET /_next/static/chunks/%5Bturbopack%5D_browser_dev_hmr-client_hmr-client_ts_10z625~._.js
2026-04-07 00:31:00.3950|INFO|Incoming request GET /_next/static/chunks/node_modules_next_dist_compiled_next-devtools_index_0553esy.js GET /_next/static/chunks/node_modules_next_dist_compiled_next-devtools_index_0553esy.js
2026-04-07 00:31:00.5460|INFO|Incoming request GET /_next/static/chunks/node_modules_next_dist_compiled_react-dom_058-ah~._.js GET /_next/static/chunks/node_modules_next_dist_compiled_react-dom_058-ah~._.js
2026-04-07 00:31:00.5850|INFO|Incoming request GET /_next/static/chunks/node_modules_next_dist_compiled_react-server-dom-turbopack_0p3wegg._.js GET /_next/static/chunks/node_modules_next_dist_compiled_react-server-dom-turbopack_0p3wegg._.js
2026-04-07 00:31:00.6200|INFO|Incoming request GET /_next/static/chunks/node_modules_next_dist_compiled_0rpq4pf._.js GET /_next/static/chunks/node_modules_next_dist_compiled_0rpq4pf._.js
2026-04-07 00:31:00.6220|INFO|Incoming request GET /_next/static/chunks/node_modules_next_dist_115brz8._.js GET /_next/static/chunks/node_modules_next_dist_115brz8._.js
2026-04-07 00:31:00.6270|INFO|Incoming request GET /_next/static/chunks/node_modules_%40swc_helpers_cjs_0-4ujiy._.js GET /_next/static/chunks/node_modules_%40swc_helpers_cjs_0-4ujiy._.js
2026-04-07 00:31:00.6290|INFO|Incoming request GET /next.svg GET /next.svg
2026-04-07 00:31:00.6350|INFO|Incoming request GET /_next/static/chunks/%5Broot-of-the-server%5D__02nfq85._.css GET /_next/static/chunks/%5Broot-of-the-server%5D__02nfq85._.css
2026-04-07 00:31:00.6370|INFO|Incoming request GET /_next/static/chunks/%5Bturbopack%5D_browser_dev_hmr-client_hmr-client_ts_10z625~._.js GET /_next/static/chunks/%5Bturbopack%5D_browser_dev_hmr-client_hmr-client_ts_10z625~._.js
2026-04-07 00:31:00.6380|INFO|Incoming request GET /_next/static/chunks/node_modules_next_dist_compiled_next-devtools_index_0553esy.js GET /_next/static/chunks/node_modules_next_dist_compiled_next-devtools_index_0553esy.js
2026-04-07 00:31:00.6420|INFO|Incoming request GET /_next/static/chunks/node_modules_next_dist_compiled_react-dom_058-ah~._.js GET /_next/static/chunks/node_modules_next_dist_compiled_react-dom_058-ah~._.js
2026-04-07 00:31:00.6880|INFO|Incoming request GET /_next/static/chunks/node_modules_next_dist_compiled_react-server-dom-turbopack_0p3wegg._.js GET /_next/static/chunks/node_modules_next_dist_compiled_react-server-dom-turbopack_0p3wegg._.js
2026-04-07 00:31:00.7040|INFO|Incoming request GET /_next/static/chunks/node_modules_next_dist_compiled_0rpq4pf._.js GET /_next/static/chunks/node_modules_next_dist_compiled_0rpq4pf._.js
2026-04-07 00:31:00.7470|INFO|Incoming request GET /_next/static/chunks/node_modules_next_dist_client_0fhqo1d._.js GET /_next/static/chunks/node_modules_next_dist_client_0fhqo1d._.js
2026-04-07 00:31:00.8050|INFO|Incoming request GET / GET /
2026-04-07 00:31:00.9080|INFO|Incoming request GET /_next/static/chunks/node_modules_next_dist_115brz8._.js GET /_next/static/chunks/node_modules_next_dist_115brz8._.js
2026-04-07 00:31:00.9510|INFO|Incoming request GET /_next/static/chunks/node_modules_%40swc_helpers_cjs_0-4ujiy._.js GET /_next/static/chunks/node_modules_%40swc_helpers_cjs_0-4ujiy._.js
2026-04-07 00:31:01.0350|INFO|Incoming request GET /_next/static/chunks/_0rqeker._.js GET /_next/static/chunks/_0rqeker._.js
2026-04-07 00:31:01.0380|INFO|Incoming request GET /_next/static/chunks/node_modules_next_dist_0tt2wve._.js GET /_next/static/chunks/node_modules_next_dist_0tt2wve._.js
2026-04-07 00:31:01.0420|INFO|Incoming request GET /next.svg GET /next.svg
2026-04-07 00:31:01.0520|INFO|Incoming request GET /_next/static/chunks/%5Broot-of-the-server%5D__02nfq85._.css GET /_next/static/chunks/%5Broot-of-the-server%5D__02nfq85._.css
2026-04-07 00:31:01.0540|INFO|Incoming request GET /_next/static/chunks/node_modules_next_dist_compiled_next-devtools_index_0553esy.js GET /_next/static/chunks/node_modules_next_dist_compiled_next-devtools_index_0553esy.js
2026-04-07 00:31:01.0600|INFO|Incoming request GET /_next/static/chunks/node_modules_next_dist_compiled_react-dom_058-ah~._.js GET /_next/static/chunks/node_modules_next_dist_compiled_react-dom_058-ah~._.js
2026-04-07 00:31:01.0620|INFO|Incoming request GET /_next/static/chunks/%5Bturbopack%5D_browser_dev_hmr-client_hmr-client_ts_10z625~._.js GET /_next/static/chunks/%5Bturbopack%5D_browser_dev_hmr-client_hmr-client_ts_10z625~._.js
2026-04-07 00:31:01.1380|INFO|Incoming request GET /_next/static/chunks/node_modules_next_dist_compiled_react-server-dom-turbopack_0p3wegg._.js GET /_next/static/chunks/node_modules_next_dist_compiled_react-server-dom-turbopack_0p3wegg._.js
2026-04-07 00:31:01.1530|INFO|Incoming request GET /_next/static/chunks/node_modules_next_dist_compiled_0rpq4pf._.js GET /_next/static/chunks/node_modules_next_dist_compiled_0rpq4pf._.js
2026-04-07 00:31:01.1650|INFO|Incoming request GET /_next/static/chunks/node_modules_next_dist_client_0fhqo1d._.js GET /_next/static/chunks/node_modules_next_dist_client_0fhqo1d._.js
2026-04-07 00:31:01.2100|INFO|Incoming request GET / GET /
2026-04-07 00:31:01.2210|INFO|Incoming request GET /_next/static/chunks/node_modules_next_dist_115brz8._.js GET /_next/static/chunks/node_modules_next_dist_115brz8._.js
2026-04-07 00:31:01.2370|INFO|Incoming request GET /_next/static/chunks/node_modules_%40swc_helpers_cjs_0-4ujiy._.js GET /_next/static/chunks/node_modules_%40swc_helpers_cjs_0-4ujiy._.js
2026-04-07 00:31:01.4340|INFO|Incoming request GET /_next/static/chunks/_0rqeker._.js GET /_next/static/chunks/_0rqeker._.js
2026-04-07 00:31:01.4370|INFO|Incoming request GET /_next/static/chunks/turbopack-_0p44nws._.js GET /_next/static/chunks/turbopack-_0p44nws._.js
2026-04-07 00:31:01.4390|INFO|Incoming request GET /_next/static/chunks/%5Broot-of-the-server%5D__02nfq85._.css GET /_next/static/chunks/%5Broot-of-the-server%5D__02nfq85._.css
2026-04-07 00:31:01.4420|INFO|Incoming request GET /_next/static/chunks/node_modules_next_dist_compiled_next-devtools_index_0553esy.js GET /_next/static/chunks/node_modules_next_dist_compiled_next-devtools_index_0553esy.js
2026-04-07 00:31:01.4430|INFO|Incoming request GET /_next/static/chunks/node_modules_next_dist_compiled_react-dom_058-ah~._.js GET /_next/static/chunks/node_modules_next_dist_compiled_react-dom_058-ah~._.js
2026-04-07 00:31:01.4450|INFO|Incoming request GET /next.svg GET /next.svg
2026-04-07 00:31:01.4470|INFO|Incoming request GET /_next/static/chunks/%5Bturbopack%5D_browser_dev_hmr-client_hmr-client_ts_10z625~._.js GET /_next/static/chunks/%5Bturbopack%5D_browser_dev_hmr-client_hmr-client_ts_10z625~._.js
2026-04-07 00:31:01.5090|INFO|Incoming request GET /_next/static/chunks/node_modules_next_dist_compiled_react-server-dom-turbopack_0p3wegg._.js GET /_next/static/chunks/node_modules_next_dist_compiled_react-server-dom-turbopack_0p3wegg._.js
2026-04-07 00:31:01.5140|INFO|Incoming request GET /_next/static/chunks/node_modules_next_dist_compiled_0rpq4pf._.js GET /_next/static/chunks/node_modules_next_dist_compiled_0rpq4pf._.js
2026-04-07 00:31:01.5160|INFO|Incoming request GET /_next/static/chunks/node_modules_next_dist_client_0fhqo1d._.js GET /_next/static/chunks/node_modules_next_dist_client_0fhqo1d._.js
2026-04-07 00:31:01.5650|INFO|Incoming request GET /_next/static/chunks/node_modules_next_dist_115brz8._.js GET /_next/static/chunks/node_modules_next_dist_115brz8._.js
2026-04-07 00:31:01.5680|INFO|Incoming request GET /_next/static/chunks/node_modules_%40swc_helpers_cjs_0-4ujiy._.js GET /_next/static/chunks/node_modules_%40swc_helpers_cjs_0-4ujiy._.js
2026-04-07 00:31:01.5690|INFO|Incoming request GET /_next/static/chunks/_0rqeker._.js GET /_next/static/chunks/_0rqeker._.js
2026-04-07 00:31:01.6590|INFO|Incoming request GET /_next/static/chunks/turbopack-_0p44nws._.js GET /_next/static/chunks/turbopack-_0p44nws._.js
2026-04-07 00:31:01.6680|INFO|Incoming request GET /_next/static/chunks/node_modules_next_dist_0tt2wve._.js GET /_next/static/chunks/node_modules_next_dist_0tt2wve._.js
2026-04-07 00:31:01.6840|INFO|Incoming request GET / GET /
2026-04-07 00:31:01.7840|INFO|Incoming request GET /_next/static/chunks/src_app_layout_tsx_004glpo._.js GET /_next/static/chunks/src_app_layout_tsx_004glpo._.js
2026-04-07 00:31:01.8470|INFO|Incoming request GET /_next/static/chunks/node_modules_next_dist_07p5au~._.js GET /_next/static/chunks/node_modules_next_dist_07p5au~._.js
2026-04-07 00:31:01.8820|INFO|Incoming request GET /_next/static/chunks/src_app_page_tsx_002ye8~._.js GET /_next/static/chunks/src_app_page_tsx_002ye8~._.js
2026-04-07 00:31:01.8990|INFO|Incoming request GET /_next/static/chunks/node_modules_next_dist_client_components_builtin_global-error_002ye8~.js GET /_next/static/chunks/node_modules_next_dist_client_components_builtin_global-error_002ye8~.js
2026-04-07 00:31:01.9440|INFO|Incoming request GET /vercel.svg GET /vercel.svg
2026-04-07 00:31:01.9480|INFO|Incoming request GET /next.svg GET /next.svg
2026-04-07 00:31:01.9510|INFO|Incoming request GET / GET /
2026-04-07 00:31:01.9660|INFO|Incoming request GET /_next/static/chunks/%5Broot-of-the-server%5D__02nfq85._.css GET /_next/static/chunks/%5Broot-of-the-server%5D__02nfq85._.css
2026-04-07 00:31:01.9700|INFO|Incoming request GET /_next/static/chunks/%5Bturbopack%5D_browser_dev_hmr-client_hmr-client_ts_10z625~._.js GET /_next/static/chunks/%5Bturbopack%5D_browser_dev_hmr-client_hmr-client_ts_10z625~._.js
2026-04-07 00:31:01.9760|INFO|Incoming request GET /_next/static/chunks/node_modules_next_dist_compiled_next-devtools_index_0553esy.js GET /_next/static/chunks/node_modules_next_dist_compiled_next-devtools_index_0553esy.js
2026-04-07 00:31:02.1660|INFO|Incoming request GET /_next/static/chunks/node_modules_next_dist_compiled_react-dom_058-ah~._.js GET /_next/static/chunks/node_modules_next_dist_compiled_react-dom_058-ah~._.js
2026-04-07 00:31:02.2060|INFO|Incoming request GET /_next/static/chunks/node_modules_next_dist_compiled_react-server-dom-turbopack_0p3wegg._.js GET /_next/static/chunks/node_modules_next_dist_compiled_react-server-dom-turbopack_0p3wegg._.js
2026-04-07 00:31:02.2450|INFO|Incoming request GET /_next/static/chunks/node_modules_next_dist_compiled_0rpq4pf._.js GET /_next/static/chunks/node_modules_next_dist_compiled_0rpq4pf._.js
2026-04-07 00:31:02.2490|INFO|Incoming request GET /_next/static/chunks/node_modules_next_dist_client_0fhqo1d._.js GET /_next/static/chunks/node_modules_next_dist_client_0fhqo1d._.js
2026-04-07 00:31:02.2970|INFO|Incoming request GET /_next/static/chunks/node_modules_next_dist_115brz8._.js GET /_next/static/chunks/node_modules_next_dist_115brz8._.js
2026-04-07 00:31:02.3010|INFO|Incoming request GET /_next/static/chunks/node_modules_next_dist_0tt2wve._.js GET /_next/static/chunks/node_modules_next_dist_0tt2wve._.js
2026-04-07 00:31:02.3030|INFO|Incoming request GET /_next/static/chunks/node_modules_next_dist_07p5au~._.js GET /_next/static/chunks/node_modules_next_dist_07p5au~._.js
2026-04-07 00:31:02.3050|INFO|Incoming request GET /next.svg GET /next.svg
2026-04-07 00:31:02.3180|INFO|Incoming request GET /_next/static/chunks/node_modules_next_dist_compiled_react-dom_058-ah~._.js GET /_next/static/chunks/node_modules_next_dist_compiled_react-dom_058-ah~._.js
2026-04-07 00:31:02.3200|INFO|Incoming request GET /_next/static/chunks/%5Broot-of-the-server%5D__02nfq85._.css GET /_next/static/chunks/%5Broot-of-the-server%5D__02nfq85._.css
2026-04-07 00:31:02.3230|INFO|Incoming request GET /_next/static/chunks/node_modules_next_dist_compiled_react-server-dom-turbopack_0p3wegg._.js GET /_next/static/chunks/node_modules_next_dist_compiled_react-server-dom-turbopack_0p3wegg._.js
2026-04-07 00:31:02.3250|INFO|Incoming request GET /_next/static/chunks/%5Bturbopack%5D_browser_dev_hmr-client_hmr-client_ts_10z625~._.js GET /_next/static/chunks/%5Bturbopack%5D_browser_dev_hmr-client_hmr-client_ts_10z625~._.js
2026-04-07 00:31:02.3760|INFO|Incoming request GET / GET /
2026-04-07 00:31:02.3870|INFO|Incoming request GET /_next/static/chunks/node_modules_next_dist_compiled_next-devtools_index_0553esy.js GET /_next/static/chunks/node_modules_next_dist_compiled_next-devtools_index_0553esy.js
2026-04-07 00:31:02.3980|INFO|Incoming request GET /_next/static/chunks/node_modules_next_dist_compiled_0rpq4pf._.js GET /_next/static/chunks/node_modules_next_dist_compiled_0rpq4pf._.js
2026-04-07 00:31:02.5830|INFO|Incoming request GET /_next/static/chunks/node_modules_next_dist_client_0fhqo1d._.js GET /_next/static/chunks/node_modules_next_dist_client_0fhqo1d._.js
2026-04-07 00:31:02.5990|INFO|Incoming request GET /_next/static/chunks/node_modules_next_dist_115brz8._.js GET /_next/static/chunks/node_modules_next_dist_115brz8._.js
2026-04-07 00:31:02.6130|INFO|Incoming request GET /_next/static/chunks/node_modules_%40swc_helpers_cjs_0-4ujiy._.js GET /_next/static/chunks/node_modules_%40swc_helpers_cjs_0-4ujiy._.js
2026-04-07 00:31:02.6330|INFO|Incoming request GET /_next/static/chunks/_0rqeker._.js GET /_next/static/chunks/_0rqeker._.js
2026-04-07 00:31:02.6350|INFO|Incoming request GET /next.svg GET /next.svg
2026-04-07 00:31:02.6460|INFO|Incoming request GET /_next/static/chunks/%5Broot-of-the-server%5D__02nfq85._.css GET /_next/static/chunks/%5Broot-of-the-server%5D__02nfq85._.css
2026-04-07 00:31:02.6480|INFO|Incoming request GET /_next/static/chunks/node_modules_next_dist_compiled_react-dom_058-ah~._.js GET /_next/static/chunks/node_modules_next_dist_compiled_react-dom_058-ah~._.js
2026-04-07 00:31:02.6500|INFO|Incoming request GET /_next/static/chunks/%5Bturbopack%5D_browser_dev_hmr-client_hmr-client_ts_10z625~._.js GET /_next/static/chunks/%5Bturbopack%5D_browser_dev_hmr-client_hmr-client_ts_10z625~._.js
2026-04-07 00:31:02.6690|INFO|Incoming request GET /_next/static/chunks/node_modules_next_dist_compiled_next-devtools_index_0553esy.js GET /_next/static/chunks/node_modules_next_dist_compiled_next-devtools_index_0553esy.js
2026-04-07 00:31:02.7100|INFO|Incoming request GET /_next/static/chunks/node_modules_next_dist_compiled_react-server-dom-turbopack_0p3wegg._.js GET /_next/static/chunks/node_modules_next_dist_compiled_react-server-dom-turbopack_0p3wegg._.js
2026-04-07 00:31:02.7240|INFO|Incoming request GET /_next/static/chunks/node_modules_next_dist_compiled_0rpq4pf._.js GET /_next/static/chunks/node_modules_next_dist_compiled_0rpq4pf._.js
2026-04-07 00:31:02.7270|INFO|Incoming request GET /_next/static/chunks/node_modules_next_dist_client_0fhqo1d._.js GET /_next/static/chunks/node_modules_next_dist_client_0fhqo1d._.js
2026-04-07 00:31:02.7380|INFO|Incoming request GET /_next/static/chunks/node_modules_next_dist_115brz8._.js GET /_next/static/chunks/node_modules_next_dist_115brz8._.js
2026-04-07 00:31:02.7620|INFO|Incoming request GET / GET /
2026-04-07 00:31:02.7830|INFO|Incoming request GET /_next/static/chunks/node_modules_%40swc_helpers_cjs_0-4ujiy._.js GET /_next/static/chunks/node_modules_%40swc_helpers_cjs_0-4ujiy._.js
2026-04-07 00:31:02.9470|INFO|Incoming request GET /_next/static/chunks/_0rqeker._.js GET /_next/static/chunks/_0rqeker._.js
2026-04-07 00:31:02.9950|INFO|Incoming request GET /_next/static/chunks/turbopack-_0p44nws._.js GET /_next/static/chunks/turbopack-_0p44nws._.js
2026-04-07 00:31:02.9970|INFO|Incoming request GET /next.svg GET /next.svg
2026-04-07 00:31:03.0040|INFO|Incoming request GET / GET /
2026-04-07 00:31:03.0090|INFO|Incoming request GET /_next/static/chunks/%5Broot-of-the-server%5D__02nfq85._.css GET /_next/static/chunks/%5Broot-of-the-server%5D__02nfq85._.css
2026-04-07 00:31:03.0120|INFO|Incoming request GET /_next/static/chunks/node_modules_next_dist_compiled_react-dom_058-ah~._.js GET /_next/static/chunks/node_modules_next_dist_compiled_react-dom_058-ah~._.js
2026-04-07 00:31:03.0150|INFO|Incoming request GET /_next/static/chunks/%5Bturbopack%5D_browser_dev_hmr-client_hmr-client_ts_10z625~._.js GET /_next/static/chunks/%5Bturbopack%5D_browser_dev_hmr-client_hmr-client_ts_10z625~._.js
2026-04-07 00:31:03.1770|INFO|Incoming request GET /_next/static/chunks/node_modules_next_dist_compiled_next-devtools_index_0553esy.js GET /_next/static/chunks/node_modules_next_dist_compiled_next-devtools_index_0553esy.js
2026-04-07 00:31:03.2220|INFO|Incoming request GET /_next/static/chunks/node_modules_next_dist_compiled_react-server-dom-turbopack_0p3wegg._.js GET /_next/static/chunks/node_modules_next_dist_compiled_react-server-dom-turbopack_0p3wegg._.js
2026-04-07 00:31:03.2600|INFO|Incoming request GET /_next/static/chunks/node_modules_next_dist_compiled_0rpq4pf._.js GET /_next/static/chunks/node_modules_next_dist_compiled_0rpq4pf._.js
2026-04-07 00:31:03.3010|INFO|Incoming request GET /_next/static/chunks/node_modules_next_dist_client_0fhqo1d._.js GET /_next/static/chunks/node_modules_next_dist_client_0fhqo1d._.js
2026-04-07 00:31:03.3050|INFO|Incoming request GET /_next/static/chunks/node_modules_next_dist_115brz8._.js GET /_next/static/chunks/node_modules_next_dist_115brz8._.js
2026-04-07 00:31:03.3090|INFO|Incoming request GET /_next/static/chunks/node_modules_%40swc_helpers_cjs_0-4ujiy._.js GET /_next/static/chunks/node_modules_%40swc_helpers_cjs_0-4ujiy._.js
2026-04-07 00:31:03.3110|INFO|Incoming request GET /_next/static/chunks/_0rqeker._.js GET /_next/static/chunks/_0rqeker._.js
2026-04-07 00:31:03.3120|INFO|Incoming request GET /next.svg GET /next.svg
2026-04-07 00:31:03.3230|INFO|Incoming request GET /_next/static/chunks/%5Broot-of-the-server%5D__02nfq85._.css GET /_next/static/chunks/%5Broot-of-the-server%5D__02nfq85._.css
2026-04-07 00:31:03.3290|INFO|Incoming request GET /_next/static/chunks/node_modules_next_dist_compiled_next-devtools_index_0553esy.js GET /_next/static/chunks/node_modules_next_dist_compiled_next-devtools_index_0553esy.js
2026-04-07 00:31:03.3340|INFO|Incoming request GET /_next/static/chunks/node_modules_next_dist_compiled_react-dom_058-ah~._.js GET /_next/static/chunks/node_modules_next_dist_compiled_react-dom_058-ah~._.js
2026-04-07 00:31:03.3520|INFO|Incoming request GET /_next/static/chunks/node_modules_next_dist_compiled_react-server-dom-turbopack_0p3wegg._.js GET /_next/static/chunks/node_modules_next_dist_compiled_react-server-dom-turbopack_0p3wegg._.js
2026-04-07 00:31:03.3840|INFO|Incoming request GET / GET /
2026-04-07 00:31:03.3970|INFO|Incoming request GET /_next/static/chunks/%5Bturbopack%5D_browser_dev_hmr-client_hmr-client_ts_10z625~._.js GET /_next/static/chunks/%5Bturbopack%5D_browser_dev_hmr-client_hmr-client_ts_10z625~._.js
2026-04-07 00:31:03.6280|INFO|Incoming request GET /_next/static/chunks/node_modules_next_dist_compiled_0rpq4pf._.js GET /_next/static/chunks/node_modules_next_dist_compiled_0rpq4pf._.js
2026-04-07 00:31:03.6570|INFO|Incoming request GET /_next/static/chunks/node_modules_next_dist_client_0fhqo1d._.js GET /_next/static/chunks/node_modules_next_dist_client_0fhqo1d._.js
2026-04-07 00:31:03.6610|INFO|Incoming request GET /_next/static/chunks/node_modules_next_dist_115brz8._.js GET /_next/static/chunks/node_modules_next_dist_115brz8._.js
2026-04-07 00:31:03.6830|INFO|Incoming request GET /_next/static/chunks/node_modules_%40swc_helpers_cjs_0-4ujiy._.js GET /_next/static/chunks/node_modules_%40swc_helpers_cjs_0-4ujiy._.js
2026-04-07 00:31:03.6850|INFO|Incoming request GET /_next/static/chunks/turbopack-_0p44nws._.js GET /_next/static/chunks/turbopack-_0p44nws._.js
2026-04-07 00:31:03.6880|INFO|Incoming request GET /_next/static/chunks/node_modules_next_dist_0tt2wve._.js GET /_next/static/chunks/node_modules_next_dist_0tt2wve._.js
2026-04-07 00:31:03.6950|INFO|Incoming request GET / GET /
2026-04-07 00:31:03.6970|INFO|Incoming request GET /next.svg GET /next.svg
2026-04-07 00:31:03.7060|INFO|Incoming request GET /_next/static/chunks/%5Broot-of-the-server%5D__02nfq85._.css GET /_next/static/chunks/%5Broot-of-the-server%5D__02nfq85._.css
2026-04-07 00:31:03.7090|INFO|Incoming request GET /_next/static/chunks/node_modules_next_dist_compiled_next-devtools_index_0553esy.js GET /_next/static/chunks/node_modules_next_dist_compiled_next-devtools_index_0553esy.js
2026-04-07 00:31:03.7110|INFO|Incoming request GET /_next/static/chunks/%5Bturbopack%5D_browser_dev_hmr-client_hmr-client_ts_10z625~._.js GET /_next/static/chunks/%5Bturbopack%5D_browser_dev_hmr-client_hmr-client_ts_10z625~._.js
2026-04-07 00:31:03.9330|INFO|Incoming request GET /_next/static/chunks/node_modules_next_dist_compiled_react-dom_058-ah~._.js GET /_next/static/chunks/node_modules_next_dist_compiled_react-dom_058-ah~._.js
2026-04-07 00:31:03.9980|INFO|Incoming request GET /_next/static/chunks/node_modules_next_dist_compiled_react-server-dom-turbopack_0p3wegg._.js GET /_next/static/chunks/node_modules_next_dist_compiled_react-server-dom-turbopack_0p3wegg._.js
2026-04-07 00:31:03.9990|INFO|Incoming request GET /_next/static/chunks/node_modules_next_dist_compiled_0rpq4pf._.js GET /_next/static/chunks/node_modules_next_dist_compiled_0rpq4pf._.js
2026-04-07 00:31:04.0290|INFO|Incoming request GET /_next/static/chunks/node_modules_next_dist_client_0fhqo1d._.js GET /_next/static/chunks/node_modules_next_dist_client_0fhqo1d._.js
2026-04-07 00:31:04.0300|INFO|Incoming request GET /_next/static/chunks/node_modules_next_dist_115brz8._.js GET /_next/static/chunks/node_modules_next_dist_115brz8._.js
2026-04-07 00:31:04.0310|INFO|Incoming request GET /_next/static/chunks/node_modules_%40swc_helpers_cjs_0-4ujiy._.js GET /_next/static/chunks/node_modules_%40swc_helpers_cjs_0-4ujiy._.js
2026-04-07 00:31:04.0330|INFO|Incoming request GET / GET /
2026-04-07 00:31:04.0360|INFO|Incoming request GET /next.svg GET /next.svg
2026-04-07 00:31:04.0460|INFO|Incoming request GET /_next/static/chunks/%5Broot-of-the-server%5D__02nfq85._.css GET /_next/static/chunks/%5Broot-of-the-server%5D__02nfq85._.css
2026-04-07 00:31:04.0480|INFO|Incoming request GET /_next/static/chunks/node_modules_next_dist_compiled_next-devtools_index_0553esy.js GET /_next/static/chunks/node_modules_next_dist_compiled_next-devtools_index_0553esy.js
2026-04-07 00:31:04.0490|INFO|Incoming request GET /_next/static/chunks/node_modules_next_dist_compiled_react-dom_058-ah~._.js GET /_next/static/chunks/node_modules_next_dist_compiled_react-dom_058-ah~._.js
2026-04-07 00:31:04.2910|INFO|Incoming request GET /_next/static/chunks/node_modules_next_dist_compiled_react-server-dom-turbopack_0p3wegg._.js GET /_next/static/chunks/node_modules_next_dist_compiled_react-server-dom-turbopack_0p3wegg._.js
2026-04-07 00:31:04.3250|INFO|Incoming request GET /_next/static/chunks/%5Bturbopack%5D_browser_dev_hmr-client_hmr-client_ts_10z625~._.js GET /_next/static/chunks/%5Bturbopack%5D_browser_dev_hmr-client_hmr-client_ts_10z625~._.js
2026-04-07 00:31:04.3350|INFO|Incoming request GET /_next/static/chunks/node_modules_next_dist_compiled_0rpq4pf._.js GET /_next/static/chunks/node_modules_next_dist_compiled_0rpq4pf._.js
2026-04-07 00:31:04.3380|INFO|Incoming request GET /next.svg GET /next.svg
2026-04-07 00:31:04.3470|INFO|Incoming request GET /_next/static/chunks/%5Broot-of-the-server%5D__02nfq85._.css GET /_next/static/chunks/%5Broot-of-the-server%5D__02nfq85._.css
2026-04-07 00:31:04.3500|INFO|Incoming request GET /_next/static/chunks/%5Bturbopack%5D_browser_dev_hmr-client_hmr-client_ts_10z625~._.js GET /_next/static/chunks/%5Bturbopack%5D_browser_dev_hmr-client_hmr-client_ts_10z625~._.js
2026-04-07 00:31:04.3530|INFO|Incoming request GET /_next/static/chunks/node_modules_next_dist_compiled_next-devtools_index_0553esy.js GET /_next/static/chunks/node_modules_next_dist_compiled_next-devtools_index_0553esy.js
2026-04-07 00:31:04.3550|INFO|Incoming request GET /_next/static/chunks/node_modules_next_dist_compiled_react-dom_058-ah~._.js GET /_next/static/chunks/node_modules_next_dist_compiled_react-dom_058-ah~._.js
2026-04-07 00:31:04.4110|INFO|Incoming request GET / GET /
2026-04-07 00:31:04.4280|INFO|Incoming request GET /_next/static/chunks/node_modules_next_dist_compiled_react-server-dom-turbopack_0p3wegg._.js GET /_next/static/chunks/node_modules_next_dist_compiled_react-server-dom-turbopack_0p3wegg._.js
2026-04-07 00:31:04.5040|INFO|Incoming request GET /_next/static/chunks/node_modules_next_dist_compiled_0rpq4pf._.js GET /_next/static/chunks/node_modules_next_dist_compiled_0rpq4pf._.js
2026-04-07 00:31:04.6350|INFO|Incoming request GET /_next/static/chunks/node_modules_next_dist_client_0fhqo1d._.js GET /_next/static/chunks/node_modules_next_dist_client_0fhqo1d._.js
2026-04-07 00:31:04.6740|INFO|Incoming request GET /next.svg GET /next.svg
2026-04-07 00:31:04.7000|INFO|Incoming request GET /_next/static/chunks/%5Broot-of-the-server%5D__02nfq85._.css GET /_next/static/chunks/%5Broot-of-the-server%5D__02nfq85._.css
2026-04-07 00:31:04.7030|INFO|Incoming request GET /_next/static/chunks/node_modules_next_dist_compiled_next-devtools_index_0553esy.js GET /_next/static/chunks/node_modules_next_dist_compiled_next-devtools_index_0553esy.js
2026-04-07 00:31:04.7130|INFO|Incoming request GET /_next/static/chunks/node_modules_next_dist_compiled_react-dom_058-ah~._.js GET /_next/static/chunks/node_modules_next_dist_compiled_react-dom_058-ah~._.js
2026-04-07 00:31:04.7360|INFO|Incoming request GET /_next/static/chunks/node_modules_next_dist_compiled_react-server-dom-turbopack_0p3wegg._.js GET /_next/static/chunks/node_modules_next_dist_compiled_react-server-dom-turbopack_0p3wegg._.js
2026-04-07 00:31:04.8110|INFO|Incoming request GET / GET /
2026-04-07 00:31:05.0920|INFO|Incoming request GET /_next/static/chunks/%5Bturbopack%5D_browser_dev_hmr-client_hmr-client_ts_10z625~._.js GET /_next/static/chunks/%5Bturbopack%5D_browser_dev_hmr-client_hmr-client_ts_10z625~._.js
2026-04-07 00:31:05.2400|INFO|Incoming request GET /_next/static/chunks/node_modules_next_dist_compiled_0rpq4pf._.js GET /_next/static/chunks/node_modules_next_dist_compiled_0rpq4pf._.js
2026-04-07 00:31:05.2470|INFO|Incoming request GET /_next/static/chunks/node_modules_next_dist_client_0fhqo1d._.js GET /_next/static/chunks/node_modules_next_dist_client_0fhqo1d._.js
2026-04-07 00:31:05.2830|INFO|Incoming request GET /next.svg GET /next.svg
2026-04-07 00:31:05.2930|INFO|Incoming request GET /_next/static/chunks/%5Broot-of-the-server%5D__02nfq85._.css GET /_next/static/chunks/%5Broot-of-the-server%5D__02nfq85._.css
2026-04-07 00:31:05.3010|INFO|Incoming request GET /_next/static/chunks/%5Bturbopack%5D_browser_dev_hmr-client_hmr-client_ts_10z625~._.js GET /_next/static/chunks/%5Bturbopack%5D_browser_dev_hmr-client_hmr-client_ts_10z625~._.js
2026-04-07 00:31:05.3040|INFO|Incoming request GET /_next/static/chunks/node_modules_next_dist_compiled_next-devtools_index_0553esy.js GET /_next/static/chunks/node_modules_next_dist_compiled_next-devtools_index_0553esy.js
2026-04-07 00:31:05.3250|INFO|Incoming request GET /_next/static/chunks/node_modules_next_dist_compiled_react-dom_058-ah~._.js GET /_next/static/chunks/node_modules_next_dist_compiled_react-dom_058-ah~._.js
2026-04-07 00:31:05.4260|INFO|Incoming request GET / GET /
2026-04-07 00:31:05.4860|INFO|Incoming request GET /_next/static/chunks/node_modules_next_dist_compiled_react-server-dom-turbopack_0p3wegg._.js GET /_next/static/chunks/node_modules_next_dist_compiled_react-server-dom-turbopack_0p3wegg._.js
2026-04-07 00:31:05.6870|INFO|Incoming request GET /_next/static/chunks/node_modules_next_dist_compiled_0rpq4pf._.js GET /_next/static/chunks/node_modules_next_dist_compiled_0rpq4pf._.js
2026-04-07 00:31:05.8400|INFO|Incoming request GET /_next/static/chunks/node_modules_next_dist_client_0fhqo1d._.js GET /_next/static/chunks/node_modules_next_dist_client_0fhqo1d._.js
2026-04-07 00:31:05.8460|INFO|Incoming request GET /_next/static/chunks/node_modules_next_dist_115brz8._.js GET /_next/static/chunks/node_modules_next_dist_115brz8._.js
2026-04-07 00:31:05.8560|INFO|Incoming request GET /_next/static/chunks/node_modules_%40swc_helpers_cjs_0-4ujiy._.js GET /_next/static/chunks/node_modules_%40swc_helpers_cjs_0-4ujiy._.js
2026-04-07 00:31:05.8580|INFO|Incoming request GET /next.svg GET /next.svg
2026-04-07 00:31:05.8760|INFO|Incoming request GET /_next/static/chunks/%5Broot-of-the-server%5D__02nfq85._.css GET /_next/static/chunks/%5Broot-of-the-server%5D__02nfq85._.css
2026-04-07 00:31:05.8780|INFO|Incoming request GET /_next/static/chunks/node_modules_next_dist_compiled_next-devtools_index_0553esy.js GET /_next/static/chunks/node_modules_next_dist_compiled_next-devtools_index_0553esy.js
2026-04-07 00:31:05.8800|INFO|Incoming request GET /_next/static/chunks/node_modules_next_dist_compiled_react-dom_058-ah~._.js GET /_next/static/chunks/node_modules_next_dist_compiled_react-dom_058-ah~._.js
2026-04-07 00:31:05.8810|INFO|Incoming request GET /_next/static/chunks/%5Bturbopack%5D_browser_dev_hmr-client_hmr-client_ts_10z625~._.js GET /_next/static/chunks/%5Bturbopack%5D_browser_dev_hmr-client_hmr-client_ts_10z625~._.js
2026-04-07 00:31:05.9280|INFO|Incoming request GET / GET /
2026-04-07 00:31:05.9370|INFO|Incoming request GET /_next/static/chunks/node_modules_next_dist_compiled_react-server-dom-turbopack_0p3wegg._.js GET /_next/static/chunks/node_modules_next_dist_compiled_react-server-dom-turbopack_0p3wegg._.js
2026-04-07 00:31:05.9440|INFO|Incoming request GET /_next/static/chunks/node_modules_next_dist_compiled_0rpq4pf._.js GET /_next/static/chunks/node_modules_next_dist_compiled_0rpq4pf._.js
2026-04-07 00:31:06.1780|INFO|Incoming request GET /_next/static/chunks/node_modules_next_dist_client_0fhqo1d._.js GET /_next/static/chunks/node_modules_next_dist_client_0fhqo1d._.js
2026-04-07 00:31:06.2010|INFO|Incoming request GET /_next/static/chunks/node_modules_next_dist_115brz8._.js GET /_next/static/chunks/node_modules_next_dist_115brz8._.js
2026-04-07 00:31:06.2140|INFO|Incoming request GET /_next/static/chunks/node_modules_%40swc_helpers_cjs_0-4ujiy._.js GET /_next/static/chunks/node_modules_%40swc_helpers_cjs_0-4ujiy._.js
2026-04-07 00:31:06.2160|INFO|Incoming request GET /next.svg GET /next.svg
2026-04-07 00:31:06.2250|INFO|Incoming request GET /_next/static/chunks/%5Broot-of-the-server%5D__02nfq85._.css GET /_next/static/chunks/%5Broot-of-the-server%5D__02nfq85._.css
2026-04-07 00:31:06.2280|INFO|Incoming request GET /_next/static/chunks/node_modules_next_dist_compiled_next-devtools_index_0553esy.js GET /_next/static/chunks/node_modules_next_dist_compiled_next-devtools_index_0553esy.js
2026-04-07 00:31:06.2290|INFO|Incoming request GET /_next/static/chunks/node_modules_next_dist_compiled_react-dom_058-ah~._.js GET /_next/static/chunks/node_modules_next_dist_compiled_react-dom_058-ah~._.js
2026-04-07 00:31:06.2360|INFO|Incoming request GET /_next/static/chunks/%5Bturbopack%5D_browser_dev_hmr-client_hmr-client_ts_10z625~._.js GET /_next/static/chunks/%5Bturbopack%5D_browser_dev_hmr-client_hmr-client_ts_10z625~._.js
2026-04-07 00:31:06.2850|INFO|Incoming request GET /_next/static/chunks/node_modules_next_dist_compiled_react-server-dom-turbopack_0p3wegg._.js GET /_next/static/chunks/node_modules_next_dist_compiled_react-server-dom-turbopack_0p3wegg._.js
2026-04-07 00:31:06.3020|INFO|Incoming request GET /_next/static/chunks/node_modules_next_dist_compiled_0rpq4pf._.js GET /_next/static/chunks/node_modules_next_dist_compiled_0rpq4pf._.js
2026-04-07 00:31:06.3130|INFO|Incoming request GET /_next/static/chunks/node_modules_next_dist_client_0fhqo1d._.js GET /_next/static/chunks/node_modules_next_dist_client_0fhqo1d._.js
2026-04-07 00:31:06.3510|INFO|Incoming request GET / GET /
2026-04-07 00:31:06.3780|INFO|Incoming request GET /_next/static/chunks/node_modules_next_dist_115brz8._.js GET /_next/static/chunks/node_modules_next_dist_115brz8._.js
2026-04-07 00:31:06.5280|INFO|Incoming request GET /_next/static/chunks/node_modules_%40swc_helpers_cjs_0-4ujiy._.js GET /_next/static/chunks/node_modules_%40swc_helpers_cjs_0-4ujiy._.js
2026-04-07 00:31:06.5580|INFO|Incoming request GET /_next/static/chunks/_0rqeker._.js GET /_next/static/chunks/_0rqeker._.js
2026-04-07 00:31:06.5600|INFO|Incoming request GET /next.svg GET /next.svg
2026-04-07 00:31:06.5720|INFO|Incoming request GET /_next/static/chunks/%5Broot-of-the-server%5D__02nfq85._.css GET /_next/static/chunks/%5Broot-of-the-server%5D__02nfq85._.css
2026-04-07 00:31:06.5750|INFO|Incoming request GET /_next/static/chunks/node_modules_next_dist_compiled_next-devtools_index_0553esy.js GET /_next/static/chunks/node_modules_next_dist_compiled_next-devtools_index_0553esy.js
2026-04-07 00:31:06.5770|INFO|Incoming request GET /_next/static/chunks/node_modules_next_dist_compiled_react-dom_058-ah~._.js GET /_next/static/chunks/node_modules_next_dist_compiled_react-dom_058-ah~._.js
2026-04-07 00:31:06.5790|INFO|Incoming request GET /_next/static/chunks/%5Bturbopack%5D_browser_dev_hmr-client_hmr-client_ts_10z625~._.js GET /_next/static/chunks/%5Bturbopack%5D_browser_dev_hmr-client_hmr-client_ts_10z625~._.js
2026-04-07 00:31:06.6140|INFO|Incoming request GET /_next/static/chunks/node_modules_next_dist_compiled_react-server-dom-turbopack_0p3wegg._.js GET /_next/static/chunks/node_modules_next_dist_compiled_react-server-dom-turbopack_0p3wegg._.js
2026-04-07 00:31:06.6420|INFO|Incoming request GET /_next/static/chunks/node_modules_next_dist_compiled_0rpq4pf._.js GET /_next/static/chunks/node_modules_next_dist_compiled_0rpq4pf._.js
2026-04-07 00:31:06.6470|INFO|Incoming request GET /_next/static/chunks/node_modules_next_dist_client_0fhqo1d._.js GET /_next/static/chunks/node_modules_next_dist_client_0fhqo1d._.js
2026-04-07 00:31:06.6740|INFO|Incoming request GET /_next/static/chunks/node_modules_next_dist_115brz8._.js GET /_next/static/chunks/node_modules_next_dist_115brz8._.js
2026-04-07 00:31:06.6940|INFO|Incoming request GET /_next/static/chunks/node_modules_%40swc_helpers_cjs_0-4ujiy._.js GET /_next/static/chunks/node_modules_%40swc_helpers_cjs_0-4ujiy._.js
2026-04-07 00:31:06.7010|INFO|Incoming request GET /_next/static/chunks/_0rqeker._.js GET /_next/static/chunks/_0rqeker._.js
2026-04-07 00:31:06.8040|INFO|Incoming request GET / GET /
2026-04-07 00:31:06.8170|INFO|Incoming request GET /_next/static/chunks/turbopack-_0p44nws._.js GET /_next/static/chunks/turbopack-_0p44nws._.js
2026-04-07 00:31:06.8210|INFO|Incoming request GET /_next/static/chunks/node_modules_next_dist_0tt2wve._.js GET /_next/static/chunks/node_modules_next_dist_0tt2wve._.js
2026-04-07 00:31:06.9080|INFO|Incoming request GET /_next/static/chunks/src_app_layout_tsx_004glpo._.js GET /_next/static/chunks/src_app_layout_tsx_004glpo._.js
2026-04-07 00:31:06.9480|INFO|Incoming request GET /_next/static/chunks/node_modules_next_dist_07p5au~._.js GET /_next/static/chunks/node_modules_next_dist_07p5au~._.js
2026-04-07 00:31:07.0300|INFO|Incoming request GET /_next/static/chunks/src_app_page_tsx_002ye8~._.js GET /_next/static/chunks/src_app_page_tsx_002ye8~._.js
2026-04-07 00:31:07.0460|INFO|Incoming request GET /next.svg GET /next.svg
2026-04-07 00:31:07.0500|INFO|Incoming request GET /_next/static/chunks/%5Broot-of-the-server%5D__02nfq85._.css GET /_next/static/chunks/%5Broot-of-the-server%5D__02nfq85._.css
2026-04-07 00:31:07.0610|INFO|Incoming request GET /_next/static/chunks/%5Bturbopack%5D_browser_dev_hmr-client_hmr-client_ts_10z625~._.js GET /_next/static/chunks/%5Bturbopack%5D_browser_dev_hmr-client_hmr-client_ts_10z625~._.js
2026-04-07 00:31:07.0630|INFO|Incoming request GET /_next/static/chunks/node_modules_next_dist_compiled_next-devtools_index_0553esy.js GET /_next/static/chunks/node_modules_next_dist_compiled_next-devtools_index_0553esy.js
2026-04-07 00:31:07.0660|INFO|Incoming request GET /_next/static/chunks/node_modules_next_dist_compiled_react-dom_058-ah~._.js GET /_next/static/chunks/node_modules_next_dist_compiled_react-dom_058-ah~._.js
2026-04-07 00:31:07.1430|INFO|Incoming request GET /_next/static/chunks/node_modules_next_dist_compiled_react-server-dom-turbopack_0p3wegg._.js GET /_next/static/chunks/node_modules_next_dist_compiled_react-server-dom-turbopack_0p3wegg._.js
2026-04-07 00:31:07.1610|INFO|Incoming request GET /_next/static/chunks/node_modules_next_dist_compiled_0rpq4pf._.js GET /_next/static/chunks/node_modules_next_dist_compiled_0rpq4pf._.js
2026-04-07 00:31:07.1660|INFO|Incoming request GET /_next/static/chunks/node_modules_next_dist_client_0fhqo1d._.js GET /_next/static/chunks/node_modules_next_dist_client_0fhqo1d._.js
2026-04-07 00:31:07.1760|INFO|Incoming request GET /_next/static/chunks/node_modules_next_dist_115brz8._.js GET /_next/static/chunks/node_modules_next_dist_115brz8._.js
2026-04-07 00:31:07.1780|INFO|Incoming request GET /_next/static/chunks/node_modules_%40swc_helpers_cjs_0-4ujiy._.js GET /_next/static/chunks/node_modules_%40swc_helpers_cjs_0-4ujiy._.js
2026-04-07 00:31:07.2290|INFO|Incoming request GET / GET /
2026-04-07 00:31:07.2540|INFO|Incoming request GET /_next/static/chunks/_0rqeker._.js GET /_next/static/chunks/_0rqeker._.js
2026-04-07 00:31:07.2610|INFO|Incoming request GET /_next/static/chunks/turbopack-_0p44nws._.js GET /_next/static/chunks/turbopack-_0p44nws._.js
2026-04-07 00:31:07.2640|INFO|Incoming request GET /_next/static/chunks/node_modules_next_dist_0tt2wve._.js GET /_next/static/chunks/node_modules_next_dist_0tt2wve._.js
2026-04-07 00:31:07.3700|INFO|Incoming request GET /_next/static/chunks/src_app_layout_tsx_004glpo._.js GET /_next/static/chunks/src_app_layout_tsx_004glpo._.js
2026-04-07 00:31:07.4600|INFO|Incoming request GET /_next/static/chunks/node_modules_next_dist_07p5au~._.js GET /_next/static/chunks/node_modules_next_dist_07p5au~._.js
2026-04-07 00:31:07.4930|INFO|Incoming request GET /_next/static/chunks/src_app_page_tsx_002ye8~._.js GET /_next/static/chunks/src_app_page_tsx_002ye8~._.js
2026-04-07 00:31:07.4960|INFO|Incoming request GET /vercel.svg GET /vercel.svg
2026-04-07 00:31:07.5080|INFO|Incoming request GET /next.svg GET /next.svg
2026-04-07 00:31:07.5110|INFO|Incoming request GET /_next/static/chunks/%5Broot-of-the-server%5D__02nfq85._.css GET /_next/static/chunks/%5Broot-of-the-server%5D__02nfq85._.css
2026-04-07 00:31:07.5120|INFO|Incoming request GET /_next/static/chunks/%5Bturbopack%5D_browser_dev_hmr-client_hmr-client_ts_10z625~._.js GET /_next/static/chunks/%5Bturbopack%5D_browser_dev_hmr-client_hmr-client_ts_10z625~._.js
2026-04-07 00:31:07.5140|INFO|Incoming request GET /_next/static/chunks/node_modules_next_dist_compiled_next-devtools_index_0553esy.js GET /_next/static/chunks/node_modules_next_dist_compiled_next-devtools_index_0553esy.js
2026-04-07 00:31:07.5160|INFO|Incoming request GET /_next/static/chunks/node_modules_next_dist_compiled_react-dom_058-ah~._.js GET /_next/static/chunks/node_modules_next_dist_compiled_react-dom_058-ah~._.js
2026-04-07 00:31:07.6010|INFO|Incoming request GET /_next/static/chunks/node_modules_next_dist_compiled_react-server-dom-turbopack_0p3wegg._.js GET /_next/static/chunks/node_modules_next_dist_compiled_react-server-dom-turbopack_0p3wegg._.js
2026-04-07 00:31:07.6040|INFO|Incoming request GET /_next/static/chunks/node_modules_next_dist_client_0fhqo1d._.js GET /_next/static/chunks/node_modules_next_dist_client_0fhqo1d._.js
2026-04-07 00:31:07.6110|INFO|Incoming request GET /_next/static/chunks/node_modules_next_dist_compiled_0rpq4pf._.js GET /_next/static/chunks/node_modules_next_dist_compiled_0rpq4pf._.js
2026-04-07 00:31:07.6150|INFO|Incoming request GET /_next/static/chunks/node_modules_next_dist_115brz8._.js GET /_next/static/chunks/node_modules_next_dist_115brz8._.js
2026-04-07 00:31:07.6160|INFO|Incoming request GET /_next/static/chunks/node_modules_%40swc_helpers_cjs_0-4ujiy._.js GET /_next/static/chunks/node_modules_%40swc_helpers_cjs_0-4ujiy._.js
2026-04-07 00:31:07.6700|INFO|Incoming request GET / GET /
2026-04-07 00:31:07.6750|INFO|Incoming request GET /_next/static/chunks/_0rqeker._.js GET /_next/static/chunks/_0rqeker._.js
2026-04-07 00:31:07.6840|INFO|Incoming request GET /_next/static/chunks/turbopack-_0p44nws._.js GET /_next/static/chunks/turbopack-_0p44nws._.js
2026-04-07 00:31:07.6870|INFO|Incoming request GET /_next/static/chunks/node_modules_next_dist_0tt2wve._.js GET /_next/static/chunks/node_modules_next_dist_0tt2wve._.js
2026-04-07 00:31:07.6940|INFO|Incoming request GET /_next/static/chunks/src_app_layout_tsx_004glpo._.js GET /_next/static/chunks/src_app_layout_tsx_004glpo._.js
2026-04-07 00:31:07.8240|INFO|Incoming request GET /_next/static/chunks/node_modules_next_dist_07p5au~._.js GET /_next/static/chunks/node_modules_next_dist_07p5au~._.js
2026-04-07 00:31:07.9390|INFO|Incoming request GET /next.svg GET /next.svg
2026-04-07 00:31:07.9440|INFO|Incoming request GET /_next/static/chunks/src_app_page_tsx_002ye8~._.js GET /_next/static/chunks/src_app_page_tsx_002ye8~._.js
2026-04-07 00:31:07.9560|INFO|Incoming request GET /_next/static/chunks/%5Broot-of-the-server%5D__02nfq85._.css GET /_next/static/chunks/%5Broot-of-the-server%5D__02nfq85._.css
2026-04-07 00:31:07.9590|INFO|Incoming request GET /_next/static/chunks/%5Bturbopack%5D_browser_dev_hmr-client_hmr-client_ts_10z625~._.js GET /_next/static/chunks/%5Bturbopack%5D_browser_dev_hmr-client_hmr-client_ts_10z625~._.js
2026-04-07 00:31:07.9690|INFO|Incoming request GET /_next/static/chunks/node_modules_next_dist_compiled_next-devtools_index_0553esy.js GET /_next/static/chunks/node_modules_next_dist_compiled_next-devtools_index_0553esy.js
2026-04-07 00:31:07.9720|INFO|Incoming request GET /_next/static/chunks/node_modules_next_dist_compiled_react-dom_058-ah~._.js GET /_next/static/chunks/node_modules_next_dist_compiled_react-dom_058-ah~._.js
2026-04-07 00:31:08.0410|INFO|Incoming request GET /_next/static/chunks/node_modules_next_dist_compiled_react-server-dom-turbopack_0p3wegg._.js GET /_next/static/chunks/node_modules_next_dist_compiled_react-server-dom-turbopack_0p3wegg._.js
2026-04-07 00:31:08.0580|INFO|Incoming request GET /_next/static/chunks/node_modules_next_dist_compiled_0rpq4pf._.js GET /_next/static/chunks/node_modules_next_dist_compiled_0rpq4pf._.js
2026-04-07 00:31:08.0670|INFO|Incoming request GET / GET /
2026-04-07 00:31:08.0720|INFO|Incoming request GET /_next/static/chunks/node_modules_next_dist_client_0fhqo1d._.js GET /_next/static/chunks/node_modules_next_dist_client_0fhqo1d._.js
2026-04-07 00:31:08.0760|INFO|Incoming request GET /_next/static/chunks/node_modules_next_dist_115brz8._.js GET /_next/static/chunks/node_modules_next_dist_115brz8._.js
2026-04-07 00:31:08.1710|INFO|Incoming request GET /_next/static/chunks/node_modules_%40swc_helpers_cjs_0-4ujiy._.js GET /_next/static/chunks/node_modules_%40swc_helpers_cjs_0-4ujiy._.js
2026-04-07 00:31:08.2360|INFO|Incoming request GET /_next/static/chunks/_0rqeker._.js GET /_next/static/chunks/_0rqeker._.js
2026-04-07 00:31:08.2700|INFO|Incoming request GET /_next/static/chunks/turbopack-_0p44nws._.js GET /_next/static/chunks/turbopack-_0p44nws._.js
2026-04-07 00:31:08.2740|INFO|Incoming request GET /_next/static/chunks/node_modules_next_dist_0tt2wve._.js GET /_next/static/chunks/node_modules_next_dist_0tt2wve._.js
2026-04-07 00:31:08.3260|INFO|Incoming request GET /_next/static/chunks/src_app_layout_tsx_004glpo._.js GET /_next/static/chunks/src_app_layout_tsx_004glpo._.js
2026-04-07 00:31:08.3290|INFO|Incoming request GET /_next/static/chunks/src_app_page_tsx_002ye8~._.js GET /_next/static/chunks/src_app_page_tsx_002ye8~._.js
2026-04-07 00:31:08.3310|INFO|Incoming request GET /next.svg GET /next.svg
2026-04-07 00:31:08.3650|INFO|Incoming request GET / GET /
2026-04-07 00:31:08.3680|INFO|Incoming request GET /_next/static/chunks/%5Broot-of-the-server%5D__02nfq85._.css GET /_next/static/chunks/%5Broot-of-the-server%5D__02nfq85._.css
2026-04-07 00:31:08.3700|INFO|Incoming request GET /_next/static/chunks/%5Bturbopack%5D_browser_dev_hmr-client_hmr-client_ts_10z625~._.js GET /_next/static/chunks/%5Bturbopack%5D_browser_dev_hmr-client_hmr-client_ts_10z625~._.js
2026-04-07 00:31:08.3750|INFO|Incoming request GET /_next/static/chunks/node_modules_next_dist_compiled_next-devtools_index_0553esy.js GET /_next/static/chunks/node_modules_next_dist_compiled_next-devtools_index_0553esy.js
2026-04-07 00:31:08.5960|INFO|Incoming request GET /_next/static/chunks/node_modules_next_dist_compiled_react-dom_058-ah~._.js GET /_next/static/chunks/node_modules_next_dist_compiled_react-dom_058-ah~._.js
2026-04-07 00:31:08.6100|INFO|Incoming request GET /_next/static/chunks/node_modules_next_dist_compiled_react-server-dom-turbopack_0p3wegg._.js GET /_next/static/chunks/node_modules_next_dist_compiled_react-server-dom-turbopack_0p3wegg._.js
2026-04-07 00:31:08.6160|INFO|Incoming request GET /_next/static/chunks/node_modules_next_dist_compiled_0rpq4pf._.js GET /_next/static/chunks/node_modules_next_dist_compiled_0rpq4pf._.js
2026-04-07 00:31:08.6470|INFO|Incoming request GET /_next/static/chunks/node_modules_next_dist_client_0fhqo1d._.js GET /_next/static/chunks/node_modules_next_dist_client_0fhqo1d._.js
2026-04-07 00:31:08.6730|INFO|Incoming request GET /_next/static/chunks/node_modules_%40swc_helpers_cjs_0-4ujiy._.js GET /_next/static/chunks/node_modules_%40swc_helpers_cjs_0-4ujiy._.js
2026-04-07 00:31:08.6740|INFO|Incoming request GET /_next/static/chunks/node_modules_next_dist_115brz8._.js GET /_next/static/chunks/node_modules_next_dist_115brz8._.js
2026-04-07 00:31:08.6760|INFO|Incoming request GET /_next/static/chunks/turbopack-_0p44nws._.js GET /_next/static/chunks/turbopack-_0p44nws._.js
2026-04-07 00:31:08.6770|INFO|Incoming request GET /next.svg GET /next.svg
2026-04-07 00:31:08.6830|INFO|Incoming request GET /_next/static/chunks/node_modules_next_dist_compiled_react-dom_058-ah~._.js GET /_next/static/chunks/node_modules_next_dist_compiled_react-dom_058-ah~._.js
2026-04-07 00:31:08.6850|INFO|Incoming request GET /_next/static/chunks/%5Broot-of-the-server%5D__02nfq85._.css GET /_next/static/chunks/%5Broot-of-the-server%5D__02nfq85._.css
2026-04-07 00:31:08.6870|INFO|Incoming request GET /_next/static/chunks/node_modules_next_dist_compiled_react-server-dom-turbopack_0p3wegg._.js GET /_next/static/chunks/node_modules_next_dist_compiled_react-server-dom-turbopack_0p3wegg._.js
2026-04-07 00:31:08.6900|INFO|Incoming request GET /_next/static/chunks/%5Bturbopack%5D_browser_dev_hmr-client_hmr-client_ts_10z625~._.js GET /_next/static/chunks/%5Bturbopack%5D_browser_dev_hmr-client_hmr-client_ts_10z625~._.js
2026-04-07 00:31:08.7410|INFO|Incoming request GET /_next/static/chunks/node_modules_next_dist_compiled_next-devtools_index_0553esy.js GET /_next/static/chunks/node_modules_next_dist_compiled_next-devtools_index_0553esy.js
2026-04-07 00:31:08.7510|INFO|Incoming request GET /_next/static/chunks/node_modules_next_dist_compiled_0rpq4pf._.js GET /_next/static/chunks/node_modules_next_dist_compiled_0rpq4pf._.js
2026-04-07 00:31:08.7580|INFO|Incoming request GET /_next/static/chunks/node_modules_next_dist_client_0fhqo1d._.js GET /_next/static/chunks/node_modules_next_dist_client_0fhqo1d._.js
2026-04-07 00:31:08.7880|INFO|Incoming request GET / GET /
2026-04-07 00:31:08.8010|INFO|Incoming request GET /_next/static/chunks/node_modules_next_dist_115brz8._.js GET /_next/static/chunks/node_modules_next_dist_115brz8._.js
2026-04-07 00:31:08.8080|INFO|Incoming request GET /_next/static/chunks/node_modules_%40swc_helpers_cjs_0-4ujiy._.js GET /_next/static/chunks/node_modules_%40swc_helpers_cjs_0-4ujiy._.js
2026-04-07 00:31:08.9530|INFO|Incoming request GET /_next/static/chunks/_0rqeker._.js GET /_next/static/chunks/_0rqeker._.js
2026-04-07 00:31:08.9860|INFO|Incoming request GET /_next/static/chunks/turbopack-_0p44nws._.js GET /_next/static/chunks/turbopack-_0p44nws._.js
2026-04-07 00:31:08.9960|INFO|Incoming request GET /next.svg GET /next.svg
2026-04-07 00:31:09.0010|INFO|Incoming request GET / GET /
2026-04-07 00:31:09.0030|INFO|Incoming request GET /_next/static/chunks/%5Broot-of-the-server%5D__02nfq85._.css GET /_next/static/chunks/%5Broot-of-the-server%5D__02nfq85._.css
2026-04-07 00:31:09.0040|INFO|Incoming request GET /_next/static/chunks/node_modules_next_dist_compiled_react-dom_058-ah~._.js GET /_next/static/chunks/node_modules_next_dist_compiled_react-dom_058-ah~._.js
2026-04-07 00:31:09.0070|INFO|Incoming request GET /_next/static/chunks/%5Bturbopack%5D_browser_dev_hmr-client_hmr-client_ts_10z625~._.js GET /_next/static/chunks/%5Bturbopack%5D_browser_dev_hmr-client_hmr-client_ts_10z625~._.js
2026-04-07 00:31:09.1310|INFO|Incoming request GET /_next/static/chunks/node_modules_next_dist_compiled_next-devtools_index_0553esy.js GET /_next/static/chunks/node_modules_next_dist_compiled_next-devtools_index_0553esy.js
2026-04-07 00:31:09.1500|INFO|Incoming request GET /_next/static/chunks/node_modules_next_dist_compiled_react-server-dom-turbopack_0p3wegg._.js GET /_next/static/chunks/node_modules_next_dist_compiled_react-server-dom-turbopack_0p3wegg._.js
2026-04-07 00:31:09.1700|INFO|Incoming request GET /_next/static/chunks/node_modules_next_dist_compiled_0rpq4pf._.js GET /_next/static/chunks/node_modules_next_dist_compiled_0rpq4pf._.js
2026-04-07 00:31:09.2080|INFO|Incoming request GET /_next/static/chunks/node_modules_next_dist_client_0fhqo1d._.js GET /_next/static/chunks/node_modules_next_dist_client_0fhqo1d._.js
2026-04-07 00:31:09.2130|INFO|Incoming request GET /_next/static/chunks/node_modules_next_dist_115brz8._.js GET /_next/static/chunks/node_modules_next_dist_115brz8._.js
2026-04-07 00:31:09.2220|INFO|Incoming request GET /next.svg GET /next.svg
2026-04-07 00:31:09.2320|INFO|Incoming request GET /_next/static/chunks/%5Broot-of-the-server%5D__02nfq85._.css GET /_next/static/chunks/%5Broot-of-the-server%5D__02nfq85._.css
2026-04-07 00:31:09.2340|INFO|Incoming request GET /_next/static/chunks/node_modules_next_dist_compiled_next-devtools_index_0553esy.js GET /_next/static/chunks/node_modules_next_dist_compiled_next-devtools_index_0553esy.js
2026-04-07 00:31:09.2360|INFO|Incoming request GET /_next/static/chunks/node_modules_next_dist_compiled_react-dom_058-ah~._.js GET /_next/static/chunks/node_modules_next_dist_compiled_react-dom_058-ah~._.js
2026-04-07 00:31:09.2380|INFO|Incoming request GET /_next/static/chunks/node_modules_next_dist_compiled_react-server-dom-turbopack_0p3wegg._.js GET /_next/static/chunks/node_modules_next_dist_compiled_react-server-dom-turbopack_0p3wegg._.js
2026-04-07 00:31:09.2710|INFO|Incoming request GET / GET /
2026-04-07 00:31:09.2910|INFO|Incoming request GET /_next/static/chunks/%5Bturbopack%5D_browser_dev_hmr-client_hmr-client_ts_10z625~._.js GET /_next/static/chunks/%5Bturbopack%5D_browser_dev_hmr-client_hmr-client_ts_10z625~._.js
2026-04-07 00:31:09.4680|INFO|Incoming request GET /_next/static/chunks/node_modules_next_dist_compiled_0rpq4pf._.js GET /_next/static/chunks/node_modules_next_dist_compiled_0rpq4pf._.js
2026-04-07 00:31:09.4830|INFO|Incoming request GET /_next/static/chunks/node_modules_next_dist_client_0fhqo1d._.js GET /_next/static/chunks/node_modules_next_dist_client_0fhqo1d._.js
2026-04-07 00:31:09.5040|INFO|Incoming request GET /_next/static/chunks/node_modules_next_dist_115brz8._.js GET /_next/static/chunks/node_modules_next_dist_115brz8._.js
2026-04-07 00:31:09.5070|INFO|Incoming request GET /_next/static/chunks/node_modules_%40swc_helpers_cjs_0-4ujiy._.js GET /_next/static/chunks/node_modules_%40swc_helpers_cjs_0-4ujiy._.js
2026-04-07 00:31:09.5170|INFO|Incoming request GET /next.svg GET /next.svg
2026-04-07 00:31:09.5200|INFO|Incoming request GET /_next/static/chunks/%5Broot-of-the-server%5D__02nfq85._.css GET /_next/static/chunks/%5Broot-of-the-server%5D__02nfq85._.css
2026-04-07 00:31:09.5210|INFO|Incoming request GET /_next/static/chunks/%5Bturbopack%5D_browser_dev_hmr-client_hmr-client_ts_10z625~._.js GET /_next/static/chunks/%5Bturbopack%5D_browser_dev_hmr-client_hmr-client_ts_10z625~._.js
2026-04-07 00:31:09.5250|INFO|Incoming request GET /_next/static/chunks/node_modules_next_dist_compiled_next-devtools_index_0553esy.js GET /_next/static/chunks/node_modules_next_dist_compiled_next-devtools_index_0553esy.js
2026-04-07 00:31:09.5280|INFO|Incoming request GET /_next/static/chunks/node_modules_next_dist_compiled_react-dom_058-ah~._.js GET /_next/static/chunks/node_modules_next_dist_compiled_react-dom_058-ah~._.js
2026-04-07 00:31:09.5780|INFO|Incoming request GET /_next/static/chunks/node_modules_next_dist_compiled_react-server-dom-turbopack_0p3wegg._.js GET /_next/static/chunks/node_modules_next_dist_compiled_react-server-dom-turbopack_0p3wegg._.js
2026-04-07 00:31:09.5880|INFO|Incoming request GET /_next/static/chunks/node_modules_next_dist_compiled_0rpq4pf._.js GET /_next/static/chunks/node_modules_next_dist_compiled_0rpq4pf._.js
2026-04-07 00:31:09.6030|INFO|Incoming request GET /_next/static/chunks/node_modules_next_dist_client_0fhqo1d._.js GET /_next/static/chunks/node_modules_next_dist_client_0fhqo1d._.js
2026-04-07 00:31:09.6450|INFO|Incoming request GET /_next/static/chunks/node_modules_next_dist_115brz8._.js GET /_next/static/chunks/node_modules_next_dist_115brz8._.js
2026-04-07 00:31:09.6660|INFO|Incoming request GET /_next/static/chunks/node_modules_%40swc_helpers_cjs_0-4ujiy._.js GET /_next/static/chunks/node_modules_%40swc_helpers_cjs_0-4ujiy._.js
2026-04-07 00:31:09.7050|INFO|Incoming request GET /_next/static/chunks/_0rqeker._.js GET /_next/static/chunks/_0rqeker._.js
2026-04-07 00:31:09.7550|INFO|Incoming request GET /_next/static/chunks/turbopack-_0p44nws._.js GET /_next/static/chunks/turbopack-_0p44nws._.js
2026-04-07 00:31:09.7850|INFO|Incoming request GET /_next/static/chunks/node_modules_next_dist_0tt2wve._.js GET /_next/static/chunks/node_modules_next_dist_0tt2wve._.js
2026-04-07 00:31:09.7910|INFO|Incoming request GET /_next/static/chunks/src_app_layout_tsx_004glpo._.js GET /_next/static/chunks/src_app_layout_tsx_004glpo._.js
2026-04-07 00:31:09.8140|INFO|Incoming request GET /_next/static/chunks/node_modules_next_dist_07p5au~._.js GET /_next/static/chunks/node_modules_next_dist_07p5au~._.js
2026-04-07 00:31:09.8670|INFO|Incoming request GET /_next/static/chunks/src_app_page_tsx_002ye8~._.js GET /_next/static/chunks/src_app_page_tsx_002ye8~._.js
2026-04-07 00:31:09.9000|INFO|Incoming request GET /_next/static/chunks/node_modules_next_dist_client_components_builtin_global-error_002ye8~.js GET /_next/static/chunks/node_modules_next_dist_client_components_builtin_global-error_002ye8~.js
2026-04-07 00:31:09.9040|INFO|Incoming request GET /vercel.svg GET /vercel.svg
2026-04-07 00:31:09.9310|INFO|Incoming request GET /_next/static/chunks/%5Bturbopack%5D_browser_dev_hmr-client_hmr-client_ts_0yjw1oe._.js GET /_next/static/chunks/%5Bturbopack%5D_browser_dev_hmr-client_hmr-client_ts_0yjw1oe._.js
2026-04-07 00:31:09.9660|INFO|Incoming request GET /_next/static/chunks/%5Bturbopack%5D_browser_dev_hmr-client_hmr-client_ts_10mygs7._.js GET /_next/static/chunks/%5Bturbopack%5D_browser_dev_hmr-client_hmr-client_ts_10mygs7._.js
2026-04-07 00:31:28.2490|INFO|Incoming request GET / GET /
2026-04-07 00:31:28.4810|INFO|Incoming request GET /_next/static/chunks/%5Broot-of-the-server%5D__02nfq85._.css GET /_next/static/chunks/%5Broot-of-the-server%5D__02nfq85._.css
2026-04-07 00:31:28.4840|INFO|Incoming request GET /_next/static/chunks/%5Bturbopack%5D_browser_dev_hmr-client_hmr-client_ts_10z625~._.js GET /_next/static/chunks/%5Bturbopack%5D_browser_dev_hmr-client_hmr-client_ts_10z625~._.js
2026-04-07 00:31:28.4850|INFO|Incoming request GET /next.svg GET /next.svg
2026-04-07 00:31:28.4950|INFO|Incoming request GET /_next/static/chunks/node_modules_next_dist_compiled_next-devtools_index_0553esy.js GET /_next/static/chunks/node_modules_next_dist_compiled_next-devtools_index_0553esy.js
2026-04-07 00:31:28.4960|INFO|Incoming request GET /_next/static/chunks/node_modules_next_dist_compiled_react-dom_058-ah~._.js GET /_next/static/chunks/node_modules_next_dist_compiled_react-dom_058-ah~._.js
2026-04-07 00:31:28.4990|INFO|Incoming request GET /_next/static/chunks/node_modules_next_dist_compiled_react-server-dom-turbopack_0p3wegg._.js GET /_next/static/chunks/node_modules_next_dist_compiled_react-server-dom-turbopack_0p3wegg._.js
2026-04-07 00:31:28.6130|INFO|Incoming request GET /_next/static/chunks/node_modules_next_dist_compiled_0rpq4pf._.js GET /_next/static/chunks/node_modules_next_dist_compiled_0rpq4pf._.js
2026-04-07 00:31:28.6150|INFO|Incoming request GET /_next/static/chunks/node_modules_next_dist_client_0fhqo1d._.js GET /_next/static/chunks/node_modules_next_dist_client_0fhqo1d._.js
2026-04-07 00:31:28.6240|INFO|Incoming request GET /_next/static/chunks/node_modules_next_dist_115brz8._.js GET /_next/static/chunks/node_modules_next_dist_115brz8._.js
2026-04-07 00:31:28.6250|INFO|Incoming request GET /_next/static/chunks/node_modules_%40swc_helpers_cjs_0-4ujiy._.js GET /_next/static/chunks/node_modules_%40swc_helpers_cjs_0-4ujiy._.js
2026-04-07 00:31:28.6270|INFO|Incoming request GET /_next/static/chunks/_0rqeker._.js GET /_next/static/chunks/_0rqeker._.js
2026-04-07 00:31:28.6290|INFO|Incoming request GET /_next/static/chunks/turbopack-_0p44nws._.js GET /_next/static/chunks/turbopack-_0p44nws._.js
2026-04-07 00:31:28.7030|INFO|Incoming request GET /_next/static/chunks/node_modules_next_dist_0tt2wve._.js GET /_next/static/chunks/node_modules_next_dist_0tt2wve._.js
2026-04-07 00:31:28.7130|INFO|Incoming request GET /_next/static/chunks/src_app_layout_tsx_004glpo._.js GET /_next/static/chunks/src_app_layout_tsx_004glpo._.js
2026-04-07 00:31:28.7250|INFO|Incoming request GET /_next/static/chunks/node_modules_next_dist_07p5au~._.js GET /_next/static/chunks/node_modules_next_dist_07p5au~._.js
2026-04-07 00:31:28.7320|INFO|Incoming request GET /_next/static/chunks/src_app_page_tsx_002ye8~._.js GET /_next/static/chunks/src_app_page_tsx_002ye8~._.js
2026-04-07 00:31:28.7420|INFO|Incoming request GET /_next/static/chunks/node_modules_next_dist_client_components_builtin_global-error_002ye8~.js GET /_next/static/chunks/node_modules_next_dist_client_components_builtin_global-error_002ye8~.js
2026-04-07 00:31:28.7490|INFO|Incoming request GET /vercel.svg GET /vercel.svg
2026-04-07 00:31:28.8060|INFO|Incoming request GET /_next/static/chunks/%5Bturbopack%5D_browser_dev_hmr-client_hmr-client_ts_0yjw1oe._.js GET /_next/static/chunks/%5Bturbopack%5D_browser_dev_hmr-client_hmr-client_ts_0yjw1oe._.js
2026-04-07 00:31:28.8090|INFO|Incoming request GET /_next/static/chunks/%5Bturbopack%5D_browser_dev_hmr-client_hmr-client_ts_10mygs7._.js GET /_next/static/chunks/%5Bturbopack%5D_browser_dev_hmr-client_hmr-client_ts_10mygs7._.js
2026-04-07 00:31:29.9420|INFO|Incoming request GET / GET /
2026-04-07 00:31:30.1210|INFO|Incoming request GET /next.svg GET /next.svg
2026-04-07 00:31:30.1330|INFO|Incoming request GET /_next/static/chunks/%5Broot-of-the-server%5D__02nfq85._.css GET /_next/static/chunks/%5Broot-of-the-server%5D__02nfq85._.css
2026-04-07 00:31:30.1360|INFO|Incoming request GET /_next/static/chunks/%5Bturbopack%5D_browser_dev_hmr-client_hmr-client_ts_10z625~._.js GET /_next/static/chunks/%5Bturbopack%5D_browser_dev_hmr-client_hmr-client_ts_10z625~._.js
2026-04-07 00:31:30.1430|INFO|Incoming request GET /_next/static/chunks/node_modules_next_dist_compiled_next-devtools_index_0553esy.js GET /_next/static/chunks/node_modules_next_dist_compiled_next-devtools_index_0553esy.js
2026-04-07 00:31:30.1510|INFO|Incoming request GET /_next/static/chunks/node_modules_next_dist_compiled_react-dom_058-ah~._.js GET /_next/static/chunks/node_modules_next_dist_compiled_react-dom_058-ah~._.js
2026-04-07 00:31:30.2360|INFO|Incoming request GET /_next/static/chunks/node_modules_next_dist_compiled_react-server-dom-turbopack_0p3wegg._.js GET /_next/static/chunks/node_modules_next_dist_compiled_react-server-dom-turbopack_0p3wegg._.js
2026-04-07 00:31:30.2460|INFO|Incoming request GET /_next/static/chunks/node_modules_next_dist_compiled_0rpq4pf._.js GET /_next/static/chunks/node_modules_next_dist_compiled_0rpq4pf._.js
2026-04-07 00:31:30.2490|INFO|Incoming request GET /_next/static/chunks/node_modules_next_dist_client_0fhqo1d._.js GET /_next/static/chunks/node_modules_next_dist_client_0fhqo1d._.js
2026-04-07 00:31:30.2510|INFO|Incoming request GET /_next/static/chunks/node_modules_next_dist_115brz8._.js GET /_next/static/chunks/node_modules_next_dist_115brz8._.js
2026-04-07 00:31:30.2530|INFO|Incoming request GET /_next/static/chunks/node_modules_%40swc_helpers_cjs_0-4ujiy._.js GET /_next/static/chunks/node_modules_%40swc_helpers_cjs_0-4ujiy._.js
2026-04-07 00:31:30.3010|INFO|Incoming request GET /vercel.svg GET /vercel.svg
2026-04-07 00:31:30.3190|INFO|Incoming request GET /_next/static/chunks/_0rqeker._.js GET /_next/static/chunks/_0rqeker._.js
2026-04-07 00:31:30.3290|INFO|Incoming request GET /_next/static/chunks/turbopack-_0p44nws._.js GET /_next/static/chunks/turbopack-_0p44nws._.js
2026-04-07 00:31:30.3330|INFO|Incoming request GET /_next/static/chunks/node_modules_next_dist_0tt2wve._.js GET /_next/static/chunks/node_modules_next_dist_0tt2wve._.js
2026-04-07 00:31:30.3430|INFO|Incoming request GET /_next/static/chunks/src_app_layout_tsx_004glpo._.js GET /_next/static/chunks/src_app_layout_tsx_004glpo._.js
2026-04-07 00:31:30.3480|INFO|Incoming request GET /_next/static/chunks/node_modules_next_dist_07p5au~._.js GET /_next/static/chunks/node_modules_next_dist_07p5au~._.js
2026-04-07 00:31:30.3820|INFO|Incoming request GET /_next/static/chunks/src_app_page_tsx_002ye8~._.js GET /_next/static/chunks/src_app_page_tsx_002ye8~._.js
2026-04-07 00:31:30.4270|INFO|Incoming request GET /_next/static/chunks/node_modules_next_dist_client_components_builtin_global-error_002ye8~.js GET /_next/static/chunks/node_modules_next_dist_client_components_builtin_global-error_002ye8~.js
2026-04-07 00:31:30.4450|INFO|Incoming request GET /_next/static/chunks/%5Bturbopack%5D_browser_dev_hmr-client_hmr-client_ts_0yjw1oe._.js GET /_next/static/chunks/%5Bturbopack%5D_browser_dev_hmr-client_hmr-client_ts_0yjw1oe._.js
2026-04-07 00:31:30.4480|INFO|Incoming request GET /_next/static/chunks/%5Bturbopack%5D_browser_dev_hmr-client_hmr-client_ts_10mygs7._.js GET /_next/static/chunks/%5Bturbopack%5D_browser_dev_hmr-client_hmr-client_ts_10mygs7._.js
2026-04-07 00:33:00.0110|INFO|Incoming request GET / GET /
2026-04-07 00:33:08.9340|INFO|Incoming request GET / GET /
2026-04-07 00:33:17.1830|INFO|Incoming request GET / GET /
2026-04-07 00:33:17.8300|INFO|Incoming request GET /next.svg GET /next.svg
2026-04-07 00:33:17.8730|INFO|Incoming request GET /_next/static/chunks/%5Broot-of-the-server%5D__02nfq85._.css GET /_next/static/chunks/%5Broot-of-the-server%5D__02nfq85._.css
2026-04-07 00:33:17.8780|INFO|Incoming request GET /_next/static/chunks/%5Bturbopack%5D_browser_dev_hmr-client_hmr-client_ts_10z625~._.js GET /_next/static/chunks/%5Bturbopack%5D_browser_dev_hmr-client_hmr-client_ts_10z625~._.js
2026-04-07 00:33:17.8830|INFO|Incoming request GET /_next/static/chunks/node_modules_next_dist_compiled_next-devtools_index_0553esy.js GET /_next/static/chunks/node_modules_next_dist_compiled_next-devtools_index_0553esy.js
2026-04-07 00:33:17.8930|INFO|Incoming request GET /_next/static/chunks/node_modules_next_dist_compiled_react-dom_058-ah~._.js GET /_next/static/chunks/node_modules_next_dist_compiled_react-dom_058-ah~._.js
2026-04-07 00:33:17.9580|INFO|Incoming request GET /_next/static/chunks/node_modules_next_dist_compiled_react-server-dom-turbopack_0p3wegg._.js GET /_next/static/chunks/node_modules_next_dist_compiled_react-server-dom-turbopack_0p3wegg._.js
2026-04-07 00:33:18.0090|INFO|Incoming request GET /_next/static/chunks/node_modules_next_dist_compiled_0rpq4pf._.js GET /_next/static/chunks/node_modules_next_dist_compiled_0rpq4pf._.js
2026-04-07 00:33:18.0180|INFO|Incoming request GET /_next/static/chunks/node_modules_next_dist_client_0fhqo1d._.js GET /_next/static/chunks/node_modules_next_dist_client_0fhqo1d._.js
2026-04-07 00:33:18.0300|INFO|Incoming request GET /_next/static/chunks/node_modules_next_dist_115brz8._.js GET /_next/static/chunks/node_modules_next_dist_115brz8._.js
2026-04-07 00:33:18.0380|INFO|Incoming request GET /vercel.svg GET /vercel.svg
2026-04-07 00:33:18.0890|INFO|Incoming request GET /_next/static/chunks/node_modules_%40swc_helpers_cjs_0-4ujiy._.js GET /_next/static/chunks/node_modules_%40swc_helpers_cjs_0-4ujiy._.js
2026-04-07 00:33:18.1100|INFO|Incoming request GET /_next/static/chunks/_0rqeker._.js GET /_next/static/chunks/_0rqeker._.js
2026-04-07 00:33:18.1290|INFO|Incoming request GET /_next/static/chunks/turbopack-_0p44nws._.js GET /_next/static/chunks/turbopack-_0p44nws._.js
2026-04-07 00:33:18.1420|INFO|Incoming request GET /_next/static/chunks/node_modules_next_dist_0tt2wve._.js GET /_next/static/chunks/node_modules_next_dist_0tt2wve._.js
2026-04-07 00:33:18.1550|INFO|Incoming request GET /_next/static/chunks/src_app_layout_tsx_004glpo._.js GET /_next/static/chunks/src_app_layout_tsx_004glpo._.js
2026-04-07 00:33:18.1660|INFO|Incoming request GET /_next/static/chunks/node_modules_next_dist_07p5au~._.js GET /_next/static/chunks/node_modules_next_dist_07p5au~._.js
2026-04-07 00:33:18.2420|INFO|Incoming request GET /_next/static/chunks/src_app_page_tsx_002ye8~._.js GET /_next/static/chunks/src_app_page_tsx_002ye8~._.js
2026-04-07 00:33:18.2480|INFO|Incoming request GET /_next/static/chunks/node_modules_next_dist_client_components_builtin_global-error_002ye8~.js GET /_next/static/chunks/node_modules_next_dist_client_components_builtin_global-error_002ye8~.js
2026-04-07 00:33:18.2660|INFO|Incoming request GET /_next/static/chunks/%5Bturbopack%5D_browser_dev_hmr-client_hmr-client_ts_0yjw1oe._.js GET /_next/static/chunks/%5Bturbopack%5D_browser_dev_hmr-client_hmr-client_ts_0yjw1oe._.js
2026-04-07 00:33:18.2710|INFO|Incoming request GET /_next/static/chunks/%5Bturbopack%5D_browser_dev_hmr-client_hmr-client_ts_10mygs7._.js GET /_next/static/chunks/%5Bturbopack%5D_browser_dev_hmr-client_hmr-client_ts_10mygs7._.js
2026-04-07 00:33:19.7480|INFO|Incoming request GET / GET /
2026-04-07 00:33:19.9420|INFO|Incoming request GET /next.svg GET /next.svg
2026-04-07 00:33:19.9540|INFO|Incoming request GET /_next/static/chunks/%5Broot-of-the-server%5D__02nfq85._.css GET /_next/static/chunks/%5Broot-of-the-server%5D__02nfq85._.css
2026-04-07 00:33:19.9590|INFO|Incoming request GET /_next/static/chunks/%5Bturbopack%5D_browser_dev_hmr-client_hmr-client_ts_10z625~._.js GET /_next/static/chunks/%5Bturbopack%5D_browser_dev_hmr-client_hmr-client_ts_10z625~._.js
2026-04-07 00:33:19.9610|INFO|Incoming request GET /_next/static/chunks/node_modules_next_dist_compiled_next-devtools_index_0553esy.js GET /_next/static/chunks/node_modules_next_dist_compiled_next-devtools_index_0553esy.js
2026-04-07 00:33:19.9630|INFO|Incoming request GET /_next/static/chunks/node_modules_next_dist_compiled_react-dom_058-ah~._.js GET /_next/static/chunks/node_modules_next_dist_compiled_react-dom_058-ah~._.js
2026-04-07 00:33:20.0240|INFO|Incoming request GET /_next/static/chunks/node_modules_next_dist_compiled_react-server-dom-turbopack_0p3wegg._.js GET /_next/static/chunks/node_modules_next_dist_compiled_react-server-dom-turbopack_0p3wegg._.js
2026-04-07 00:33:20.0440|INFO|Incoming request GET /_next/static/chunks/node_modules_next_dist_compiled_0rpq4pf._.js GET /_next/static/chunks/node_modules_next_dist_compiled_0rpq4pf._.js
2026-04-07 00:33:20.0480|INFO|Incoming request GET /_next/static/chunks/node_modules_next_dist_client_0fhqo1d._.js GET /_next/static/chunks/node_modules_next_dist_client_0fhqo1d._.js
2026-04-07 00:33:20.0520|INFO|Incoming request GET /_next/static/chunks/node_modules_next_dist_115brz8._.js GET /_next/static/chunks/node_modules_next_dist_115brz8._.js
2026-04-07 00:33:20.0580|INFO|Incoming request GET /_next/static/chunks/node_modules_%40swc_helpers_cjs_0-4ujiy._.js GET /_next/static/chunks/node_modules_%40swc_helpers_cjs_0-4ujiy._.js
2026-04-07 00:33:20.1070|INFO|Incoming request GET / GET /
2026-04-07 00:33:20.1160|INFO|Incoming request GET /vercel.svg GET /vercel.svg
2026-04-07 00:33:20.1270|INFO|Incoming request GET /_next/static/chunks/_0rqeker._.js GET /_next/static/chunks/_0rqeker._.js
2026-04-07 00:33:20.1300|INFO|Incoming request GET /_next/static/chunks/turbopack-_0p44nws._.js GET /_next/static/chunks/turbopack-_0p44nws._.js
2026-04-07 00:33:20.1970|INFO|Incoming request GET /_next/static/chunks/node_modules_next_dist_0tt2wve._.js GET /_next/static/chunks/node_modules_next_dist_0tt2wve._.js
2026-04-07 00:33:20.2030|INFO|Incoming request GET /_next/static/chunks/src_app_layout_tsx_004glpo._.js GET /_next/static/chunks/src_app_layout_tsx_004glpo._.js
2026-04-07 00:33:20.3170|INFO|Incoming request GET /_next/static/chunks/node_modules_next_dist_07p5au~._.js GET /_next/static/chunks/node_modules_next_dist_07p5au~._.js
2026-04-07 00:33:20.3320|INFO|Incoming request GET /_next/static/chunks/src_app_page_tsx_002ye8~._.js GET /_next/static/chunks/src_app_page_tsx_002ye8~._.js
2026-04-07 00:33:20.3350|INFO|Incoming request GET /_next/static/chunks/node_modules_next_dist_client_components_builtin_global-error_002ye8~.js GET /_next/static/chunks/node_modules_next_dist_client_components_builtin_global-error_002ye8~.js
2026-04-07 00:33:20.3620|INFO|Incoming request GET /_next/static/chunks/%5Bturbopack%5D_browser_dev_hmr-client_hmr-client_ts_0yjw1oe._.js GET /_next/static/chunks/%5Bturbopack%5D_browser_dev_hmr-client_hmr-client_ts_0yjw1oe._.js
2026-04-07 00:33:20.3640|INFO|Incoming request GET /next.svg GET /next.svg
2026-04-07 00:33:20.3830|INFO|Incoming request GET / GET /
2026-04-07 00:33:20.3870|INFO|Incoming request GET /_next/static/chunks/%5Broot-of-the-server%5D__02nfq85._.css GET /_next/static/chunks/%5Broot-of-the-server%5D__02nfq85._.css
2026-04-07 00:33:20.3890|INFO|Incoming request GET /_next/static/chunks/%5Bturbopack%5D_browser_dev_hmr-client_hmr-client_ts_10z625~._.js GET /_next/static/chunks/%5Bturbopack%5D_browser_dev_hmr-client_hmr-client_ts_10z625~._.js
2026-04-07 00:33:20.3920|INFO|Incoming request GET /_next/static/chunks/node_modules_next_dist_compiled_next-devtools_index_0553esy.js GET /_next/static/chunks/node_modules_next_dist_compiled_next-devtools_index_0553esy.js
2026-04-07 00:33:20.5560|INFO|Incoming request GET /_next/static/chunks/node_modules_next_dist_compiled_react-dom_058-ah~._.js GET /_next/static/chunks/node_modules_next_dist_compiled_react-dom_058-ah~._.js
2026-04-07 00:33:20.6180|INFO|Incoming request GET /_next/static/chunks/node_modules_next_dist_compiled_react-server-dom-turbopack_0p3wegg._.js GET /_next/static/chunks/node_modules_next_dist_compiled_react-server-dom-turbopack_0p3wegg._.js
2026-04-07 00:33:20.6210|INFO|Incoming request GET /_next/static/chunks/node_modules_next_dist_compiled_0rpq4pf._.js GET /_next/static/chunks/node_modules_next_dist_compiled_0rpq4pf._.js
2026-04-07 00:33:20.6220|INFO|Incoming request GET /_next/static/chunks/node_modules_next_dist_client_0fhqo1d._.js GET /_next/static/chunks/node_modules_next_dist_client_0fhqo1d._.js
2026-04-07 00:33:20.6490|INFO|Incoming request GET /_next/static/chunks/node_modules_next_dist_115brz8._.js GET /_next/static/chunks/node_modules_next_dist_115brz8._.js
2026-04-07 00:33:20.6510|INFO|Incoming request GET /_next/static/chunks/node_modules_%40swc_helpers_cjs_0-4ujiy._.js GET /_next/static/chunks/node_modules_%40swc_helpers_cjs_0-4ujiy._.js
2026-04-07 00:33:20.6610|INFO|Incoming request GET /next.svg GET /next.svg
2026-04-07 00:33:20.6670|INFO|Incoming request GET /_next/static/chunks/%5Broot-of-the-server%5D__02nfq85._.css GET /_next/static/chunks/%5Broot-of-the-server%5D__02nfq85._.css
2026-04-07 00:33:20.6690|INFO|Incoming request GET / GET /
2026-04-07 00:33:20.6720|INFO|Incoming request GET /_next/static/chunks/node_modules_next_dist_compiled_react-dom_058-ah~._.js GET /_next/static/chunks/node_modules_next_dist_compiled_react-dom_058-ah~._.js
2026-04-07 00:33:20.6730|INFO|Incoming request GET /_next/static/chunks/node_modules_next_dist_compiled_react-server-dom-turbopack_0p3wegg._.js GET /_next/static/chunks/node_modules_next_dist_compiled_react-server-dom-turbopack_0p3wegg._.js
2026-04-07 00:33:20.8070|INFO|Incoming request GET /_next/static/chunks/%5Bturbopack%5D_browser_dev_hmr-client_hmr-client_ts_10z625~._.js GET /_next/static/chunks/%5Bturbopack%5D_browser_dev_hmr-client_hmr-client_ts_10z625~._.js
2026-04-07 00:33:20.8350|INFO|Incoming request GET /_next/static/chunks/node_modules_next_dist_compiled_next-devtools_index_0553esy.js GET /_next/static/chunks/node_modules_next_dist_compiled_next-devtools_index_0553esy.js
2026-04-07 00:33:20.8920|INFO|Incoming request GET /_next/static/chunks/node_modules_next_dist_compiled_0rpq4pf._.js GET /_next/static/chunks/node_modules_next_dist_compiled_0rpq4pf._.js
2026-04-07 00:33:20.8940|INFO|Incoming request GET /_next/static/chunks/node_modules_next_dist_client_0fhqo1d._.js GET /_next/static/chunks/node_modules_next_dist_client_0fhqo1d._.js
2026-04-07 00:33:20.8950|INFO|Incoming request GET /next.svg GET /next.svg
2026-04-07 00:33:20.9020|INFO|Incoming request GET /_next/static/chunks/%5Broot-of-the-server%5D__02nfq85._.css GET /_next/static/chunks/%5Broot-of-the-server%5D__02nfq85._.css
2026-04-07 00:33:20.9040|INFO|Incoming request GET /_next/static/chunks/%5Bturbopack%5D_browser_dev_hmr-client_hmr-client_ts_10z625~._.js GET /_next/static/chunks/%5Bturbopack%5D_browser_dev_hmr-client_hmr-client_ts_10z625~._.js
2026-04-07 00:33:20.9060|INFO|Incoming request GET /_next/static/chunks/node_modules_next_dist_compiled_next-devtools_index_0553esy.js GET /_next/static/chunks/node_modules_next_dist_compiled_next-devtools_index_0553esy.js
2026-04-07 00:33:20.9120|INFO|Incoming request GET /_next/static/chunks/node_modules_next_dist_compiled_react-dom_058-ah~._.js GET /_next/static/chunks/node_modules_next_dist_compiled_react-dom_058-ah~._.js
2026-04-07 00:33:20.9460|INFO|Incoming request GET / GET /
2026-04-07 00:33:20.9650|INFO|Incoming request GET /_next/static/chunks/node_modules_next_dist_compiled_react-server-dom-turbopack_0p3wegg._.js GET /_next/static/chunks/node_modules_next_dist_compiled_react-server-dom-turbopack_0p3wegg._.js
2026-04-07 00:33:21.0530|INFO|Incoming request GET /_next/static/chunks/node_modules_next_dist_compiled_0rpq4pf._.js GET /_next/static/chunks/node_modules_next_dist_compiled_0rpq4pf._.js
2026-04-07 00:33:21.1710|INFO|Incoming request GET /_next/static/chunks/node_modules_next_dist_client_0fhqo1d._.js GET /_next/static/chunks/node_modules_next_dist_client_0fhqo1d._.js
2026-04-07 00:33:21.1750|INFO|Incoming request GET /_next/static/chunks/node_modules_%40swc_helpers_cjs_0-4ujiy._.js GET /_next/static/chunks/node_modules_%40swc_helpers_cjs_0-4ujiy._.js
2026-04-07 00:33:21.1770|INFO|Incoming request GET /next.svg GET /next.svg
2026-04-07 00:33:21.2290|INFO|Incoming request GET /_next/static/chunks/%5Broot-of-the-server%5D__02nfq85._.css GET /_next/static/chunks/%5Broot-of-the-server%5D__02nfq85._.css
2026-04-07 00:33:21.2380|INFO|Incoming request GET /_next/static/chunks/node_modules_next_dist_compiled_next-devtools_index_0553esy.js GET /_next/static/chunks/node_modules_next_dist_compiled_next-devtools_index_0553esy.js
2026-04-07 00:33:21.2430|INFO|Incoming request GET /_next/static/chunks/node_modules_next_dist_compiled_react-dom_058-ah~._.js GET /_next/static/chunks/node_modules_next_dist_compiled_react-dom_058-ah~._.js
2026-04-07 00:33:21.2500|INFO|Incoming request GET /_next/static/chunks/node_modules_next_dist_compiled_react-server-dom-turbopack_0p3wegg._.js GET /_next/static/chunks/node_modules_next_dist_compiled_react-server-dom-turbopack_0p3wegg._.js
2026-04-07 00:33:21.2770|INFO|Incoming request GET /_next/static/chunks/%5Bturbopack%5D_browser_dev_hmr-client_hmr-client_ts_10z625~._.js GET /_next/static/chunks/%5Bturbopack%5D_browser_dev_hmr-client_hmr-client_ts_10z625~._.js
2026-04-07 00:33:21.3070|INFO|Incoming request GET / GET /
2026-04-07 00:33:21.4800|INFO|Incoming request GET /_next/static/chunks/node_modules_next_dist_compiled_0rpq4pf._.js GET /_next/static/chunks/node_modules_next_dist_compiled_0rpq4pf._.js
2026-04-07 00:33:21.5380|INFO|Incoming request GET /_next/static/chunks/node_modules_next_dist_client_0fhqo1d._.js GET /_next/static/chunks/node_modules_next_dist_client_0fhqo1d._.js
2026-04-07 00:33:21.5430|INFO|Incoming request GET /_next/static/chunks/node_modules_next_dist_115brz8._.js GET /_next/static/chunks/node_modules_next_dist_115brz8._.js
2026-04-07 00:33:21.6140|INFO|Incoming request GET /_next/static/chunks/node_modules_%40swc_helpers_cjs_0-4ujiy._.js GET /_next/static/chunks/node_modules_%40swc_helpers_cjs_0-4ujiy._.js
2026-04-07 00:33:21.6170|INFO|Incoming request GET /next.svg GET /next.svg
2026-04-07 00:33:21.6260|INFO|Incoming request GET /_next/static/chunks/node_modules_next_dist_compiled_next-devtools_index_0553esy.js GET /_next/static/chunks/node_modules_next_dist_compiled_next-devtools_index_0553esy.js
2026-04-07 00:33:21.6280|INFO|Incoming request GET /_next/static/chunks/%5Broot-of-the-server%5D__02nfq85._.css GET /_next/static/chunks/%5Broot-of-the-server%5D__02nfq85._.css
2026-04-07 00:33:21.6310|INFO|Incoming request GET /_next/static/chunks/node_modules_next_dist_compiled_react-dom_058-ah~._.js GET /_next/static/chunks/node_modules_next_dist_compiled_react-dom_058-ah~._.js
2026-04-07 00:33:21.6500|INFO|Incoming request GET /_next/static/chunks/%5Bturbopack%5D_browser_dev_hmr-client_hmr-client_ts_10z625~._.js GET /_next/static/chunks/%5Bturbopack%5D_browser_dev_hmr-client_hmr-client_ts_10z625~._.js
2026-04-07 00:33:21.7290|INFO|Incoming request GET / GET /
2026-04-07 00:33:21.7590|INFO|Incoming request GET /_next/static/chunks/node_modules_next_dist_compiled_react-server-dom-turbopack_0p3wegg._.js GET /_next/static/chunks/node_modules_next_dist_compiled_react-server-dom-turbopack_0p3wegg._.js
2026-04-07 00:33:21.7770|INFO|Incoming request GET /_next/static/chunks/node_modules_next_dist_compiled_0rpq4pf._.js GET /_next/static/chunks/node_modules_next_dist_compiled_0rpq4pf._.js
2026-04-07 00:33:22.0440|INFO|Incoming request GET /_next/static/chunks/node_modules_next_dist_client_0fhqo1d._.js GET /_next/static/chunks/node_modules_next_dist_client_0fhqo1d._.js
2026-04-07 00:33:22.0470|INFO|Incoming request GET /_next/static/chunks/node_modules_next_dist_115brz8._.js GET /_next/static/chunks/node_modules_next_dist_115brz8._.js
2026-04-07 00:33:22.0730|INFO|Incoming request GET /_next/static/chunks/node_modules_%40swc_helpers_cjs_0-4ujiy._.js GET /_next/static/chunks/node_modules_%40swc_helpers_cjs_0-4ujiy._.js
2026-04-07 00:33:22.0750|INFO|Incoming request GET /next.svg GET /next.svg
2026-04-07 00:33:22.0890|INFO|Incoming request GET /_next/static/chunks/%5Broot-of-the-server%5D__02nfq85._.css GET /_next/static/chunks/%5Broot-of-the-server%5D__02nfq85._.css
2026-04-07 00:33:22.0920|INFO|Incoming request GET /_next/static/chunks/node_modules_next_dist_compiled_next-devtools_index_0553esy.js GET /_next/static/chunks/node_modules_next_dist_compiled_next-devtools_index_0553esy.js
2026-04-07 00:33:22.0940|INFO|Incoming request GET /_next/static/chunks/node_modules_next_dist_compiled_react-dom_058-ah~._.js GET /_next/static/chunks/node_modules_next_dist_compiled_react-dom_058-ah~._.js
2026-04-07 00:33:22.0970|INFO|Incoming request GET /_next/static/chunks/%5Bturbopack%5D_browser_dev_hmr-client_hmr-client_ts_10z625~._.js GET /_next/static/chunks/%5Bturbopack%5D_browser_dev_hmr-client_hmr-client_ts_10z625~._.js
2026-04-07 00:33:22.1940|INFO|Incoming request GET / GET /
2026-04-07 00:33:22.2090|INFO|Incoming request GET /_next/static/chunks/node_modules_next_dist_compiled_react-server-dom-turbopack_0p3wegg._.js GET /_next/static/chunks/node_modules_next_dist_compiled_react-server-dom-turbopack_0p3wegg._.js
2026-04-07 00:33:22.2670|INFO|Incoming request GET /_next/static/chunks/node_modules_next_dist_compiled_0rpq4pf._.js GET /_next/static/chunks/node_modules_next_dist_compiled_0rpq4pf._.js
2026-04-07 00:33:22.4950|INFO|Incoming request GET /_next/static/chunks/node_modules_next_dist_client_0fhqo1d._.js GET /_next/static/chunks/node_modules_next_dist_client_0fhqo1d._.js
2026-04-07 00:33:22.5240|INFO|Incoming request GET /_next/static/chunks/node_modules_next_dist_115brz8._.js GET /_next/static/chunks/node_modules_next_dist_115brz8._.js
2026-04-07 00:33:22.6330|INFO|Incoming request GET /_next/static/chunks/node_modules_%40swc_helpers_cjs_0-4ujiy._.js GET /_next/static/chunks/node_modules_%40swc_helpers_cjs_0-4ujiy._.js
2026-04-07 00:33:22.6410|INFO|Incoming request GET /next.svg GET /next.svg
2026-04-07 00:33:22.6630|INFO|Incoming request GET /_next/static/chunks/%5Broot-of-the-server%5D__02nfq85._.css GET /_next/static/chunks/%5Broot-of-the-server%5D__02nfq85._.css
2026-04-07 00:33:22.6650|INFO|Incoming request GET /_next/static/chunks/node_modules_next_dist_compiled_next-devtools_index_0553esy.js GET /_next/static/chunks/node_modules_next_dist_compiled_next-devtools_index_0553esy.js
2026-04-07 00:33:22.6670|INFO|Incoming request GET /_next/static/chunks/node_modules_next_dist_compiled_react-dom_058-ah~._.js GET /_next/static/chunks/node_modules_next_dist_compiled_react-dom_058-ah~._.js
2026-04-07 00:33:22.6790|INFO|Incoming request GET /_next/static/chunks/%5Bturbopack%5D_browser_dev_hmr-client_hmr-client_ts_10z625~._.js GET /_next/static/chunks/%5Bturbopack%5D_browser_dev_hmr-client_hmr-client_ts_10z625~._.js
2026-04-07 00:33:22.8480|INFO|Incoming request GET /_next/static/chunks/node_modules_next_dist_compiled_react-server-dom-turbopack_0p3wegg._.js GET /_next/static/chunks/node_modules_next_dist_compiled_react-server-dom-turbopack_0p3wegg._.js
2026-04-07 00:33:22.8570|INFO|Incoming request GET /_next/static/chunks/node_modules_next_dist_compiled_0rpq4pf._.js GET /_next/static/chunks/node_modules_next_dist_compiled_0rpq4pf._.js
2026-04-07 00:33:22.8650|INFO|Incoming request GET /_next/static/chunks/node_modules_next_dist_client_0fhqo1d._.js GET /_next/static/chunks/node_modules_next_dist_client_0fhqo1d._.js
2026-04-07 00:33:22.8950|INFO|Incoming request GET /_next/static/chunks/node_modules_next_dist_115brz8._.js GET /_next/static/chunks/node_modules_next_dist_115brz8._.js
2026-04-07 00:33:22.9170|INFO|Incoming request GET /_next/static/chunks/node_modules_%40swc_helpers_cjs_0-4ujiy._.js GET /_next/static/chunks/node_modules_%40swc_helpers_cjs_0-4ujiy._.js
2026-04-07 00:33:22.9750|INFO|Incoming request GET /_next/static/chunks/_0rqeker._.js GET /_next/static/chunks/_0rqeker._.js
2026-04-07 00:33:22.9990|INFO|Incoming request GET /_next/static/chunks/turbopack-_0p44nws._.js GET /_next/static/chunks/turbopack-_0p44nws._.js
2026-04-07 00:33:23.0330|INFO|Incoming request GET /_next/static/chunks/node_modules_next_dist_0tt2wve._.js GET /_next/static/chunks/node_modules_next_dist_0tt2wve._.js
2026-04-07 00:33:23.0500|INFO|Incoming request GET /_next/static/chunks/src_app_layout_tsx_004glpo._.js GET /_next/static/chunks/src_app_layout_tsx_004glpo._.js
2026-04-07 00:33:23.0920|INFO|Incoming request GET /_next/static/chunks/node_modules_next_dist_07p5au~._.js GET /_next/static/chunks/node_modules_next_dist_07p5au~._.js
2026-04-07 00:33:23.1490|INFO|Incoming request GET /_next/static/chunks/src_app_page_tsx_002ye8~._.js GET /_next/static/chunks/src_app_page_tsx_002ye8~._.js
2026-04-07 00:33:23.1670|INFO|Incoming request GET /_next/static/chunks/node_modules_next_dist_client_components_builtin_global-error_002ye8~.js GET /_next/static/chunks/node_modules_next_dist_client_components_builtin_global-error_002ye8~.js
2026-04-07 00:33:23.1780|INFO|Incoming request GET /vercel.svg GET /vercel.svg
2026-04-07 00:33:23.1910|INFO|Incoming request GET /_next/static/chunks/%5Bturbopack%5D_browser_dev_hmr-client_hmr-client_ts_0yjw1oe._.js GET /_next/static/chunks/%5Bturbopack%5D_browser_dev_hmr-client_hmr-client_ts_0yjw1oe._.js
2026-04-07 00:33:23.1930|INFO|Incoming request GET /_next/static/chunks/%5Bturbopack%5D_browser_dev_hmr-client_hmr-client_ts_10mygs7._.js GET /_next/static/chunks/%5Bturbopack%5D_browser_dev_hmr-client_hmr-client_ts_10mygs7._.js
2026-04-07 00:33:26.2170|INFO|Incoming request GET / GET /
2026-04-07 00:33:26.4620|INFO|Incoming request GET /_next/static/chunks/%5Broot-of-the-server%5D__02nfq85._.css GET /_next/static/chunks/%5Broot-of-the-server%5D__02nfq85._.css
2026-04-07 00:33:26.4650|INFO|Incoming request GET /next.svg GET /next.svg
2026-04-07 00:33:26.4670|INFO|Incoming request GET /_next/static/chunks/%5Bturbopack%5D_browser_dev_hmr-client_hmr-client_ts_10z625~._.js GET /_next/static/chunks/%5Bturbopack%5D_browser_dev_hmr-client_hmr-client_ts_10z625~._.js
2026-04-07 00:33:26.4680|INFO|Incoming request GET /_next/static/chunks/node_modules_next_dist_compiled_next-devtools_index_0553esy.js GET /_next/static/chunks/node_modules_next_dist_compiled_next-devtools_index_0553esy.js
2026-04-07 00:33:26.4740|INFO|Incoming request GET /_next/static/chunks/node_modules_next_dist_compiled_react-dom_058-ah~._.js GET /_next/static/chunks/node_modules_next_dist_compiled_react-dom_058-ah~._.js
2026-04-07 00:33:26.4760|INFO|Incoming request GET /_next/static/chunks/node_modules_next_dist_compiled_react-server-dom-turbopack_0p3wegg._.js GET /_next/static/chunks/node_modules_next_dist_compiled_react-server-dom-turbopack_0p3wegg._.js
2026-04-07 00:33:26.5420|INFO|Incoming request GET /_next/static/chunks/node_modules_next_dist_compiled_0rpq4pf._.js GET /_next/static/chunks/node_modules_next_dist_compiled_0rpq4pf._.js
2026-04-07 00:33:26.5510|INFO|Incoming request GET /_next/static/chunks/node_modules_next_dist_client_0fhqo1d._.js GET /_next/static/chunks/node_modules_next_dist_client_0fhqo1d._.js
2026-04-07 00:33:26.5550|INFO|Incoming request GET /_next/static/chunks/node_modules_next_dist_115brz8._.js GET /_next/static/chunks/node_modules_next_dist_115brz8._.js
2026-04-07 00:33:26.5750|INFO|Incoming request GET /_next/static/chunks/node_modules_%40swc_helpers_cjs_0-4ujiy._.js GET /_next/static/chunks/node_modules_%40swc_helpers_cjs_0-4ujiy._.js
2026-04-07 00:33:26.5770|INFO|Incoming request GET /_next/static/chunks/_0rqeker._.js GET /_next/static/chunks/_0rqeker._.js
2026-04-07 00:33:26.5790|INFO|Incoming request GET /_next/static/chunks/turbopack-_0p44nws._.js GET /_next/static/chunks/turbopack-_0p44nws._.js
2026-04-07 00:33:26.6310|INFO|Incoming request GET / GET /
2026-04-07 00:33:26.6470|INFO|Incoming request GET /vercel.svg GET /vercel.svg
2026-04-07 00:33:26.6730|INFO|Incoming request GET /_next/static/chunks/node_modules_next_dist_0tt2wve._.js GET /_next/static/chunks/node_modules_next_dist_0tt2wve._.js
2026-04-07 00:33:26.6890|INFO|Incoming request GET /_next/static/chunks/src_app_layout_tsx_004glpo._.js GET /_next/static/chunks/src_app_layout_tsx_004glpo._.js
2026-04-07 00:33:26.6940|INFO|Incoming request GET /_next/static/chunks/node_modules_next_dist_07p5au~._.js GET /_next/static/chunks/node_modules_next_dist_07p5au~._.js
2026-04-07 00:33:26.6970|INFO|Incoming request GET /_next/static/chunks/src_app_page_tsx_002ye8~._.js GET /_next/static/chunks/src_app_page_tsx_002ye8~._.js
2026-04-07 00:33:26.9160|INFO|Incoming request GET /_next/static/chunks/node_modules_next_dist_client_components_builtin_global-error_002ye8~.js GET /_next/static/chunks/node_modules_next_dist_client_components_builtin_global-error_002ye8~.js
2026-04-07 00:33:26.9290|INFO|Incoming request GET /_next/static/chunks/%5Bturbopack%5D_browser_dev_hmr-client_hmr-client_ts_0yjw1oe._.js GET /_next/static/chunks/%5Bturbopack%5D_browser_dev_hmr-client_hmr-client_ts_0yjw1oe._.js
2026-04-07 00:33:26.9420|INFO|Incoming request GET /_next/static/chunks/%5Bturbopack%5D_browser_dev_hmr-client_hmr-client_ts_10mygs7._.js GET /_next/static/chunks/%5Bturbopack%5D_browser_dev_hmr-client_hmr-client_ts_10mygs7._.js
2026-04-07 00:33:26.9660|INFO|Incoming request GET /next.svg GET /next.svg
2026-04-07 00:33:26.9800|INFO|Incoming request GET /_next/static/chunks/%5Broot-of-the-server%5D__02nfq85._.css GET /_next/static/chunks/%5Broot-of-the-server%5D__02nfq85._.css
2026-04-07 00:33:26.9840|INFO|Incoming request GET /_next/static/chunks/%5Bturbopack%5D_browser_dev_hmr-client_hmr-client_ts_10z625~._.js GET /_next/static/chunks/%5Bturbopack%5D_browser_dev_hmr-client_hmr-client_ts_10z625~._.js
2026-04-07 00:33:26.9880|INFO|Incoming request GET /_next/static/chunks/node_modules_next_dist_compiled_next-devtools_index_0553esy.js GET /_next/static/chunks/node_modules_next_dist_compiled_next-devtools_index_0553esy.js
2026-04-07 00:33:26.9900|INFO|Incoming request GET /_next/static/chunks/node_modules_next_dist_compiled_react-dom_058-ah~._.js GET /_next/static/chunks/node_modules_next_dist_compiled_react-dom_058-ah~._.js
2026-04-07 00:33:27.0390|INFO|Incoming request GET / GET /
2026-04-07 00:33:27.0470|INFO|Incoming request GET /_next/static/chunks/node_modules_next_dist_compiled_react-server-dom-turbopack_0p3wegg._.js GET /_next/static/chunks/node_modules_next_dist_compiled_react-server-dom-turbopack_0p3wegg._.js
2026-04-07 00:33:27.0490|INFO|Incoming request GET /_next/static/chunks/node_modules_next_dist_compiled_0rpq4pf._.js GET /_next/static/chunks/node_modules_next_dist_compiled_0rpq4pf._.js
2026-04-07 00:33:27.0550|INFO|Incoming request GET /_next/static/chunks/node_modules_next_dist_client_0fhqo1d._.js GET /_next/static/chunks/node_modules_next_dist_client_0fhqo1d._.js
2026-04-07 00:33:27.0560|INFO|Incoming request GET /_next/static/chunks/node_modules_next_dist_115brz8._.js GET /_next/static/chunks/node_modules_next_dist_115brz8._.js
2026-04-07 00:33:27.2930|INFO|Incoming request GET /vercel.svg GET /vercel.svg
2026-04-07 00:33:27.3130|INFO|Incoming request GET /_next/static/chunks/node_modules_%40swc_helpers_cjs_0-4ujiy._.js GET /_next/static/chunks/node_modules_%40swc_helpers_cjs_0-4ujiy._.js
2026-04-07 00:33:27.3150|INFO|Incoming request GET /_next/static/chunks/_0rqeker._.js GET /_next/static/chunks/_0rqeker._.js
2026-04-07 00:33:27.3170|INFO|Incoming request GET /_next/static/chunks/turbopack-_0p44nws._.js GET /_next/static/chunks/turbopack-_0p44nws._.js
2026-04-07 00:33:27.3330|INFO|Incoming request GET /_next/static/chunks/node_modules_next_dist_0tt2wve._.js GET /_next/static/chunks/node_modules_next_dist_0tt2wve._.js
2026-04-07 00:33:27.3630|INFO|Incoming request GET /next.svg GET /next.svg
2026-04-07 00:33:27.3780|INFO|Incoming request GET /_next/static/chunks/%5Broot-of-the-server%5D__02nfq85._.css GET /_next/static/chunks/%5Broot-of-the-server%5D__02nfq85._.css
2026-04-07 00:33:27.3820|INFO|Incoming request GET /_next/static/chunks/%5Bturbopack%5D_browser_dev_hmr-client_hmr-client_ts_10z625~._.js GET /_next/static/chunks/%5Bturbopack%5D_browser_dev_hmr-client_hmr-client_ts_10z625~._.js
2026-04-07 00:33:27.3840|INFO|Incoming request GET /_next/static/chunks/node_modules_next_dist_compiled_next-devtools_index_0553esy.js GET /_next/static/chunks/node_modules_next_dist_compiled_next-devtools_index_0553esy.js
2026-04-07 00:33:27.3920|INFO|Incoming request GET /_next/static/chunks/node_modules_next_dist_compiled_react-dom_058-ah~._.js GET /_next/static/chunks/node_modules_next_dist_compiled_react-dom_058-ah~._.js
2026-04-07 00:33:27.4710|INFO|Incoming request GET / GET /
2026-04-07 00:33:27.4840|INFO|Incoming request GET /_next/static/chunks/node_modules_next_dist_compiled_react-server-dom-turbopack_0p3wegg._.js GET /_next/static/chunks/node_modules_next_dist_compiled_react-server-dom-turbopack_0p3wegg._.js
2026-04-07 00:33:27.4890|INFO|Incoming request GET /_next/static/chunks/node_modules_next_dist_compiled_0rpq4pf._.js GET /_next/static/chunks/node_modules_next_dist_compiled_0rpq4pf._.js
2026-04-07 00:33:27.4920|INFO|Incoming request GET /_next/static/chunks/node_modules_next_dist_client_0fhqo1d._.js GET /_next/static/chunks/node_modules_next_dist_client_0fhqo1d._.js
2026-04-07 00:33:27.4950|INFO|Incoming request GET /_next/static/chunks/node_modules_next_dist_115brz8._.js GET /_next/static/chunks/node_modules_next_dist_115brz8._.js
2026-04-07 00:33:27.7270|INFO|Incoming request GET /_next/static/chunks/node_modules_%40swc_helpers_cjs_0-4ujiy._.js GET /_next/static/chunks/node_modules_%40swc_helpers_cjs_0-4ujiy._.js
2026-04-07 00:33:27.7380|INFO|Incoming request GET /_next/static/chunks/_0rqeker._.js GET /_next/static/chunks/_0rqeker._.js
2026-04-07 00:33:27.7430|INFO|Incoming request GET /_next/static/chunks/turbopack-_0p44nws._.js GET /_next/static/chunks/turbopack-_0p44nws._.js
2026-04-07 00:33:27.7450|INFO|Incoming request GET /_next/static/chunks/node_modules_next_dist_0tt2wve._.js GET /_next/static/chunks/node_modules_next_dist_0tt2wve._.js
2026-04-07 00:33:27.7670|INFO|Incoming request GET /_next/static/chunks/src_app_layout_tsx_004glpo._.js GET /_next/static/chunks/src_app_layout_tsx_004glpo._.js
2026-04-07 00:33:27.7910|INFO|Incoming request GET /_next/static/chunks/node_modules_next_dist_07p5au~._.js GET /_next/static/chunks/node_modules_next_dist_07p5au~._.js
2026-04-07 00:33:27.7930|INFO|Incoming request GET /next.svg GET /next.svg
2026-04-07 00:33:27.8080|INFO|Incoming request GET /_next/static/chunks/%5Broot-of-the-server%5D__02nfq85._.css GET /_next/static/chunks/%5Broot-of-the-server%5D__02nfq85._.css
2026-04-07 00:33:27.8120|INFO|Incoming request GET /_next/static/chunks/%5Bturbopack%5D_browser_dev_hmr-client_hmr-client_ts_10z625~._.js GET /_next/static/chunks/%5Bturbopack%5D_browser_dev_hmr-client_hmr-client_ts_10z625~._.js
2026-04-07 00:33:27.8140|INFO|Incoming request GET /_next/static/chunks/node_modules_next_dist_compiled_next-devtools_index_0553esy.js GET /_next/static/chunks/node_modules_next_dist_compiled_next-devtools_index_0553esy.js
2026-04-07 00:33:27.8160|INFO|Incoming request GET /_next/static/chunks/node_modules_next_dist_compiled_react-dom_058-ah~._.js GET /_next/static/chunks/node_modules_next_dist_compiled_react-dom_058-ah~._.js
2026-04-07 00:33:27.8930|INFO|Incoming request GET / GET /
2026-04-07 00:33:27.9060|INFO|Incoming request GET /_next/static/chunks/node_modules_next_dist_compiled_react-server-dom-turbopack_0p3wegg._.js GET /_next/static/chunks/node_modules_next_dist_compiled_react-server-dom-turbopack_0p3wegg._.js
2026-04-07 00:33:27.9090|INFO|Incoming request GET /_next/static/chunks/node_modules_next_dist_compiled_0rpq4pf._.js GET /_next/static/chunks/node_modules_next_dist_compiled_0rpq4pf._.js
2026-04-07 00:33:27.9140|INFO|Incoming request GET /_next/static/chunks/node_modules_next_dist_client_0fhqo1d._.js GET /_next/static/chunks/node_modules_next_dist_client_0fhqo1d._.js
2026-04-07 00:33:27.9160|INFO|Incoming request GET /_next/static/chunks/node_modules_next_dist_115brz8._.js GET /_next/static/chunks/node_modules_next_dist_115brz8._.js
2026-04-07 00:33:28.1690|INFO|Incoming request GET /_next/static/chunks/node_modules_%40swc_helpers_cjs_0-4ujiy._.js GET /_next/static/chunks/node_modules_%40swc_helpers_cjs_0-4ujiy._.js
2026-04-07 00:33:28.1720|INFO|Incoming request GET /_next/static/chunks/_0rqeker._.js GET /_next/static/chunks/_0rqeker._.js
2026-04-07 00:33:28.1740|INFO|Incoming request GET /_next/static/chunks/turbopack-_0p44nws._.js GET /_next/static/chunks/turbopack-_0p44nws._.js
2026-04-07 00:33:28.1970|INFO|Incoming request GET /_next/static/chunks/node_modules_next_dist_0tt2wve._.js GET /_next/static/chunks/node_modules_next_dist_0tt2wve._.js
2026-04-07 00:33:28.2010|INFO|Incoming request GET /_next/static/chunks/src_app_layout_tsx_004glpo._.js GET /_next/static/chunks/src_app_layout_tsx_004glpo._.js
2026-04-07 00:33:28.2340|INFO|Incoming request GET /next.svg GET /next.svg
2026-04-07 00:33:28.2400|INFO|Incoming request GET / GET /
2026-04-07 00:33:28.2510|INFO|Incoming request GET /_next/static/chunks/%5Broot-of-the-server%5D__02nfq85._.css GET /_next/static/chunks/%5Broot-of-the-server%5D__02nfq85._.css
2026-04-07 00:33:28.2580|INFO|Incoming request GET /_next/static/chunks/%5Bturbopack%5D_browser_dev_hmr-client_hmr-client_ts_10z625~._.js GET /_next/static/chunks/%5Bturbopack%5D_browser_dev_hmr-client_hmr-client_ts_10z625~._.js
2026-04-07 00:33:28.2610|INFO|Incoming request GET /_next/static/chunks/node_modules_next_dist_compiled_next-devtools_index_0553esy.js GET /_next/static/chunks/node_modules_next_dist_compiled_next-devtools_index_0553esy.js
2026-04-07 00:33:28.5050|INFO|Incoming request GET /_next/static/chunks/node_modules_next_dist_compiled_react-dom_058-ah~._.js GET /_next/static/chunks/node_modules_next_dist_compiled_react-dom_058-ah~._.js
2026-04-07 00:33:28.5970|INFO|Incoming request GET /_next/static/chunks/node_modules_next_dist_compiled_react-server-dom-turbopack_0p3wegg._.js GET /_next/static/chunks/node_modules_next_dist_compiled_react-server-dom-turbopack_0p3wegg._.js
2026-04-07 00:33:28.6050|INFO|Incoming request GET /_next/static/chunks/node_modules_next_dist_compiled_0rpq4pf._.js GET /_next/static/chunks/node_modules_next_dist_compiled_0rpq4pf._.js
2026-04-07 00:33:28.6080|INFO|Incoming request GET /_next/static/chunks/node_modules_next_dist_client_0fhqo1d._.js GET /_next/static/chunks/node_modules_next_dist_client_0fhqo1d._.js
2026-04-07 00:33:28.6460|INFO|Incoming request GET /_next/static/chunks/node_modules_next_dist_115brz8._.js GET /_next/static/chunks/node_modules_next_dist_115brz8._.js
2026-04-07 00:33:28.6480|INFO|Incoming request GET /_next/static/chunks/node_modules_%40swc_helpers_cjs_0-4ujiy._.js GET /_next/static/chunks/node_modules_%40swc_helpers_cjs_0-4ujiy._.js
2026-04-07 00:33:28.6500|INFO|Incoming request GET /next.svg GET /next.svg
2026-04-07 00:33:28.6630|INFO|Incoming request GET /_next/static/chunks/%5Broot-of-the-server%5D__02nfq85._.css GET /_next/static/chunks/%5Broot-of-the-server%5D__02nfq85._.css
2026-04-07 00:33:28.6690|INFO|Incoming request GET /_next/static/chunks/node_modules_next_dist_compiled_react-dom_058-ah~._.js GET /_next/static/chunks/node_modules_next_dist_compiled_react-dom_058-ah~._.js
2026-04-07 00:33:28.6730|INFO|Incoming request GET /_next/static/chunks/node_modules_next_dist_compiled_react-server-dom-turbopack_0p3wegg._.js GET /_next/static/chunks/node_modules_next_dist_compiled_react-server-dom-turbopack_0p3wegg._.js
2026-04-07 00:33:28.6760|INFO|Incoming request GET /_next/static/chunks/%5Bturbopack%5D_browser_dev_hmr-client_hmr-client_ts_10z625~._.js GET /_next/static/chunks/%5Bturbopack%5D_browser_dev_hmr-client_hmr-client_ts_10z625~._.js
2026-04-07 00:33:28.7420|INFO|Incoming request GET / GET /
2026-04-07 00:33:28.7540|INFO|Incoming request GET /_next/static/chunks/node_modules_next_dist_compiled_next-devtools_index_0553esy.js GET /_next/static/chunks/node_modules_next_dist_compiled_next-devtools_index_0553esy.js
2026-04-07 00:33:28.7580|INFO|Incoming request GET /_next/static/chunks/node_modules_next_dist_compiled_0rpq4pf._.js GET /_next/static/chunks/node_modules_next_dist_compiled_0rpq4pf._.js
2026-04-07 00:33:28.9790|INFO|Incoming request GET /_next/static/chunks/node_modules_next_dist_client_0fhqo1d._.js GET /_next/static/chunks/node_modules_next_dist_client_0fhqo1d._.js
2026-04-07 00:33:28.9820|INFO|Incoming request GET /_next/static/chunks/node_modules_next_dist_115brz8._.js GET /_next/static/chunks/node_modules_next_dist_115brz8._.js
2026-04-07 00:33:28.9950|INFO|Incoming request GET /_next/static/chunks/node_modules_%40swc_helpers_cjs_0-4ujiy._.js GET /_next/static/chunks/node_modules_%40swc_helpers_cjs_0-4ujiy._.js
2026-04-07 00:33:29.0040|INFO|Incoming request GET /_next/static/chunks/_0rqeker._.js GET /_next/static/chunks/_0rqeker._.js
2026-04-07 00:33:29.0060|INFO|Incoming request GET /next.svg GET /next.svg
2026-04-07 00:33:29.0120|INFO|Incoming request GET / GET /
2026-04-07 00:33:29.0140|INFO|Incoming request GET /_next/static/chunks/node_modules_next_dist_compiled_react-dom_058-ah~._.js GET /_next/static/chunks/node_modules_next_dist_compiled_react-dom_058-ah~._.js
2026-04-07 00:33:29.0160|INFO|Incoming request GET /_next/static/chunks/%5Broot-of-the-server%5D__02nfq85._.css GET /_next/static/chunks/%5Broot-of-the-server%5D__02nfq85._.css
2026-04-07 00:33:29.0170|INFO|Incoming request GET /_next/static/chunks/%5Bturbopack%5D_browser_dev_hmr-client_hmr-client_ts_10z625~._.js GET /_next/static/chunks/%5Bturbopack%5D_browser_dev_hmr-client_hmr-client_ts_10z625~._.js
2026-04-07 00:33:29.1740|INFO|Incoming request GET /_next/static/chunks/node_modules_next_dist_compiled_next-devtools_index_0553esy.js GET /_next/static/chunks/node_modules_next_dist_compiled_next-devtools_index_0553esy.js
2026-04-07 00:33:29.2070|INFO|Incoming request GET /_next/static/chunks/node_modules_next_dist_compiled_react-server-dom-turbopack_0p3wegg._.js GET /_next/static/chunks/node_modules_next_dist_compiled_react-server-dom-turbopack_0p3wegg._.js
2026-04-07 00:33:29.2350|INFO|Incoming request GET /_next/static/chunks/node_modules_next_dist_compiled_0rpq4pf._.js GET /_next/static/chunks/node_modules_next_dist_compiled_0rpq4pf._.js
2026-04-07 00:33:29.2830|INFO|Incoming request GET /_next/static/chunks/node_modules_next_dist_client_0fhqo1d._.js GET /_next/static/chunks/node_modules_next_dist_client_0fhqo1d._.js
2026-04-07 00:33:29.2960|INFO|Incoming request GET /_next/static/chunks/node_modules_next_dist_115brz8._.js GET /_next/static/chunks/node_modules_next_dist_115brz8._.js
2026-04-07 00:33:29.2990|INFO|Incoming request GET /next.svg GET /next.svg
2026-04-07 00:33:29.3260|INFO|Incoming request GET /_next/static/chunks/node_modules_next_dist_compiled_next-devtools_index_0553esy.js GET /_next/static/chunks/node_modules_next_dist_compiled_next-devtools_index_0553esy.js
2026-04-07 00:33:29.3280|INFO|Incoming request GET /_next/static/chunks/node_modules_next_dist_compiled_react-dom_058-ah~._.js GET /_next/static/chunks/node_modules_next_dist_compiled_react-dom_058-ah~._.js
2026-04-07 00:33:29.3290|INFO|Incoming request GET /_next/static/chunks/node_modules_next_dist_compiled_react-server-dom-turbopack_0p3wegg._.js GET /_next/static/chunks/node_modules_next_dist_compiled_react-server-dom-turbopack_0p3wegg._.js
2026-04-07 00:33:29.3320|INFO|Incoming request GET /_next/static/chunks/%5Broot-of-the-server%5D__02nfq85._.css GET /_next/static/chunks/%5Broot-of-the-server%5D__02nfq85._.css
2026-04-07 00:33:29.3760|INFO|Incoming request GET / GET /
2026-04-07 00:33:29.3910|INFO|Incoming request GET /_next/static/chunks/%5Bturbopack%5D_browser_dev_hmr-client_hmr-client_ts_10z625~._.js GET /_next/static/chunks/%5Bturbopack%5D_browser_dev_hmr-client_hmr-client_ts_10z625~._.js
2026-04-07 00:33:29.6270|INFO|Incoming request GET /_next/static/chunks/node_modules_next_dist_compiled_0rpq4pf._.js GET /_next/static/chunks/node_modules_next_dist_compiled_0rpq4pf._.js
2026-04-07 00:33:29.6440|INFO|Incoming request GET /_next/static/chunks/node_modules_next_dist_client_0fhqo1d._.js GET /_next/static/chunks/node_modules_next_dist_client_0fhqo1d._.js
2026-04-07 00:33:29.6460|INFO|Incoming request GET /_next/static/chunks/node_modules_next_dist_115brz8._.js GET /_next/static/chunks/node_modules_next_dist_115brz8._.js
2026-04-07 00:33:29.6600|INFO|Incoming request GET /_next/static/chunks/node_modules_%40swc_helpers_cjs_0-4ujiy._.js GET /_next/static/chunks/node_modules_%40swc_helpers_cjs_0-4ujiy._.js
2026-04-07 00:33:29.6620|INFO|Incoming request GET /next.svg GET /next.svg
2026-04-07 00:33:29.6830|INFO|Incoming request GET /_next/static/chunks/%5Broot-of-the-server%5D__02nfq85._.css GET /_next/static/chunks/%5Broot-of-the-server%5D__02nfq85._.css
2026-04-07 00:33:29.6890|INFO|Incoming request GET /_next/static/chunks/node_modules_next_dist_compiled_next-devtools_index_0553esy.js GET /_next/static/chunks/node_modules_next_dist_compiled_next-devtools_index_0553esy.js
2026-04-07 00:33:29.6940|INFO|Incoming request GET /_next/static/chunks/node_modules_next_dist_compiled_react-dom_058-ah~._.js GET /_next/static/chunks/node_modules_next_dist_compiled_react-dom_058-ah~._.js
2026-04-07 00:33:29.7100|INFO|Incoming request GET /_next/static/chunks/%5Bturbopack%5D_browser_dev_hmr-client_hmr-client_ts_10z625~._.js GET /_next/static/chunks/%5Bturbopack%5D_browser_dev_hmr-client_hmr-client_ts_10z625~._.js
2026-04-07 00:33:29.7990|INFO|Incoming request GET /_next/static/chunks/node_modules_next_dist_compiled_react-server-dom-turbopack_0p3wegg._.js GET /_next/static/chunks/node_modules_next_dist_compiled_react-server-dom-turbopack_0p3wegg._.js
2026-04-07 00:33:29.8750|INFO|Incoming request GET /_next/static/chunks/node_modules_next_dist_compiled_0rpq4pf._.js GET /_next/static/chunks/node_modules_next_dist_compiled_0rpq4pf._.js
2026-04-07 00:33:30.0070|INFO|Incoming request GET /_next/static/chunks/node_modules_next_dist_client_0fhqo1d._.js GET /_next/static/chunks/node_modules_next_dist_client_0fhqo1d._.js
2026-04-07 00:33:30.0410|INFO|Incoming request GET /_next/static/chunks/node_modules_next_dist_115brz8._.js GET /_next/static/chunks/node_modules_next_dist_115brz8._.js
2026-04-07 00:33:30.0810|INFO|Incoming request GET /_next/static/chunks/node_modules_%40swc_helpers_cjs_0-4ujiy._.js GET /_next/static/chunks/node_modules_%40swc_helpers_cjs_0-4ujiy._.js
2026-04-07 00:33:30.1650|INFO|Incoming request GET /_next/static/chunks/_0rqeker._.js GET /_next/static/chunks/_0rqeker._.js
2026-04-07 00:33:30.1910|INFO|Incoming request GET /_next/static/chunks/turbopack-_0p44nws._.js GET /_next/static/chunks/turbopack-_0p44nws._.js
2026-04-07 00:33:30.2270|INFO|Incoming request GET /_next/static/chunks/node_modules_next_dist_0tt2wve._.js GET /_next/static/chunks/node_modules_next_dist_0tt2wve._.js
2026-04-07 00:33:30.3240|INFO|Incoming request GET /_next/static/chunks/src_app_layout_tsx_004glpo._.js GET /_next/static/chunks/src_app_layout_tsx_004glpo._.js
2026-04-07 00:33:30.3460|INFO|Incoming request GET /_next/static/chunks/node_modules_next_dist_07p5au~._.js GET /_next/static/chunks/node_modules_next_dist_07p5au~._.js
2026-04-07 00:33:30.5050|INFO|Incoming request GET /_next/static/chunks/src_app_page_tsx_002ye8~._.js GET /_next/static/chunks/src_app_page_tsx_002ye8~._.js
2026-04-07 00:33:30.7130|INFO|Incoming request GET /_next/static/chunks/node_modules_next_dist_client_components_builtin_global-error_002ye8~.js GET /_next/static/chunks/node_modules_next_dist_client_components_builtin_global-error_002ye8~.js
2026-04-07 00:33:30.7460|INFO|Incoming request GET /vercel.svg GET /vercel.svg
2026-04-07 00:33:30.7740|INFO|Incoming request GET /_next/static/chunks/%5Bturbopack%5D_browser_dev_hmr-client_hmr-client_ts_0yjw1oe._.js GET /_next/static/chunks/%5Bturbopack%5D_browser_dev_hmr-client_hmr-client_ts_0yjw1oe._.js
2026-04-07 00:33:30.7800|INFO|Incoming request GET /_next/static/chunks/%5Bturbopack%5D_browser_dev_hmr-client_hmr-client_ts_10mygs7._.js GET /_next/static/chunks/%5Bturbopack%5D_browser_dev_hmr-client_hmr-client_ts_10mygs7._.js
2026-04-07 00:33:31.5650|INFO|Incoming request GET / GET /
2026-04-07 00:33:31.8580|INFO|Incoming request GET /next.svg GET /next.svg
2026-04-07 00:33:31.8630|INFO|Incoming request GET /_next/static/chunks/%5Broot-of-the-server%5D__02nfq85._.css GET /_next/static/chunks/%5Broot-of-the-server%5D__02nfq85._.css
2026-04-07 00:33:31.8660|INFO|Incoming request GET /_next/static/chunks/%5Bturbopack%5D_browser_dev_hmr-client_hmr-client_ts_10z625~._.js GET /_next/static/chunks/%5Bturbopack%5D_browser_dev_hmr-client_hmr-client_ts_10z625~._.js
2026-04-07 00:33:31.8720|INFO|Incoming request GET /_next/static/chunks/node_modules_next_dist_compiled_next-devtools_index_0553esy.js GET /_next/static/chunks/node_modules_next_dist_compiled_next-devtools_index_0553esy.js
2026-04-07 00:33:31.8760|INFO|Incoming request GET /_next/static/chunks/node_modules_next_dist_compiled_react-dom_058-ah~._.js GET /_next/static/chunks/node_modules_next_dist_compiled_react-dom_058-ah~._.js
2026-04-07 00:33:31.8790|INFO|Incoming request GET /_next/static/chunks/node_modules_next_dist_compiled_react-server-dom-turbopack_0p3wegg._.js GET /_next/static/chunks/node_modules_next_dist_compiled_react-server-dom-turbopack_0p3wegg._.js
2026-04-07 00:33:32.0170|INFO|Incoming request GET /_next/static/chunks/node_modules_next_dist_compiled_0rpq4pf._.js GET /_next/static/chunks/node_modules_next_dist_compiled_0rpq4pf._.js
2026-04-07 00:33:32.0260|INFO|Incoming request GET /_next/static/chunks/node_modules_next_dist_client_0fhqo1d._.js GET /_next/static/chunks/node_modules_next_dist_client_0fhqo1d._.js
2026-04-07 00:33:32.0290|INFO|Incoming request GET /_next/static/chunks/node_modules_next_dist_115brz8._.js GET /_next/static/chunks/node_modules_next_dist_115brz8._.js
2026-04-07 00:33:32.0390|INFO|Incoming request GET /_next/static/chunks/node_modules_%40swc_helpers_cjs_0-4ujiy._.js GET /_next/static/chunks/node_modules_%40swc_helpers_cjs_0-4ujiy._.js
2026-04-07 00:33:32.0450|INFO|Incoming request GET / GET /
2026-04-07 00:33:32.0590|INFO|Incoming request GET /_next/static/chunks/_0rqeker._.js GET /_next/static/chunks/_0rqeker._.js
2026-04-07 00:33:32.3150|INFO|Incoming request GET /vercel.svg GET /vercel.svg
2026-04-07 00:33:32.4140|INFO|Incoming request GET /_next/static/chunks/turbopack-_0p44nws._.js GET /_next/static/chunks/turbopack-_0p44nws._.js
2026-04-07 00:33:32.5190|INFO|Incoming request GET /_next/static/chunks/node_modules_next_dist_0tt2wve._.js GET /_next/static/chunks/node_modules_next_dist_0tt2wve._.js
2026-04-07 00:33:32.5460|INFO|Incoming request GET /_next/static/chunks/src_app_layout_tsx_004glpo._.js GET /_next/static/chunks/src_app_layout_tsx_004glpo._.js
2026-04-07 00:33:32.5580|INFO|Incoming request GET /_next/static/chunks/node_modules_next_dist_07p5au~._.js GET /_next/static/chunks/node_modules_next_dist_07p5au~._.js
2026-04-07 00:33:32.8980|INFO|Incoming request GET /_next/static/chunks/src_app_page_tsx_002ye8~._.js GET /_next/static/chunks/src_app_page_tsx_002ye8~._.js
2026-04-07 00:33:32.9140|INFO|Incoming request GET /next.svg GET /next.svg
2026-04-07 00:33:32.9180|INFO|Incoming request GET /_next/static/chunks/%5Broot-of-the-server%5D__02nfq85._.css GET /_next/static/chunks/%5Broot-of-the-server%5D__02nfq85._.css
2026-04-07 00:33:32.9220|INFO|Incoming request GET /_next/static/chunks/%5Bturbopack%5D_browser_dev_hmr-client_hmr-client_ts_10z625~._.js GET /_next/static/chunks/%5Bturbopack%5D_browser_dev_hmr-client_hmr-client_ts_10z625~._.js
2026-04-07 00:33:32.9250|INFO|Incoming request GET /_next/static/chunks/node_modules_next_dist_compiled_next-devtools_index_0553esy.js GET /_next/static/chunks/node_modules_next_dist_compiled_next-devtools_index_0553esy.js
2026-04-07 00:33:32.9280|INFO|Incoming request GET /_next/static/chunks/node_modules_next_dist_compiled_react-dom_058-ah~._.js GET /_next/static/chunks/node_modules_next_dist_compiled_react-dom_058-ah~._.js
2026-04-07 00:33:33.0440|INFO|Incoming request GET /_next/static/chunks/node_modules_next_dist_compiled_react-server-dom-turbopack_0p3wegg._.js GET /_next/static/chunks/node_modules_next_dist_compiled_react-server-dom-turbopack_0p3wegg._.js
2026-04-07 00:33:33.0650|INFO|Incoming request GET /_next/static/chunks/node_modules_next_dist_compiled_0rpq4pf._.js GET /_next/static/chunks/node_modules_next_dist_compiled_0rpq4pf._.js
2026-04-07 00:33:33.0790|INFO|Incoming request GET /_next/static/chunks/node_modules_next_dist_client_0fhqo1d._.js GET /_next/static/chunks/node_modules_next_dist_client_0fhqo1d._.js
2026-04-07 00:33:33.0980|INFO|Incoming request GET /_next/static/chunks/node_modules_next_dist_115brz8._.js GET /_next/static/chunks/node_modules_next_dist_115brz8._.js
2026-04-07 00:33:33.1120|INFO|Incoming request GET /_next/static/chunks/node_modules_%40swc_helpers_cjs_0-4ujiy._.js GET /_next/static/chunks/node_modules_%40swc_helpers_cjs_0-4ujiy._.js
2026-04-07 00:33:33.2810|INFO|Incoming request GET /_next/static/chunks/_0rqeker._.js GET /_next/static/chunks/_0rqeker._.js
2026-04-07 00:33:33.2880|INFO|Incoming request GET /_next/static/chunks/turbopack-_0p44nws._.js GET /_next/static/chunks/turbopack-_0p44nws._.js
2026-04-07 00:33:33.2910|INFO|Incoming request GET /_next/static/chunks/node_modules_next_dist_0tt2wve._.js GET /_next/static/chunks/node_modules_next_dist_0tt2wve._.js
2026-04-07 00:33:33.2950|INFO|Incoming request GET /_next/static/chunks/src_app_layout_tsx_004glpo._.js GET /_next/static/chunks/src_app_layout_tsx_004glpo._.js
2026-04-07 00:33:33.2990|INFO|Incoming request GET /_next/static/chunks/node_modules_next_dist_07p5au~._.js GET /_next/static/chunks/node_modules_next_dist_07p5au~._.js
2026-04-07 00:33:33.3150|INFO|Incoming request GET /_next/static/chunks/src_app_page_tsx_002ye8~._.js GET /_next/static/chunks/src_app_page_tsx_002ye8~._.js
2026-04-07 00:33:33.3820|INFO|Incoming request GET /_next/static/chunks/node_modules_next_dist_client_components_builtin_global-error_002ye8~.js GET /_next/static/chunks/node_modules_next_dist_client_components_builtin_global-error_002ye8~.js
2026-04-07 00:33:33.3980|INFO|Incoming request GET /vercel.svg GET /vercel.svg
2026-04-07 00:33:33.4840|INFO|Incoming request GET /_next/static/chunks/%5Bturbopack%5D_browser_dev_hmr-client_hmr-client_ts_0yjw1oe._.js GET /_next/static/chunks/%5Bturbopack%5D_browser_dev_hmr-client_hmr-client_ts_0yjw1oe._.js
2026-04-07 00:33:33.4990|INFO|Incoming request GET /_next/static/chunks/%5Bturbopack%5D_browser_dev_hmr-client_hmr-client_ts_10mygs7._.js GET /_next/static/chunks/%5Bturbopack%5D_browser_dev_hmr-client_hmr-client_ts_10mygs7._.js
2026-04-07 00:33:35.3830|INFO|Incoming request GET / GET /
2026-04-07 00:33:35.5390|INFO|Incoming request GET /next.svg GET /next.svg
2026-04-07 00:33:35.5420|INFO|Incoming request GET /_next/static/chunks/%5Broot-of-the-server%5D__02nfq85._.css GET /_next/static/chunks/%5Broot-of-the-server%5D__02nfq85._.css
2026-04-07 00:33:35.5430|INFO|Incoming request GET /_next/static/chunks/%5Bturbopack%5D_browser_dev_hmr-client_hmr-client_ts_10z625~._.js GET /_next/static/chunks/%5Bturbopack%5D_browser_dev_hmr-client_hmr-client_ts_10z625~._.js
2026-04-07 00:33:35.5470|INFO|Incoming request GET /_next/static/chunks/node_modules_next_dist_compiled_next-devtools_index_0553esy.js GET /_next/static/chunks/node_modules_next_dist_compiled_next-devtools_index_0553esy.js
2026-04-07 00:33:35.5500|INFO|Incoming request GET /_next/static/chunks/node_modules_next_dist_compiled_react-dom_058-ah~._.js GET /_next/static/chunks/node_modules_next_dist_compiled_react-dom_058-ah~._.js
2026-04-07 00:33:35.5540|INFO|Incoming request GET /_next/static/chunks/node_modules_next_dist_compiled_react-server-dom-turbopack_0p3wegg._.js GET /_next/static/chunks/node_modules_next_dist_compiled_react-server-dom-turbopack_0p3wegg._.js
2026-04-07 00:33:35.6300|INFO|Incoming request GET /_next/static/chunks/node_modules_next_dist_compiled_0rpq4pf._.js GET /_next/static/chunks/node_modules_next_dist_compiled_0rpq4pf._.js
2026-04-07 00:33:35.6400|INFO|Incoming request GET /_next/static/chunks/node_modules_next_dist_client_0fhqo1d._.js GET /_next/static/chunks/node_modules_next_dist_client_0fhqo1d._.js
2026-04-07 00:33:35.6430|INFO|Incoming request GET / GET /
2026-04-07 00:33:35.6450|INFO|Incoming request GET /_next/static/chunks/node_modules_next_dist_115brz8._.js GET /_next/static/chunks/node_modules_next_dist_115brz8._.js
2026-04-07 00:33:35.6510|INFO|Incoming request GET /vercel.svg GET /vercel.svg
2026-04-07 00:33:35.6560|INFO|Incoming request GET /_next/static/chunks/node_modules_%40swc_helpers_cjs_0-4ujiy._.js GET /_next/static/chunks/node_modules_%40swc_helpers_cjs_0-4ujiy._.js
2026-04-07 00:33:35.7750|INFO|Incoming request GET /_next/static/chunks/_0rqeker._.js GET /_next/static/chunks/_0rqeker._.js
2026-04-07 00:33:35.8080|INFO|Incoming request GET /_next/static/chunks/turbopack-_0p44nws._.js GET /_next/static/chunks/turbopack-_0p44nws._.js
2026-04-07 00:33:35.8320|INFO|Incoming request GET /_next/static/chunks/node_modules_next_dist_0tt2wve._.js GET /_next/static/chunks/node_modules_next_dist_0tt2wve._.js
2026-04-07 00:33:35.8360|INFO|Incoming request GET /_next/static/chunks/src_app_layout_tsx_004glpo._.js GET /_next/static/chunks/src_app_layout_tsx_004glpo._.js
2026-04-07 00:33:35.8920|INFO|Incoming request GET /_next/static/chunks/node_modules_next_dist_07p5au~._.js GET /_next/static/chunks/node_modules_next_dist_07p5au~._.js
2026-04-07 00:33:35.9080|INFO|Incoming request GET /_next/static/chunks/src_app_page_tsx_002ye8~._.js GET /_next/static/chunks/src_app_page_tsx_002ye8~._.js
2026-04-07 00:33:35.9120|INFO|Incoming request GET /next.svg GET /next.svg
2026-04-07 00:33:35.9240|INFO|Incoming request GET /_next/static/chunks/%5Broot-of-the-server%5D__02nfq85._.css GET /_next/static/chunks/%5Broot-of-the-server%5D__02nfq85._.css
2026-04-07 00:33:35.9260|INFO|Incoming request GET /_next/static/chunks/%5Bturbopack%5D_browser_dev_hmr-client_hmr-client_ts_10z625~._.js GET /_next/static/chunks/%5Bturbopack%5D_browser_dev_hmr-client_hmr-client_ts_10z625~._.js
2026-04-07 00:33:35.9290|INFO|Incoming request GET /_next/static/chunks/node_modules_next_dist_compiled_next-devtools_index_0553esy.js GET /_next/static/chunks/node_modules_next_dist_compiled_next-devtools_index_0553esy.js
2026-04-07 00:33:35.9310|INFO|Incoming request GET /_next/static/chunks/node_modules_next_dist_compiled_react-dom_058-ah~._.js GET /_next/static/chunks/node_modules_next_dist_compiled_react-dom_058-ah~._.js
2026-04-07 00:33:36.0120|INFO|Incoming request GET /_next/static/chunks/node_modules_next_dist_compiled_react-server-dom-turbopack_0p3wegg._.js GET /_next/static/chunks/node_modules_next_dist_compiled_react-server-dom-turbopack_0p3wegg._.js
2026-04-07 00:33:36.0240|INFO|Incoming request GET / GET /
2026-04-07 00:33:36.0270|INFO|Incoming request GET /_next/static/chunks/node_modules_next_dist_compiled_0rpq4pf._.js GET /_next/static/chunks/node_modules_next_dist_compiled_0rpq4pf._.js
2026-04-07 00:33:36.0360|INFO|Incoming request GET /_next/static/chunks/node_modules_next_dist_client_0fhqo1d._.js GET /_next/static/chunks/node_modules_next_dist_client_0fhqo1d._.js
2026-04-07 00:33:36.0400|INFO|Incoming request GET /_next/static/chunks/node_modules_next_dist_115brz8._.js GET /_next/static/chunks/node_modules_next_dist_115brz8._.js
2026-04-07 00:33:36.1490|INFO|Incoming request GET /vercel.svg GET /vercel.svg
2026-04-07 00:33:36.1810|INFO|Incoming request GET /_next/static/chunks/node_modules_%40swc_helpers_cjs_0-4ujiy._.js GET /_next/static/chunks/node_modules_%40swc_helpers_cjs_0-4ujiy._.js
2026-04-07 00:33:36.2070|INFO|Incoming request GET /_next/static/chunks/_0rqeker._.js GET /_next/static/chunks/_0rqeker._.js
2026-04-07 00:33:36.2250|INFO|Incoming request GET /_next/static/chunks/turbopack-_0p44nws._.js GET /_next/static/chunks/turbopack-_0p44nws._.js
2026-04-07 00:33:36.2360|INFO|Incoming request GET /_next/static/chunks/node_modules_next_dist_0tt2wve._.js GET /_next/static/chunks/node_modules_next_dist_0tt2wve._.js
2026-04-07 00:33:36.2480|INFO|Incoming request GET /_next/static/chunks/node_modules_next_dist_07p5au~._.js GET /_next/static/chunks/node_modules_next_dist_07p5au~._.js
2026-04-07 00:33:36.2550|INFO|Incoming request GET /next.svg GET /next.svg
2026-04-07 00:33:36.2640|INFO|Incoming request GET /_next/static/chunks/%5Broot-of-the-server%5D__02nfq85._.css GET /_next/static/chunks/%5Broot-of-the-server%5D__02nfq85._.css
2026-04-07 00:33:36.2660|INFO|Incoming request GET /_next/static/chunks/%5Bturbopack%5D_browser_dev_hmr-client_hmr-client_ts_10z625~._.js GET /_next/static/chunks/%5Bturbopack%5D_browser_dev_hmr-client_hmr-client_ts_10z625~._.js
2026-04-07 00:33:36.2680|INFO|Incoming request GET /_next/static/chunks/node_modules_next_dist_compiled_next-devtools_index_0553esy.js GET /_next/static/chunks/node_modules_next_dist_compiled_next-devtools_index_0553esy.js
2026-04-07 00:33:36.2730|INFO|Incoming request GET /_next/static/chunks/node_modules_next_dist_compiled_react-dom_058-ah~._.js GET /_next/static/chunks/node_modules_next_dist_compiled_react-dom_058-ah~._.js
2026-04-07 00:33:36.3170|INFO|Incoming request GET / GET /
2026-04-07 00:33:36.3280|INFO|Incoming request GET /_next/static/chunks/node_modules_next_dist_compiled_react-server-dom-turbopack_0p3wegg._.js GET /_next/static/chunks/node_modules_next_dist_compiled_react-server-dom-turbopack_0p3wegg._.js
2026-04-07 00:33:36.3310|INFO|Incoming request GET /_next/static/chunks/node_modules_next_dist_compiled_0rpq4pf._.js GET /_next/static/chunks/node_modules_next_dist_compiled_0rpq4pf._.js
2026-04-07 00:33:36.3340|INFO|Incoming request GET /_next/static/chunks/node_modules_next_dist_client_0fhqo1d._.js GET /_next/static/chunks/node_modules_next_dist_client_0fhqo1d._.js
2026-04-07 00:33:36.3380|INFO|Incoming request GET /_next/static/chunks/node_modules_next_dist_115brz8._.js GET /_next/static/chunks/node_modules_next_dist_115brz8._.js
2026-04-07 00:33:36.5130|INFO|Incoming request GET /_next/static/chunks/node_modules_%40swc_helpers_cjs_0-4ujiy._.js GET /_next/static/chunks/node_modules_%40swc_helpers_cjs_0-4ujiy._.js
2026-04-07 00:33:36.5150|INFO|Incoming request GET /_next/static/chunks/_0rqeker._.js GET /_next/static/chunks/_0rqeker._.js
2026-04-07 00:33:36.5320|INFO|Incoming request GET /_next/static/chunks/turbopack-_0p44nws._.js GET /_next/static/chunks/turbopack-_0p44nws._.js
2026-04-07 00:33:36.5340|INFO|Incoming request GET /_next/static/chunks/node_modules_next_dist_0tt2wve._.js GET /_next/static/chunks/node_modules_next_dist_0tt2wve._.js
2026-04-07 00:33:36.5440|INFO|Incoming request GET /_next/static/chunks/src_app_layout_tsx_004glpo._.js GET /_next/static/chunks/src_app_layout_tsx_004glpo._.js
2026-04-07 00:33:36.5570|INFO|Incoming request GET /_next/static/chunks/node_modules_next_dist_07p5au~._.js GET /_next/static/chunks/node_modules_next_dist_07p5au~._.js
2026-04-07 00:33:36.5580|INFO|Incoming request GET /_next/static/chunks/src_app_page_tsx_002ye8~._.js GET /_next/static/chunks/src_app_page_tsx_002ye8~._.js
2026-04-07 00:33:36.5600|INFO|Incoming request GET / GET /
2026-04-07 00:33:36.5620|INFO|Incoming request GET /next.svg GET /next.svg
2026-04-07 00:33:36.5670|INFO|Incoming request GET /_next/static/chunks/%5Broot-of-the-server%5D__02nfq85._.css GET /_next/static/chunks/%5Broot-of-the-server%5D__02nfq85._.css
2026-04-07 00:33:36.5720|INFO|Incoming request GET /_next/static/chunks/%5Bturbopack%5D_browser_dev_hmr-client_hmr-client_ts_10z625~._.js GET /_next/static/chunks/%5Bturbopack%5D_browser_dev_hmr-client_hmr-client_ts_10z625~._.js
2026-04-07 00:33:36.5730|INFO|Incoming request GET /_next/static/chunks/node_modules_next_dist_compiled_next-devtools_index_0553esy.js GET /_next/static/chunks/node_modules_next_dist_compiled_next-devtools_index_0553esy.js
2026-04-07 00:33:36.7320|INFO|Incoming request GET /_next/static/chunks/node_modules_next_dist_compiled_react-dom_058-ah~._.js GET /_next/static/chunks/node_modules_next_dist_compiled_react-dom_058-ah~._.js
2026-04-07 00:33:36.7590|INFO|Incoming request GET /_next/static/chunks/node_modules_next_dist_compiled_react-server-dom-turbopack_0p3wegg._.js GET /_next/static/chunks/node_modules_next_dist_compiled_react-server-dom-turbopack_0p3wegg._.js
2026-04-07 00:33:36.7600|INFO|Incoming request GET /_next/static/chunks/node_modules_next_dist_compiled_0rpq4pf._.js GET /_next/static/chunks/node_modules_next_dist_compiled_0rpq4pf._.js
2026-04-07 00:33:36.7750|INFO|Incoming request GET /_next/static/chunks/node_modules_next_dist_client_0fhqo1d._.js GET /_next/static/chunks/node_modules_next_dist_client_0fhqo1d._.js
2026-04-07 00:33:36.7870|INFO|Incoming request GET /_next/static/chunks/node_modules_next_dist_115brz8._.js GET /_next/static/chunks/node_modules_next_dist_115brz8._.js
2026-04-07 00:33:36.7890|INFO|Incoming request GET /_next/static/chunks/node_modules_%40swc_helpers_cjs_0-4ujiy._.js GET /_next/static/chunks/node_modules_%40swc_helpers_cjs_0-4ujiy._.js
2026-04-07 00:33:36.7950|INFO|Incoming request GET /next.svg GET /next.svg
2026-04-07 00:33:36.7970|INFO|Incoming request GET /_next/static/chunks/%5Broot-of-the-server%5D__02nfq85._.css GET /_next/static/chunks/%5Broot-of-the-server%5D__02nfq85._.css
2026-04-07 00:33:36.7980|INFO|Incoming request GET /_next/static/chunks/node_modules_next_dist_compiled_react-dom_058-ah~._.js GET /_next/static/chunks/node_modules_next_dist_compiled_react-dom_058-ah~._.js
2026-04-07 00:33:36.8000|INFO|Incoming request GET /_next/static/chunks/node_modules_next_dist_compiled_react-server-dom-turbopack_0p3wegg._.js GET /_next/static/chunks/node_modules_next_dist_compiled_react-server-dom-turbopack_0p3wegg._.js
2026-04-07 00:33:36.8040|INFO|Incoming request GET /_next/static/chunks/%5Bturbopack%5D_browser_dev_hmr-client_hmr-client_ts_10z625~._.js GET /_next/static/chunks/%5Bturbopack%5D_browser_dev_hmr-client_hmr-client_ts_10z625~._.js
2026-04-07 00:33:36.8500|INFO|Incoming request GET /_next/static/chunks/node_modules_next_dist_compiled_next-devtools_index_0553esy.js GET /_next/static/chunks/node_modules_next_dist_compiled_next-devtools_index_0553esy.js
2026-04-07 00:33:36.8590|INFO|Incoming request GET /_next/static/chunks/node_modules_next_dist_compiled_0rpq4pf._.js GET /_next/static/chunks/node_modules_next_dist_compiled_0rpq4pf._.js
2026-04-07 00:33:36.8640|INFO|Incoming request GET /_next/static/chunks/node_modules_next_dist_client_0fhqo1d._.js GET /_next/static/chunks/node_modules_next_dist_client_0fhqo1d._.js
2026-04-07 00:33:36.9050|INFO|Incoming request GET / GET /
2026-04-07 00:33:36.9140|INFO|Incoming request GET /_next/static/chunks/node_modules_next_dist_115brz8._.js GET /_next/static/chunks/node_modules_next_dist_115brz8._.js
2026-04-07 00:33:36.9250|INFO|Incoming request GET /_next/static/chunks/node_modules_%40swc_helpers_cjs_0-4ujiy._.js GET /_next/static/chunks/node_modules_%40swc_helpers_cjs_0-4ujiy._.js
2026-04-07 00:33:37.0560|INFO|Incoming request GET /_next/static/chunks/_0rqeker._.js GET /_next/static/chunks/_0rqeker._.js
2026-04-07 00:33:37.0850|INFO|Incoming request GET /next.svg GET /next.svg
2026-04-07 00:33:37.0940|INFO|Incoming request GET /_next/static/chunks/%5Broot-of-the-server%5D__02nfq85._.css GET /_next/static/chunks/%5Broot-of-the-server%5D__02nfq85._.css
2026-04-07 00:33:37.0990|INFO|Incoming request GET /_next/static/chunks/node_modules_next_dist_compiled_react-dom_058-ah~._.js GET /_next/static/chunks/node_modules_next_dist_compiled_react-dom_058-ah~._.js
2026-04-07 00:33:37.1080|INFO|Incoming request GET /_next/static/chunks/%5Bturbopack%5D_browser_dev_hmr-client_hmr-client_ts_10z625~._.js GET /_next/static/chunks/%5Bturbopack%5D_browser_dev_hmr-client_hmr-client_ts_10z625~._.js
2026-04-07 00:33:37.1110|INFO|Incoming request GET /_next/static/chunks/node_modules_next_dist_compiled_next-devtools_index_0553esy.js GET /_next/static/chunks/node_modules_next_dist_compiled_next-devtools_index_0553esy.js
2026-04-07 00:33:37.1430|INFO|Incoming request GET /_next/static/chunks/node_modules_next_dist_compiled_react-server-dom-turbopack_0p3wegg._.js GET /_next/static/chunks/node_modules_next_dist_compiled_react-server-dom-turbopack_0p3wegg._.js
2026-04-07 00:33:37.1550|INFO|Incoming request GET /_next/static/chunks/node_modules_next_dist_compiled_0rpq4pf._.js GET /_next/static/chunks/node_modules_next_dist_compiled_0rpq4pf._.js
2026-04-07 00:33:37.1680|INFO|Incoming request GET /_next/static/chunks/node_modules_next_dist_client_0fhqo1d._.js GET /_next/static/chunks/node_modules_next_dist_client_0fhqo1d._.js
2026-04-07 00:33:37.1760|INFO|Incoming request GET /_next/static/chunks/node_modules_next_dist_115brz8._.js GET /_next/static/chunks/node_modules_next_dist_115brz8._.js
2026-04-07 00:33:37.2040|INFO|Incoming request GET /_next/static/chunks/node_modules_%40swc_helpers_cjs_0-4ujiy._.js GET /_next/static/chunks/node_modules_%40swc_helpers_cjs_0-4ujiy._.js
2026-04-07 00:33:37.2160|INFO|Incoming request GET /_next/static/chunks/_0rqeker._.js GET /_next/static/chunks/_0rqeker._.js
2026-04-07 00:33:37.2290|INFO|Incoming request GET /_next/static/chunks/turbopack-_0p44nws._.js GET /_next/static/chunks/turbopack-_0p44nws._.js
2026-04-07 00:33:37.2790|INFO|Incoming request GET / GET /
2026-04-07 00:33:37.2920|INFO|Incoming request GET /_next/static/chunks/node_modules_next_dist_0tt2wve._.js GET /_next/static/chunks/node_modules_next_dist_0tt2wve._.js
2026-04-07 00:33:37.3910|INFO|Incoming request GET /_next/static/chunks/src_app_layout_tsx_004glpo._.js GET /_next/static/chunks/src_app_layout_tsx_004glpo._.js
2026-04-07 00:33:37.4030|INFO|Incoming request GET /_next/static/chunks/node_modules_next_dist_07p5au~._.js GET /_next/static/chunks/node_modules_next_dist_07p5au~._.js
2026-04-07 00:33:37.4910|INFO|Incoming request GET /_next/static/chunks/src_app_page_tsx_002ye8~._.js GET /_next/static/chunks/src_app_page_tsx_002ye8~._.js
2026-04-07 00:33:37.4930|INFO|Incoming request GET /next.svg GET /next.svg
2026-04-07 00:33:37.4980|INFO|Incoming request GET /_next/static/chunks/%5Broot-of-the-server%5D__02nfq85._.css GET /_next/static/chunks/%5Broot-of-the-server%5D__02nfq85._.css
2026-04-07 00:33:37.5010|INFO|Incoming request GET /_next/static/chunks/node_modules_next_dist_compiled_react-dom_058-ah~._.js GET /_next/static/chunks/node_modules_next_dist_compiled_react-dom_058-ah~._.js
2026-04-07 00:33:37.5030|INFO|Incoming request GET /_next/static/chunks/%5Bturbopack%5D_browser_dev_hmr-client_hmr-client_ts_10z625~._.js GET /_next/static/chunks/%5Bturbopack%5D_browser_dev_hmr-client_hmr-client_ts_10z625~._.js
2026-04-07 00:33:37.5050|INFO|Incoming request GET /_next/static/chunks/node_modules_next_dist_compiled_next-devtools_index_0553esy.js GET /_next/static/chunks/node_modules_next_dist_compiled_next-devtools_index_0553esy.js
2026-04-07 00:33:37.5450|INFO|Incoming request GET /_next/static/chunks/node_modules_next_dist_compiled_react-server-dom-turbopack_0p3wegg._.js GET /_next/static/chunks/node_modules_next_dist_compiled_react-server-dom-turbopack_0p3wegg._.js
2026-04-07 00:33:37.5550|INFO|Incoming request GET /_next/static/chunks/node_modules_next_dist_compiled_0rpq4pf._.js GET /_next/static/chunks/node_modules_next_dist_compiled_0rpq4pf._.js
2026-04-07 00:33:37.5590|INFO|Incoming request GET /_next/static/chunks/node_modules_next_dist_client_0fhqo1d._.js GET /_next/static/chunks/node_modules_next_dist_client_0fhqo1d._.js
2026-04-07 00:33:37.5640|INFO|Incoming request GET /_next/static/chunks/node_modules_next_dist_115brz8._.js GET /_next/static/chunks/node_modules_next_dist_115brz8._.js
2026-04-07 00:33:37.6110|INFO|Incoming request GET /_next/static/chunks/node_modules_%40swc_helpers_cjs_0-4ujiy._.js GET /_next/static/chunks/node_modules_%40swc_helpers_cjs_0-4ujiy._.js
2026-04-07 00:33:37.6250|INFO|Incoming request GET /_next/static/chunks/_0rqeker._.js GET /_next/static/chunks/_0rqeker._.js
2026-04-07 00:33:37.6330|INFO|Incoming request GET /_next/static/chunks/turbopack-_0p44nws._.js GET /_next/static/chunks/turbopack-_0p44nws._.js
2026-04-07 00:33:37.6370|INFO|Incoming request GET /_next/static/chunks/node_modules_next_dist_0tt2wve._.js GET /_next/static/chunks/node_modules_next_dist_0tt2wve._.js
2026-04-07 00:33:37.6740|INFO|Incoming request GET / GET /
2026-04-07 00:33:37.6890|INFO|Incoming request GET /_next/static/chunks/src_app_layout_tsx_004glpo._.js GET /_next/static/chunks/src_app_layout_tsx_004glpo._.js
2026-04-07 00:33:37.6950|INFO|Incoming request GET /_next/static/chunks/node_modules_next_dist_07p5au~._.js GET /_next/static/chunks/node_modules_next_dist_07p5au~._.js
2026-04-07 00:33:37.8830|INFO|Incoming request GET /_next/static/chunks/src_app_page_tsx_002ye8~._.js GET /_next/static/chunks/src_app_page_tsx_002ye8~._.js
2026-04-07 00:33:37.9020|INFO|Incoming request GET /next.svg GET /next.svg
2026-04-07 00:33:37.9060|INFO|Incoming request GET /_next/static/chunks/node_modules_next_dist_client_components_builtin_global-error_002ye8~.js GET /_next/static/chunks/node_modules_next_dist_client_components_builtin_global-error_002ye8~.js
2026-04-07 00:33:37.9140|INFO|Incoming request GET /_next/static/chunks/%5Broot-of-the-server%5D__02nfq85._.css GET /_next/static/chunks/%5Broot-of-the-server%5D__02nfq85._.css
2026-04-07 00:33:37.9160|INFO|Incoming request GET /_next/static/chunks/node_modules_next_dist_compiled_react-dom_058-ah~._.js GET /_next/static/chunks/node_modules_next_dist_compiled_react-dom_058-ah~._.js
2026-04-07 00:33:37.9230|INFO|Incoming request GET /_next/static/chunks/%5Bturbopack%5D_browser_dev_hmr-client_hmr-client_ts_10z625~._.js GET /_next/static/chunks/%5Bturbopack%5D_browser_dev_hmr-client_hmr-client_ts_10z625~._.js
2026-04-07 00:33:37.9380|INFO|Incoming request GET /_next/static/chunks/node_modules_next_dist_compiled_next-devtools_index_0553esy.js GET /_next/static/chunks/node_modules_next_dist_compiled_next-devtools_index_0553esy.js
2026-04-07 00:33:37.9840|INFO|Incoming request GET /_next/static/chunks/node_modules_next_dist_compiled_react-server-dom-turbopack_0p3wegg._.js GET /_next/static/chunks/node_modules_next_dist_compiled_react-server-dom-turbopack_0p3wegg._.js
2026-04-07 00:33:37.9990|INFO|Incoming request GET /_next/static/chunks/node_modules_next_dist_compiled_0rpq4pf._.js GET /_next/static/chunks/node_modules_next_dist_compiled_0rpq4pf._.js
2026-04-07 00:33:38.0060|INFO|Incoming request GET / GET /
2026-04-07 00:33:38.0100|INFO|Incoming request GET /_next/static/chunks/node_modules_next_dist_client_0fhqo1d._.js GET /_next/static/chunks/node_modules_next_dist_client_0fhqo1d._.js
2026-04-07 00:33:38.1430|INFO|Incoming request GET /_next/static/chunks/node_modules_next_dist_115brz8._.js GET /_next/static/chunks/node_modules_next_dist_115brz8._.js
2026-04-07 00:33:38.1880|INFO|Incoming request GET /_next/static/chunks/node_modules_%40swc_helpers_cjs_0-4ujiy._.js GET /_next/static/chunks/node_modules_%40swc_helpers_cjs_0-4ujiy._.js
2026-04-07 00:33:38.1940|INFO|Incoming request GET /_next/static/chunks/_0rqeker._.js GET /_next/static/chunks/_0rqeker._.js
2026-04-07 00:33:38.2740|INFO|Incoming request GET /_next/static/chunks/turbopack-_0p44nws._.js GET /_next/static/chunks/turbopack-_0p44nws._.js
2026-04-07 00:33:38.2770|INFO|Incoming request GET /_next/static/chunks/node_modules_next_dist_07p5au~._.js GET /_next/static/chunks/node_modules_next_dist_07p5au~._.js
2026-04-07 00:33:38.2780|INFO|Incoming request GET /next.svg GET /next.svg
2026-04-07 00:33:38.2850|INFO|Incoming request GET /_next/static/chunks/node_modules_next_dist_compiled_react-dom_058-ah~._.js GET /_next/static/chunks/node_modules_next_dist_compiled_react-dom_058-ah~._.js
2026-04-07 00:33:38.2870|INFO|Incoming request GET /_next/static/chunks/%5Broot-of-the-server%5D__02nfq85._.css GET /_next/static/chunks/%5Broot-of-the-server%5D__02nfq85._.css
2026-04-07 00:33:38.2880|INFO|Incoming request GET /_next/static/chunks/%5Bturbopack%5D_browser_dev_hmr-client_hmr-client_ts_10z625~._.js GET /_next/static/chunks/%5Bturbopack%5D_browser_dev_hmr-client_hmr-client_ts_10z625~._.js
2026-04-07 00:33:38.2900|INFO|Incoming request GET /_next/static/chunks/node_modules_next_dist_compiled_next-devtools_index_0553esy.js GET /_next/static/chunks/node_modules_next_dist_compiled_next-devtools_index_0553esy.js
2026-04-07 00:33:38.3420|INFO|Incoming request GET /_next/static/chunks/node_modules_next_dist_compiled_react-server-dom-turbopack_0p3wegg._.js GET /_next/static/chunks/node_modules_next_dist_compiled_react-server-dom-turbopack_0p3wegg._.js
2026-04-07 00:33:38.3490|INFO|Incoming request GET /_next/static/chunks/node_modules_next_dist_compiled_0rpq4pf._.js GET /_next/static/chunks/node_modules_next_dist_compiled_0rpq4pf._.js
2026-04-07 00:33:38.3560|INFO|Incoming request GET / GET /
2026-04-07 00:33:38.3700|INFO|Incoming request GET /_next/static/chunks/node_modules_next_dist_client_0fhqo1d._.js GET /_next/static/chunks/node_modules_next_dist_client_0fhqo1d._.js
2026-04-07 00:33:38.4750|INFO|Incoming request GET /_next/static/chunks/node_modules_next_dist_115brz8._.js GET /_next/static/chunks/node_modules_next_dist_115brz8._.js
2026-04-07 00:33:38.5180|INFO|Incoming request GET /_next/static/chunks/node_modules_%40swc_helpers_cjs_0-4ujiy._.js GET /_next/static/chunks/node_modules_%40swc_helpers_cjs_0-4ujiy._.js
2026-04-07 00:33:38.5470|INFO|Incoming request GET /_next/static/chunks/_0rqeker._.js GET /_next/static/chunks/_0rqeker._.js
2026-04-07 00:33:38.5870|INFO|Incoming request GET /_next/static/chunks/turbopack-_0p44nws._.js GET /_next/static/chunks/turbopack-_0p44nws._.js
2026-04-07 00:33:38.5900|INFO|Incoming request GET /_next/static/chunks/node_modules_next_dist_0tt2wve._.js GET /_next/static/chunks/node_modules_next_dist_0tt2wve._.js
2026-04-07 00:33:38.5910|INFO|Incoming request GET /_next/static/chunks/node_modules_next_dist_07p5au~._.js GET /_next/static/chunks/node_modules_next_dist_07p5au~._.js
2026-04-07 00:33:38.5920|INFO|Incoming request GET / GET /
2026-04-07 00:33:38.5940|INFO|Incoming request GET /_next/static/chunks/src_app_layout_tsx_004glpo._.js GET /_next/static/chunks/src_app_layout_tsx_004glpo._.js
2026-04-07 00:33:38.5950|INFO|Incoming request GET /next.svg GET /next.svg
2026-04-07 00:33:38.6010|INFO|Incoming request GET /_next/static/chunks/%5Broot-of-the-server%5D__02nfq85._.css GET /_next/static/chunks/%5Broot-of-the-server%5D__02nfq85._.css
2026-04-07 00:33:38.6030|INFO|Incoming request GET /_next/static/chunks/node_modules_next_dist_compiled_react-dom_058-ah~._.js GET /_next/static/chunks/node_modules_next_dist_compiled_react-dom_058-ah~._.js
2026-04-07 00:33:38.6050|INFO|Incoming request GET /_next/static/chunks/%5Bturbopack%5D_browser_dev_hmr-client_hmr-client_ts_10z625~._.js GET /_next/static/chunks/%5Bturbopack%5D_browser_dev_hmr-client_hmr-client_ts_10z625~._.js
2026-04-07 00:33:38.7330|INFO|Incoming request GET /_next/static/chunks/node_modules_next_dist_compiled_next-devtools_index_0553esy.js GET /_next/static/chunks/node_modules_next_dist_compiled_next-devtools_index_0553esy.js
2026-04-07 00:33:38.7770|INFO|Incoming request GET /_next/static/chunks/node_modules_next_dist_compiled_react-server-dom-turbopack_0p3wegg._.js GET /_next/static/chunks/node_modules_next_dist_compiled_react-server-dom-turbopack_0p3wegg._.js
2026-04-07 00:33:38.7910|INFO|Incoming request GET /_next/static/chunks/node_modules_next_dist_compiled_0rpq4pf._.js GET /_next/static/chunks/node_modules_next_dist_compiled_0rpq4pf._.js
2026-04-07 00:33:38.8030|INFO|Incoming request GET /_next/static/chunks/node_modules_next_dist_client_0fhqo1d._.js GET /_next/static/chunks/node_modules_next_dist_client_0fhqo1d._.js
2026-04-07 00:33:38.8050|INFO|Incoming request GET /_next/static/chunks/node_modules_next_dist_115brz8._.js GET /_next/static/chunks/node_modules_next_dist_115brz8._.js
2026-04-07 00:33:38.8070|INFO|Incoming request GET /next.svg GET /next.svg
2026-04-07 00:33:38.8130|INFO|Incoming request GET /_next/static/chunks/%5Broot-of-the-server%5D__02nfq85._.css GET /_next/static/chunks/%5Broot-of-the-server%5D__02nfq85._.css
2026-04-07 00:33:38.8150|INFO|Incoming request GET /_next/static/chunks/node_modules_next_dist_compiled_next-devtools_index_0553esy.js GET /_next/static/chunks/node_modules_next_dist_compiled_next-devtools_index_0553esy.js
2026-04-07 00:33:38.8160|INFO|Incoming request GET /_next/static/chunks/node_modules_next_dist_compiled_react-dom_058-ah~._.js GET /_next/static/chunks/node_modules_next_dist_compiled_react-dom_058-ah~._.js
2026-04-07 00:33:38.8180|INFO|Incoming request GET /_next/static/chunks/node_modules_next_dist_compiled_react-server-dom-turbopack_0p3wegg._.js GET /_next/static/chunks/node_modules_next_dist_compiled_react-server-dom-turbopack_0p3wegg._.js
2026-04-07 00:33:38.9300|INFO|Incoming request GET /_next/static/chunks/%5Bturbopack%5D_browser_dev_hmr-client_hmr-client_ts_10z625~._.js GET /_next/static/chunks/%5Bturbopack%5D_browser_dev_hmr-client_hmr-client_ts_10z625~._.js
2026-04-07 00:33:38.9420|INFO|Incoming request GET /_next/static/chunks/node_modules_next_dist_compiled_0rpq4pf._.js GET /_next/static/chunks/node_modules_next_dist_compiled_0rpq4pf._.js
2026-04-07 00:33:39.1470|INFO|Incoming request GET / GET /
2026-04-07 00:33:39.1520|INFO|Incoming request GET /_next/static/chunks/node_modules_next_dist_client_0fhqo1d._.js GET /_next/static/chunks/node_modules_next_dist_client_0fhqo1d._.js
2026-04-07 00:33:39.1650|INFO|Incoming request GET /_next/static/chunks/node_modules_next_dist_115brz8._.js GET /_next/static/chunks/node_modules_next_dist_115brz8._.js
2026-04-07 00:33:39.2720|INFO|Incoming request GET /_next/static/chunks/node_modules_%40swc_helpers_cjs_0-4ujiy._.js GET /_next/static/chunks/node_modules_%40swc_helpers_cjs_0-4ujiy._.js
2026-04-07 00:33:39.3530|INFO|Incoming request GET /_next/static/chunks/_0rqeker._.js GET /_next/static/chunks/_0rqeker._.js
2026-04-07 00:33:39.3560|INFO|Incoming request GET /_next/static/chunks/turbopack-_0p44nws._.js GET /_next/static/chunks/turbopack-_0p44nws._.js
2026-04-07 00:33:39.3570|INFO|Incoming request GET /_next/static/chunks/node_modules_next_dist_0tt2wve._.js GET /_next/static/chunks/node_modules_next_dist_0tt2wve._.js
2026-04-07 00:33:39.3580|INFO|Incoming request GET / GET /
2026-04-07 00:33:39.3600|INFO|Incoming request GET /next.svg GET /next.svg
2026-04-07 00:33:39.3660|INFO|Incoming request GET /_next/static/chunks/node_modules_next_dist_compiled_next-devtools_index_0553esy.js GET /_next/static/chunks/node_modules_next_dist_compiled_next-devtools_index_0553esy.js
2026-04-07 00:33:39.3670|INFO|Incoming request GET /_next/static/chunks/%5Broot-of-the-server%5D__02nfq85._.css GET /_next/static/chunks/%5Broot-of-the-server%5D__02nfq85._.css
2026-04-07 00:33:39.3700|INFO|Incoming request GET /_next/static/chunks/node_modules_next_dist_compiled_react-dom_058-ah~._.js GET /_next/static/chunks/node_modules_next_dist_compiled_react-dom_058-ah~._.js
2026-04-07 00:33:39.5410|INFO|Incoming request GET /_next/static/chunks/%5Bturbopack%5D_browser_dev_hmr-client_hmr-client_ts_10z625~._.js GET /_next/static/chunks/%5Bturbopack%5D_browser_dev_hmr-client_hmr-client_ts_10z625~._.js
2026-04-07 00:33:39.5550|INFO|Incoming request GET /_next/static/chunks/node_modules_next_dist_compiled_react-server-dom-turbopack_0p3wegg._.js GET /_next/static/chunks/node_modules_next_dist_compiled_react-server-dom-turbopack_0p3wegg._.js
2026-04-07 00:33:39.5930|INFO|Incoming request GET /_next/static/chunks/node_modules_next_dist_client_0fhqo1d._.js GET /_next/static/chunks/node_modules_next_dist_client_0fhqo1d._.js
2026-04-07 00:33:39.5960|INFO|Incoming request GET /_next/static/chunks/node_modules_next_dist_115brz8._.js GET /_next/static/chunks/node_modules_next_dist_115brz8._.js
2026-04-07 00:33:39.5970|INFO|Incoming request GET /next.svg GET /next.svg
2026-04-07 00:33:39.6090|INFO|Incoming request GET /_next/static/chunks/%5Broot-of-the-server%5D__02nfq85._.css GET /_next/static/chunks/%5Broot-of-the-server%5D__02nfq85._.css
2026-04-07 00:33:39.6110|INFO|Incoming request GET /_next/static/chunks/%5Bturbopack%5D_browser_dev_hmr-client_hmr-client_ts_10z625~._.js GET /_next/static/chunks/%5Bturbopack%5D_browser_dev_hmr-client_hmr-client_ts_10z625~._.js
2026-04-07 00:33:39.6150|INFO|Incoming request GET /_next/static/chunks/node_modules_next_dist_compiled_next-devtools_index_0553esy.js GET /_next/static/chunks/node_modules_next_dist_compiled_next-devtools_index_0553esy.js
2026-04-07 00:33:39.6170|INFO|Incoming request GET /_next/static/chunks/node_modules_next_dist_compiled_react-dom_058-ah~._.js GET /_next/static/chunks/node_modules_next_dist_compiled_react-dom_058-ah~._.js
2026-04-07 00:33:39.6750|INFO|Incoming request GET /_next/static/chunks/node_modules_next_dist_compiled_react-server-dom-turbopack_0p3wegg._.js GET /_next/static/chunks/node_modules_next_dist_compiled_react-server-dom-turbopack_0p3wegg._.js
2026-04-07 00:33:39.6950|INFO|Incoming request GET /_next/static/chunks/node_modules_next_dist_compiled_0rpq4pf._.js GET /_next/static/chunks/node_modules_next_dist_compiled_0rpq4pf._.js
2026-04-07 00:33:39.7040|INFO|Incoming request GET / GET /
2026-04-07 00:33:39.8330|INFO|Incoming request GET /_next/static/chunks/node_modules_next_dist_client_0fhqo1d._.js GET /_next/static/chunks/node_modules_next_dist_client_0fhqo1d._.js
2026-04-07 00:33:39.9480|INFO|Incoming request GET /_next/static/chunks/node_modules_next_dist_115brz8._.js GET /_next/static/chunks/node_modules_next_dist_115brz8._.js
2026-04-07 00:33:39.9510|INFO|Incoming request GET /_next/static/chunks/turbopack-_0p44nws._.js GET /_next/static/chunks/turbopack-_0p44nws._.js
2026-04-07 00:33:39.9560|INFO|Incoming request GET / GET /
2026-04-07 00:33:39.9580|INFO|Incoming request GET /next.svg GET /next.svg
2026-04-07 00:33:39.9650|INFO|Incoming request GET /_next/static/chunks/%5Broot-of-the-server%5D__02nfq85._.css GET /_next/static/chunks/%5Broot-of-the-server%5D__02nfq85._.css
2026-04-07 00:33:39.9660|INFO|Incoming request GET /_next/static/chunks/node_modules_next_dist_compiled_next-devtools_index_0553esy.js GET /_next/static/chunks/node_modules_next_dist_compiled_next-devtools_index_0553esy.js
2026-04-07 00:33:39.9690|INFO|Incoming request GET /_next/static/chunks/node_modules_next_dist_compiled_react-dom_058-ah~._.js GET /_next/static/chunks/node_modules_next_dist_compiled_react-dom_058-ah~._.js
2026-04-07 00:33:40.1060|INFO|Incoming request GET /_next/static/chunks/%5Bturbopack%5D_browser_dev_hmr-client_hmr-client_ts_10z625~._.js GET /_next/static/chunks/%5Bturbopack%5D_browser_dev_hmr-client_hmr-client_ts_10z625~._.js
2026-04-07 00:33:40.1540|INFO|Incoming request GET /_next/static/chunks/node_modules_next_dist_compiled_react-server-dom-turbopack_0p3wegg._.js GET /_next/static/chunks/node_modules_next_dist_compiled_react-server-dom-turbopack_0p3wegg._.js
2026-04-07 00:33:40.1960|INFO|Incoming request GET /_next/static/chunks/node_modules_next_dist_compiled_0rpq4pf._.js GET /_next/static/chunks/node_modules_next_dist_compiled_0rpq4pf._.js
2026-04-07 00:33:40.1980|INFO|Incoming request GET /_next/static/chunks/node_modules_next_dist_client_0fhqo1d._.js GET /_next/static/chunks/node_modules_next_dist_client_0fhqo1d._.js
2026-04-07 00:33:40.2010|INFO|Incoming request GET /_next/static/chunks/node_modules_next_dist_115brz8._.js GET /_next/static/chunks/node_modules_next_dist_115brz8._.js
2026-04-07 00:33:40.2030|INFO|Incoming request GET /next.svg GET /next.svg
2026-04-07 00:33:40.2100|INFO|Incoming request GET /_next/static/chunks/%5Bturbopack%5D_browser_dev_hmr-client_hmr-client_ts_10z625~._.js GET /_next/static/chunks/%5Bturbopack%5D_browser_dev_hmr-client_hmr-client_ts_10z625~._.js
2026-04-07 00:33:40.2120|INFO|Incoming request GET /_next/static/chunks/node_modules_next_dist_compiled_next-devtools_index_0553esy.js GET /_next/static/chunks/node_modules_next_dist_compiled_next-devtools_index_0553esy.js
2026-04-07 00:33:40.2140|INFO|Incoming request GET /_next/static/chunks/node_modules_next_dist_compiled_react-dom_058-ah~._.js GET /_next/static/chunks/node_modules_next_dist_compiled_react-dom_058-ah~._.js
2026-04-07 00:33:40.2170|INFO|Incoming request GET /_next/static/chunks/node_modules_next_dist_compiled_react-server-dom-turbopack_0p3wegg._.js GET /_next/static/chunks/node_modules_next_dist_compiled_react-server-dom-turbopack_0p3wegg._.js
2026-04-07 00:33:40.2610|INFO|Incoming request GET /_next/static/chunks/%5Broot-of-the-server%5D__02nfq85._.css GET /_next/static/chunks/%5Broot-of-the-server%5D__02nfq85._.css
2026-04-07 00:33:40.3240|INFO|Incoming request GET / GET /
2026-04-07 00:33:40.5120|INFO|Incoming request GET /_next/static/chunks/node_modules_next_dist_compiled_0rpq4pf._.js GET /_next/static/chunks/node_modules_next_dist_compiled_0rpq4pf._.js
2026-04-07 00:33:40.5160|INFO|Incoming request GET /_next/static/chunks/node_modules_next_dist_client_0fhqo1d._.js GET /_next/static/chunks/node_modules_next_dist_client_0fhqo1d._.js
2026-04-07 00:33:40.5890|INFO|Incoming request GET /_next/static/chunks/node_modules_next_dist_115brz8._.js GET /_next/static/chunks/node_modules_next_dist_115brz8._.js
2026-04-07 00:33:40.6900|INFO|Incoming request GET /_next/static/chunks/node_modules_%40swc_helpers_cjs_0-4ujiy._.js GET /_next/static/chunks/node_modules_%40swc_helpers_cjs_0-4ujiy._.js
2026-04-07 00:33:40.6920|INFO|Incoming request GET /next.svg GET /next.svg
2026-04-07 00:33:40.6980|INFO|Incoming request GET /_next/static/chunks/node_modules_next_dist_compiled_next-devtools_index_0553esy.js GET /_next/static/chunks/node_modules_next_dist_compiled_next-devtools_index_0553esy.js
2026-04-07 00:33:40.7000|INFO|Incoming request GET /_next/static/chunks/node_modules_next_dist_compiled_react-dom_058-ah~._.js GET /_next/static/chunks/node_modules_next_dist_compiled_react-dom_058-ah~._.js
2026-04-07 00:33:40.7020|INFO|Incoming request GET /_next/static/chunks/%5Broot-of-the-server%5D__02nfq85._.css GET /_next/static/chunks/%5Broot-of-the-server%5D__02nfq85._.css
2026-04-07 00:33:40.7040|INFO|Incoming request GET /_next/static/chunks/%5Bturbopack%5D_browser_dev_hmr-client_hmr-client_ts_10z625~._.js GET /_next/static/chunks/%5Bturbopack%5D_browser_dev_hmr-client_hmr-client_ts_10z625~._.js
2026-04-07 00:33:40.7560|INFO|Incoming request GET / GET /
2026-04-07 00:33:40.7660|INFO|Incoming request GET /_next/static/chunks/node_modules_next_dist_compiled_react-server-dom-turbopack_0p3wegg._.js GET /_next/static/chunks/node_modules_next_dist_compiled_react-server-dom-turbopack_0p3wegg._.js
2026-04-07 00:33:40.7720|INFO|Incoming request GET /_next/static/chunks/node_modules_next_dist_compiled_0rpq4pf._.js GET /_next/static/chunks/node_modules_next_dist_compiled_0rpq4pf._.js
2026-04-07 00:33:40.9380|INFO|Incoming request GET /_next/static/chunks/node_modules_next_dist_client_0fhqo1d._.js GET /_next/static/chunks/node_modules_next_dist_client_0fhqo1d._.js
2026-04-07 00:33:40.9490|INFO|Incoming request GET /_next/static/chunks/node_modules_next_dist_115brz8._.js GET /_next/static/chunks/node_modules_next_dist_115brz8._.js
2026-04-07 00:33:40.9620|INFO|Incoming request GET /_next/static/chunks/node_modules_%40swc_helpers_cjs_0-4ujiy._.js GET /_next/static/chunks/node_modules_%40swc_helpers_cjs_0-4ujiy._.js
2026-04-07 00:33:40.9640|INFO|Incoming request GET /_next/static/chunks/_0rqeker._.js GET /_next/static/chunks/_0rqeker._.js
2026-04-07 00:33:40.9660|INFO|Incoming request GET /next.svg GET /next.svg
2026-04-07 00:33:40.9750|INFO|Incoming request GET /_next/static/chunks/%5Broot-of-the-server%5D__02nfq85._.css GET /_next/static/chunks/%5Broot-of-the-server%5D__02nfq85._.css
2026-04-07 00:33:40.9760|INFO|Incoming request GET /_next/static/chunks/node_modules_next_dist_compiled_next-devtools_index_0553esy.js GET /_next/static/chunks/node_modules_next_dist_compiled_next-devtools_index_0553esy.js
2026-04-07 00:33:40.9870|INFO|Incoming request GET /_next/static/chunks/node_modules_next_dist_compiled_react-dom_058-ah~._.js GET /_next/static/chunks/node_modules_next_dist_compiled_react-dom_058-ah~._.js
2026-04-07 00:33:41.0010|INFO|Incoming request GET /_next/static/chunks/%5Bturbopack%5D_browser_dev_hmr-client_hmr-client_ts_10z625~._.js GET /_next/static/chunks/%5Bturbopack%5D_browser_dev_hmr-client_hmr-client_ts_10z625~._.js
2026-04-07 00:33:41.0290|INFO|Incoming request GET /_next/static/chunks/node_modules_next_dist_compiled_react-server-dom-turbopack_0p3wegg._.js GET /_next/static/chunks/node_modules_next_dist_compiled_react-server-dom-turbopack_0p3wegg._.js
2026-04-07 00:33:41.0420|INFO|Incoming request GET /_next/static/chunks/node_modules_next_dist_compiled_0rpq4pf._.js GET /_next/static/chunks/node_modules_next_dist_compiled_0rpq4pf._.js
2026-04-07 00:33:41.0590|INFO|Incoming request GET /_next/static/chunks/node_modules_next_dist_client_0fhqo1d._.js GET /_next/static/chunks/node_modules_next_dist_client_0fhqo1d._.js
2026-04-07 00:33:41.0880|INFO|Incoming request GET /_next/static/chunks/node_modules_next_dist_115brz8._.js GET /_next/static/chunks/node_modules_next_dist_115brz8._.js
2026-04-07 00:33:41.0950|INFO|Incoming request GET / GET /
2026-04-07 00:33:41.2370|INFO|Incoming request GET /_next/static/chunks/node_modules_%40swc_helpers_cjs_0-4ujiy._.js GET /_next/static/chunks/node_modules_%40swc_helpers_cjs_0-4ujiy._.js
2026-04-07 00:33:41.2820|INFO|Incoming request GET /next.svg GET /next.svg
2026-04-07 00:33:41.2920|INFO|Incoming request GET /_next/static/chunks/%5Broot-of-the-server%5D__02nfq85._.css GET /_next/static/chunks/%5Broot-of-the-server%5D__02nfq85._.css
2026-04-07 00:33:41.2940|INFO|Incoming request GET /_next/static/chunks/node_modules_next_dist_compiled_next-devtools_index_0553esy.js GET /_next/static/chunks/node_modules_next_dist_compiled_next-devtools_index_0553esy.js
2026-04-07 00:33:41.3170|INFO|Incoming request GET /_next/static/chunks/node_modules_next_dist_compiled_react-dom_058-ah~._.js GET /_next/static/chunks/node_modules_next_dist_compiled_react-dom_058-ah~._.js
2026-04-07 00:33:41.3190|INFO|Incoming request GET /_next/static/chunks/%5Bturbopack%5D_browser_dev_hmr-client_hmr-client_ts_10z625~._.js GET /_next/static/chunks/%5Bturbopack%5D_browser_dev_hmr-client_hmr-client_ts_10z625~._.js
2026-04-07 00:33:41.3580|INFO|Incoming request GET /_next/static/chunks/node_modules_next_dist_compiled_react-server-dom-turbopack_0p3wegg._.js GET /_next/static/chunks/node_modules_next_dist_compiled_react-server-dom-turbopack_0p3wegg._.js
2026-04-07 00:33:41.3810|INFO|Incoming request GET / GET /
2026-04-07 00:33:41.3960|INFO|Incoming request GET /_next/static/chunks/node_modules_next_dist_compiled_0rpq4pf._.js GET /_next/static/chunks/node_modules_next_dist_compiled_0rpq4pf._.js
2026-04-07 00:33:41.5060|INFO|Incoming request GET /_next/static/chunks/node_modules_next_dist_client_0fhqo1d._.js GET /_next/static/chunks/node_modules_next_dist_client_0fhqo1d._.js
2026-04-07 00:33:41.5620|INFO|Incoming request GET /_next/static/chunks/node_modules_next_dist_115brz8._.js GET /_next/static/chunks/node_modules_next_dist_115brz8._.js
2026-04-07 00:33:41.6030|INFO|Incoming request GET /_next/static/chunks/node_modules_%40swc_helpers_cjs_0-4ujiy._.js GET /_next/static/chunks/node_modules_%40swc_helpers_cjs_0-4ujiy._.js
2026-04-07 00:33:41.6300|INFO|Incoming request GET /_next/static/chunks/_0rqeker._.js GET /_next/static/chunks/_0rqeker._.js
2026-04-07 00:33:41.6320|INFO|Incoming request GET /next.svg GET /next.svg
2026-04-07 00:33:41.6430|INFO|Incoming request GET /_next/static/chunks/%5Broot-of-the-server%5D__02nfq85._.css GET /_next/static/chunks/%5Broot-of-the-server%5D__02nfq85._.css
2026-04-07 00:33:41.6450|INFO|Incoming request GET /_next/static/chunks/node_modules_next_dist_compiled_next-devtools_index_0553esy.js GET /_next/static/chunks/node_modules_next_dist_compiled_next-devtools_index_0553esy.js
2026-04-07 00:33:41.6480|INFO|Incoming request GET /_next/static/chunks/node_modules_next_dist_compiled_react-dom_058-ah~._.js GET /_next/static/chunks/node_modules_next_dist_compiled_react-dom_058-ah~._.js
2026-04-07 00:33:41.6570|INFO|Incoming request GET /_next/static/chunks/%5Bturbopack%5D_browser_dev_hmr-client_hmr-client_ts_10z625~._.js GET /_next/static/chunks/%5Bturbopack%5D_browser_dev_hmr-client_hmr-client_ts_10z625~._.js
2026-04-07 00:33:41.7240|INFO|Incoming request GET /_next/static/chunks/node_modules_next_dist_compiled_react-server-dom-turbopack_0p3wegg._.js GET /_next/static/chunks/node_modules_next_dist_compiled_react-server-dom-turbopack_0p3wegg._.js
2026-04-07 00:33:41.7480|INFO|Incoming request GET /_next/static/chunks/node_modules_next_dist_compiled_0rpq4pf._.js GET /_next/static/chunks/node_modules_next_dist_compiled_0rpq4pf._.js
2026-04-07 00:33:41.7710|INFO|Incoming request GET /_next/static/chunks/node_modules_next_dist_client_0fhqo1d._.js GET /_next/static/chunks/node_modules_next_dist_client_0fhqo1d._.js
2026-04-07 00:33:41.7980|INFO|Incoming request GET / GET /
2026-04-07 00:33:41.8150|INFO|Incoming request GET /_next/static/chunks/node_modules_next_dist_115brz8._.js GET /_next/static/chunks/node_modules_next_dist_115brz8._.js
2026-04-07 00:33:41.8240|INFO|Incoming request GET /_next/static/chunks/node_modules_%40swc_helpers_cjs_0-4ujiy._.js GET /_next/static/chunks/node_modules_%40swc_helpers_cjs_0-4ujiy._.js
2026-04-07 00:33:42.0110|INFO|Incoming request GET /_next/static/chunks/_0rqeker._.js GET /_next/static/chunks/_0rqeker._.js
2026-04-07 00:33:42.0130|INFO|Incoming request GET /next.svg GET /next.svg
2026-04-07 00:33:42.0410|INFO|Incoming request GET /_next/static/chunks/%5Broot-of-the-server%5D__02nfq85._.css GET /_next/static/chunks/%5Broot-of-the-server%5D__02nfq85._.css
2026-04-07 00:33:42.0470|INFO|Incoming request GET /_next/static/chunks/node_modules_next_dist_compiled_next-devtools_index_0553esy.js GET /_next/static/chunks/node_modules_next_dist_compiled_next-devtools_index_0553esy.js
2026-04-07 00:33:42.0520|INFO|Incoming request GET /_next/static/chunks/node_modules_next_dist_compiled_react-dom_058-ah~._.js GET /_next/static/chunks/node_modules_next_dist_compiled_react-dom_058-ah~._.js
2026-04-07 00:33:42.0580|INFO|Incoming request GET /_next/static/chunks/%5Bturbopack%5D_browser_dev_hmr-client_hmr-client_ts_10z625~._.js GET /_next/static/chunks/%5Bturbopack%5D_browser_dev_hmr-client_hmr-client_ts_10z625~._.js
2026-04-07 00:33:42.1140|INFO|Incoming request GET /_next/static/chunks/node_modules_next_dist_compiled_react-server-dom-turbopack_0p3wegg._.js GET /_next/static/chunks/node_modules_next_dist_compiled_react-server-dom-turbopack_0p3wegg._.js
2026-04-07 00:33:42.1470|INFO|Incoming request GET /_next/static/chunks/node_modules_next_dist_compiled_0rpq4pf._.js GET /_next/static/chunks/node_modules_next_dist_compiled_0rpq4pf._.js
2026-04-07 00:33:42.1540|INFO|Incoming request GET /_next/static/chunks/node_modules_next_dist_client_0fhqo1d._.js GET /_next/static/chunks/node_modules_next_dist_client_0fhqo1d._.js
2026-04-07 00:33:42.1930|INFO|Incoming request GET / GET /
2026-04-07 00:33:42.2060|INFO|Incoming request GET /_next/static/chunks/node_modules_next_dist_115brz8._.js GET /_next/static/chunks/node_modules_next_dist_115brz8._.js
2026-04-07 00:33:42.2110|INFO|Incoming request GET /_next/static/chunks/node_modules_%40swc_helpers_cjs_0-4ujiy._.js GET /_next/static/chunks/node_modules_%40swc_helpers_cjs_0-4ujiy._.js
2026-04-07 00:33:42.4520|INFO|Incoming request GET /_next/static/chunks/_0rqeker._.js GET /_next/static/chunks/_0rqeker._.js
2026-04-07 00:33:42.4650|INFO|Incoming request GET /next.svg GET /next.svg
2026-04-07 00:33:42.4780|INFO|Incoming request GET /_next/static/chunks/node_modules_next_dist_compiled_next-devtools_index_0553esy.js GET /_next/static/chunks/node_modules_next_dist_compiled_next-devtools_index_0553esy.js
2026-04-07 00:33:42.4820|INFO|Incoming request GET /_next/static/chunks/node_modules_next_dist_compiled_react-dom_058-ah~._.js GET /_next/static/chunks/node_modules_next_dist_compiled_react-dom_058-ah~._.js
2026-04-07 00:33:42.4840|INFO|Incoming request GET /_next/static/chunks/%5Broot-of-the-server%5D__02nfq85._.css GET /_next/static/chunks/%5Broot-of-the-server%5D__02nfq85._.css
2026-04-07 00:33:42.4920|INFO|Incoming request GET /_next/static/chunks/%5Bturbopack%5D_browser_dev_hmr-client_hmr-client_ts_10z625~._.js GET /_next/static/chunks/%5Bturbopack%5D_browser_dev_hmr-client_hmr-client_ts_10z625~._.js
2026-04-07 00:33:42.5890|INFO|Incoming request GET /_next/static/chunks/node_modules_next_dist_compiled_react-server-dom-turbopack_0p3wegg._.js GET /_next/static/chunks/node_modules_next_dist_compiled_react-server-dom-turbopack_0p3wegg._.js
2026-04-07 00:33:42.6250|INFO|Incoming request GET / GET /
2026-04-07 00:33:42.6310|INFO|Incoming request GET /_next/static/chunks/node_modules_next_dist_compiled_0rpq4pf._.js GET /_next/static/chunks/node_modules_next_dist_compiled_0rpq4pf._.js
2026-04-07 00:33:42.7920|INFO|Incoming request GET /_next/static/chunks/node_modules_next_dist_client_0fhqo1d._.js GET /_next/static/chunks/node_modules_next_dist_client_0fhqo1d._.js
2026-04-07 00:33:42.8410|INFO|Incoming request GET /_next/static/chunks/node_modules_next_dist_115brz8._.js GET /_next/static/chunks/node_modules_next_dist_115brz8._.js
2026-04-07 00:33:42.8450|INFO|Incoming request GET /_next/static/chunks/node_modules_%40swc_helpers_cjs_0-4ujiy._.js GET /_next/static/chunks/node_modules_%40swc_helpers_cjs_0-4ujiy._.js
2026-04-07 00:33:42.8990|INFO|Incoming request GET /_next/static/chunks/_0rqeker._.js GET /_next/static/chunks/_0rqeker._.js
2026-04-07 00:33:42.9070|INFO|Incoming request GET /next.svg GET /next.svg
2026-04-07 00:33:42.9240|INFO|Incoming request GET /_next/static/chunks/%5Broot-of-the-server%5D__02nfq85._.css GET /_next/static/chunks/%5Broot-of-the-server%5D__02nfq85._.css
2026-04-07 00:33:42.9280|INFO|Incoming request GET /_next/static/chunks/node_modules_next_dist_compiled_next-devtools_index_0553esy.js GET /_next/static/chunks/node_modules_next_dist_compiled_next-devtools_index_0553esy.js
2026-04-07 00:33:42.9300|INFO|Incoming request GET /_next/static/chunks/node_modules_next_dist_compiled_react-dom_058-ah~._.js GET /_next/static/chunks/node_modules_next_dist_compiled_react-dom_058-ah~._.js
2026-04-07 00:33:42.9320|INFO|Incoming request GET /_next/static/chunks/%5Bturbopack%5D_browser_dev_hmr-client_hmr-client_ts_10z625~._.js GET /_next/static/chunks/%5Bturbopack%5D_browser_dev_hmr-client_hmr-client_ts_10z625~._.js
2026-04-07 00:33:42.9920|INFO|Incoming request GET / GET /
2026-04-07 00:33:43.0110|INFO|Incoming request GET /_next/static/chunks/node_modules_next_dist_compiled_react-server-dom-turbopack_0p3wegg._.js GET /_next/static/chunks/node_modules_next_dist_compiled_react-server-dom-turbopack_0p3wegg._.js
2026-04-07 00:33:43.0220|INFO|Incoming request GET /_next/static/chunks/node_modules_next_dist_compiled_0rpq4pf._.js GET /_next/static/chunks/node_modules_next_dist_compiled_0rpq4pf._.js
2026-04-07 00:33:43.2130|INFO|Incoming request GET /_next/static/chunks/node_modules_next_dist_client_0fhqo1d._.js GET /_next/static/chunks/node_modules_next_dist_client_0fhqo1d._.js
2026-04-07 00:33:43.2270|INFO|Incoming request GET /_next/static/chunks/node_modules_next_dist_115brz8._.js GET /_next/static/chunks/node_modules_next_dist_115brz8._.js
2026-04-07 00:33:43.2440|INFO|Incoming request GET /_next/static/chunks/node_modules_%40swc_helpers_cjs_0-4ujiy._.js GET /_next/static/chunks/node_modules_%40swc_helpers_cjs_0-4ujiy._.js
2026-04-07 00:33:43.2470|INFO|Incoming request GET /next.svg GET /next.svg
2026-04-07 00:33:43.3170|INFO|Incoming request GET /_next/static/chunks/%5Broot-of-the-server%5D__02nfq85._.css GET /_next/static/chunks/%5Broot-of-the-server%5D__02nfq85._.css
2026-04-07 00:33:43.3430|INFO|Incoming request GET /_next/static/chunks/node_modules_next_dist_compiled_next-devtools_index_0553esy.js GET /_next/static/chunks/node_modules_next_dist_compiled_next-devtools_index_0553esy.js
2026-04-07 00:33:43.3460|INFO|Incoming request GET /_next/static/chunks/node_modules_next_dist_compiled_react-dom_058-ah~._.js GET /_next/static/chunks/node_modules_next_dist_compiled_react-dom_058-ah~._.js
2026-04-07 00:33:43.3550|INFO|Incoming request GET /_next/static/chunks/%5Bturbopack%5D_browser_dev_hmr-client_hmr-client_ts_10z625~._.js GET /_next/static/chunks/%5Bturbopack%5D_browser_dev_hmr-client_hmr-client_ts_10z625~._.js
2026-04-07 00:33:43.4030|INFO|Incoming request GET / GET /
2026-04-07 00:33:43.7490|INFO|Incoming request GET /_next/static/chunks/node_modules_next_dist_compiled_react-server-dom-turbopack_0p3wegg._.js GET /_next/static/chunks/node_modules_next_dist_compiled_react-server-dom-turbopack_0p3wegg._.js
2026-04-07 00:33:43.7550|INFO|Incoming request GET /_next/static/chunks/node_modules_next_dist_compiled_0rpq4pf._.js GET /_next/static/chunks/node_modules_next_dist_compiled_0rpq4pf._.js
2026-04-07 00:33:43.8380|INFO|Incoming request GET /_next/static/chunks/node_modules_next_dist_client_0fhqo1d._.js GET /_next/static/chunks/node_modules_next_dist_client_0fhqo1d._.js
2026-04-07 00:33:43.8760|INFO|Incoming request GET /_next/static/chunks/node_modules_next_dist_115brz8._.js GET /_next/static/chunks/node_modules_next_dist_115brz8._.js
2026-04-07 00:33:43.8790|INFO|Incoming request GET /next.svg GET /next.svg
2026-04-07 00:33:43.9060|INFO|Incoming request GET /_next/static/chunks/node_modules_next_dist_compiled_next-devtools_index_0553esy.js GET /_next/static/chunks/node_modules_next_dist_compiled_next-devtools_index_0553esy.js
2026-04-07 00:33:43.9080|INFO|Incoming request GET /_next/static/chunks/node_modules_next_dist_compiled_react-dom_058-ah~._.js GET /_next/static/chunks/node_modules_next_dist_compiled_react-dom_058-ah~._.js
2026-04-07 00:33:43.9110|INFO|Incoming request GET /_next/static/chunks/%5Broot-of-the-server%5D__02nfq85._.css GET /_next/static/chunks/%5Broot-of-the-server%5D__02nfq85._.css
2026-04-07 00:33:43.9130|INFO|Incoming request GET /_next/static/chunks/node_modules_next_dist_compiled_react-server-dom-turbopack_0p3wegg._.js GET /_next/static/chunks/node_modules_next_dist_compiled_react-server-dom-turbopack_0p3wegg._.js
2026-04-07 00:33:43.9640|INFO|Incoming request GET / GET /
2026-04-07 00:33:43.9860|INFO|Incoming request GET /_next/static/chunks/%5Bturbopack%5D_browser_dev_hmr-client_hmr-client_ts_10z625~._.js GET /_next/static/chunks/%5Bturbopack%5D_browser_dev_hmr-client_hmr-client_ts_10z625~._.js
2026-04-07 00:33:44.1950|INFO|Incoming request GET /_next/static/chunks/node_modules_next_dist_compiled_0rpq4pf._.js GET /_next/static/chunks/node_modules_next_dist_compiled_0rpq4pf._.js
2026-04-07 00:33:44.2100|INFO|Incoming request GET /_next/static/chunks/node_modules_next_dist_client_0fhqo1d._.js GET /_next/static/chunks/node_modules_next_dist_client_0fhqo1d._.js
2026-04-07 00:33:44.2220|INFO|Incoming request GET /_next/static/chunks/node_modules_next_dist_115brz8._.js GET /_next/static/chunks/node_modules_next_dist_115brz8._.js
2026-04-07 00:33:44.2260|INFO|Incoming request GET / GET /
2026-04-07 00:33:44.2290|INFO|Incoming request GET /next.svg GET /next.svg
2026-04-07 00:33:44.2380|INFO|Incoming request GET /_next/static/chunks/%5Broot-of-the-server%5D__02nfq85._.css GET /_next/static/chunks/%5Broot-of-the-server%5D__02nfq85._.css
2026-04-07 00:33:44.2400|INFO|Incoming request GET /_next/static/chunks/%5Bturbopack%5D_browser_dev_hmr-client_hmr-client_ts_10z625~._.js GET /_next/static/chunks/%5Bturbopack%5D_browser_dev_hmr-client_hmr-client_ts_10z625~._.js
2026-04-07 00:33:44.2420|INFO|Incoming request GET /_next/static/chunks/node_modules_next_dist_compiled_next-devtools_index_0553esy.js GET /_next/static/chunks/node_modules_next_dist_compiled_next-devtools_index_0553esy.js
2026-04-07 00:33:44.3850|INFO|Incoming request GET /_next/static/chunks/node_modules_next_dist_compiled_react-dom_058-ah~._.js GET /_next/static/chunks/node_modules_next_dist_compiled_react-dom_058-ah~._.js
2026-04-07 00:33:44.4340|INFO|Incoming request GET /_next/static/chunks/node_modules_next_dist_compiled_react-server-dom-turbopack_0p3wegg._.js GET /_next/static/chunks/node_modules_next_dist_compiled_react-server-dom-turbopack_0p3wegg._.js
2026-04-07 00:33:44.4800|INFO|Incoming request GET /_next/static/chunks/node_modules_next_dist_compiled_0rpq4pf._.js GET /_next/static/chunks/node_modules_next_dist_compiled_0rpq4pf._.js
2026-04-07 00:33:44.4820|INFO|Incoming request GET /_next/static/chunks/node_modules_next_dist_client_0fhqo1d._.js GET /_next/static/chunks/node_modules_next_dist_client_0fhqo1d._.js
2026-04-07 00:33:44.4830|INFO|Incoming request GET / GET /
2026-04-07 00:33:44.4860|INFO|Incoming request GET /next.svg GET /next.svg
2026-04-07 00:33:44.4920|INFO|Incoming request GET /_next/static/chunks/%5Bturbopack%5D_browser_dev_hmr-client_hmr-client_ts_10z625~._.js GET /_next/static/chunks/%5Bturbopack%5D_browser_dev_hmr-client_hmr-client_ts_10z625~._.js
2026-04-07 00:33:44.4940|INFO|Incoming request GET /_next/static/chunks/node_modules_next_dist_compiled_next-devtools_index_0553esy.js GET /_next/static/chunks/node_modules_next_dist_compiled_next-devtools_index_0553esy.js
2026-04-07 00:33:44.4960|INFO|Incoming request GET /_next/static/chunks/node_modules_next_dist_compiled_react-dom_058-ah~._.js GET /_next/static/chunks/node_modules_next_dist_compiled_react-dom_058-ah~._.js
2026-04-07 00:33:44.7080|INFO|Incoming request GET /_next/static/chunks/%5Broot-of-the-server%5D__02nfq85._.css GET /_next/static/chunks/%5Broot-of-the-server%5D__02nfq85._.css
2026-04-07 00:33:44.7890|INFO|Incoming request GET /_next/static/chunks/turbopack-_0p44nws._.js GET /_next/static/chunks/turbopack-_0p44nws._.js
2026-04-07 00:33:44.7970|INFO|Incoming request GET /_next/static/chunks/node_modules_next_dist_compiled_0rpq4pf._.js GET /_next/static/chunks/node_modules_next_dist_compiled_0rpq4pf._.js
2026-04-07 00:33:44.8040|INFO|Incoming request GET /_next/static/chunks/node_modules_next_dist_0tt2wve._.js GET /_next/static/chunks/node_modules_next_dist_0tt2wve._.js
2026-04-07 00:33:44.8070|INFO|Incoming request GET /_next/static/chunks/src_app_layout_tsx_004glpo._.js GET /_next/static/chunks/src_app_layout_tsx_004glpo._.js
2026-04-07 00:33:44.8230|INFO|Incoming request GET /next.svg GET /next.svg
2026-04-07 00:33:44.8250|INFO|Incoming request GET /_next/static/chunks/%5Broot-of-the-server%5D__02nfq85._.css GET /_next/static/chunks/%5Broot-of-the-server%5D__02nfq85._.css
2026-04-07 00:33:44.8270|INFO|Incoming request GET /_next/static/chunks/%5Bturbopack%5D_browser_dev_hmr-client_hmr-client_ts_10z625~._.js GET /_next/static/chunks/%5Bturbopack%5D_browser_dev_hmr-client_hmr-client_ts_10z625~._.js
2026-04-07 00:33:44.8300|INFO|Incoming request GET /_next/static/chunks/node_modules_next_dist_compiled_next-devtools_index_0553esy.js GET /_next/static/chunks/node_modules_next_dist_compiled_next-devtools_index_0553esy.js
2026-04-07 00:33:44.8420|INFO|Incoming request GET /_next/static/chunks/node_modules_next_dist_compiled_react-dom_058-ah~._.js GET /_next/static/chunks/node_modules_next_dist_compiled_react-dom_058-ah~._.js
2026-04-07 00:33:44.8720|INFO|Incoming request GET / GET /
2026-04-07 00:33:45.0080|INFO|Incoming request GET /_next/static/chunks/node_modules_next_dist_compiled_react-server-dom-turbopack_0p3wegg._.js GET /_next/static/chunks/node_modules_next_dist_compiled_react-server-dom-turbopack_0p3wegg._.js
2026-04-07 00:33:45.0250|INFO|Incoming request GET /_next/static/chunks/node_modules_next_dist_compiled_0rpq4pf._.js GET /_next/static/chunks/node_modules_next_dist_compiled_0rpq4pf._.js
2026-04-07 00:33:45.1020|INFO|Incoming request GET /_next/static/chunks/node_modules_next_dist_client_0fhqo1d._.js GET /_next/static/chunks/node_modules_next_dist_client_0fhqo1d._.js
2026-04-07 00:33:45.1190|INFO|Incoming request GET /next.svg GET /next.svg
2026-04-07 00:33:45.1220|INFO|Incoming request GET /_next/static/chunks/%5Broot-of-the-server%5D__02nfq85._.css GET /_next/static/chunks/%5Broot-of-the-server%5D__02nfq85._.css
2026-04-07 00:33:45.1250|INFO|Incoming request GET /_next/static/chunks/node_modules_next_dist_compiled_next-devtools_index_0553esy.js GET /_next/static/chunks/node_modules_next_dist_compiled_next-devtools_index_0553esy.js
2026-04-07 00:33:45.1380|INFO|Incoming request GET /_next/static/chunks/node_modules_next_dist_compiled_react-dom_058-ah~._.js GET /_next/static/chunks/node_modules_next_dist_compiled_react-dom_058-ah~._.js
2026-04-07 00:33:45.1450|INFO|Incoming request GET /_next/static/chunks/node_modules_next_dist_compiled_react-server-dom-turbopack_0p3wegg._.js GET /_next/static/chunks/node_modules_next_dist_compiled_react-server-dom-turbopack_0p3wegg._.js
2026-04-07 00:33:45.1920|INFO|Incoming request GET /_next/static/chunks/%5Bturbopack%5D_browser_dev_hmr-client_hmr-client_ts_10z625~._.js GET /_next/static/chunks/%5Bturbopack%5D_browser_dev_hmr-client_hmr-client_ts_10z625~._.js
2026-04-07 00:33:45.1950|INFO|Incoming request GET /_next/static/chunks/node_modules_next_dist_compiled_0rpq4pf._.js GET /_next/static/chunks/node_modules_next_dist_compiled_0rpq4pf._.js
2026-04-07 00:33:45.2600|INFO|Incoming request GET / GET /
2026-04-07 00:33:45.2630|INFO|Incoming request GET /_next/static/chunks/node_modules_next_dist_client_0fhqo1d._.js GET /_next/static/chunks/node_modules_next_dist_client_0fhqo1d._.js
2026-04-07 00:33:45.2720|INFO|Incoming request GET /_next/static/chunks/node_modules_next_dist_115brz8._.js GET /_next/static/chunks/node_modules_next_dist_115brz8._.js
2026-04-07 00:33:45.3790|INFO|Incoming request GET /_next/static/chunks/node_modules_%40swc_helpers_cjs_0-4ujiy._.js GET /_next/static/chunks/node_modules_%40swc_helpers_cjs_0-4ujiy._.js
2026-04-07 00:33:45.4670|INFO|Incoming request GET /_next/static/chunks/_0rqeker._.js GET /_next/static/chunks/_0rqeker._.js
2026-04-07 00:33:45.4710|INFO|Incoming request GET / GET /
2026-04-07 00:33:45.4730|INFO|Incoming request GET /_next/static/chunks/turbopack-_0p44nws._.js GET /_next/static/chunks/turbopack-_0p44nws._.js
2026-04-07 00:33:45.4740|INFO|Incoming request GET /_next/static/chunks/node_modules_next_dist_0tt2wve._.js GET /_next/static/chunks/node_modules_next_dist_0tt2wve._.js
2026-04-07 00:33:45.4760|INFO|Incoming request GET /next.svg GET /next.svg
2026-04-07 00:33:45.4830|INFO|Incoming request GET /_next/static/chunks/%5Broot-of-the-server%5D__02nfq85._.css GET /_next/static/chunks/%5Broot-of-the-server%5D__02nfq85._.css
2026-04-07 00:33:45.4880|INFO|Incoming request GET /_next/static/chunks/node_modules_next_dist_compiled_next-devtools_index_0553esy.js GET /_next/static/chunks/node_modules_next_dist_compiled_next-devtools_index_0553esy.js
2026-04-07 00:33:45.4910|INFO|Incoming request GET /_next/static/chunks/node_modules_next_dist_compiled_react-dom_058-ah~._.js GET /_next/static/chunks/node_modules_next_dist_compiled_react-dom_058-ah~._.js
2026-04-07 00:33:45.6610|INFO|Incoming request GET /_next/static/chunks/%5Bturbopack%5D_browser_dev_hmr-client_hmr-client_ts_10z625~._.js GET /_next/static/chunks/%5Bturbopack%5D_browser_dev_hmr-client_hmr-client_ts_10z625~._.js
2026-04-07 00:33:45.7090|INFO|Incoming request GET /_next/static/chunks/node_modules_next_dist_compiled_react-server-dom-turbopack_0p3wegg._.js GET /_next/static/chunks/node_modules_next_dist_compiled_react-server-dom-turbopack_0p3wegg._.js
2026-04-07 00:33:45.7430|INFO|Incoming request GET /_next/static/chunks/node_modules_next_dist_compiled_0rpq4pf._.js GET /_next/static/chunks/node_modules_next_dist_compiled_0rpq4pf._.js
2026-04-07 00:33:45.7460|INFO|Incoming request GET /_next/static/chunks/node_modules_next_dist_115brz8._.js GET /_next/static/chunks/node_modules_next_dist_115brz8._.js
2026-04-07 00:33:45.7480|INFO|Incoming request GET /_next/static/chunks/turbopack-_0p44nws._.js GET /_next/static/chunks/turbopack-_0p44nws._.js
2026-04-07 00:33:45.7510|INFO|Incoming request GET /next.svg GET /next.svg
2026-04-07 00:33:45.7590|INFO|Incoming request GET /_next/static/chunks/%5Broot-of-the-server%5D__02nfq85._.css GET /_next/static/chunks/%5Broot-of-the-server%5D__02nfq85._.css
2026-04-07 00:33:45.7610|INFO|Incoming request GET /_next/static/chunks/%5Bturbopack%5D_browser_dev_hmr-client_hmr-client_ts_10z625~._.js GET /_next/static/chunks/%5Bturbopack%5D_browser_dev_hmr-client_hmr-client_ts_10z625~._.js
2026-04-07 00:33:45.7630|INFO|Incoming request GET /_next/static/chunks/node_modules_next_dist_compiled_next-devtools_index_0553esy.js GET /_next/static/chunks/node_modules_next_dist_compiled_next-devtools_index_0553esy.js
2026-04-07 00:33:45.7650|INFO|Incoming request GET /_next/static/chunks/node_modules_next_dist_compiled_react-dom_058-ah~._.js GET /_next/static/chunks/node_modules_next_dist_compiled_react-dom_058-ah~._.js
2026-04-07 00:33:45.8150|INFO|Incoming request GET /_next/static/chunks/node_modules_next_dist_compiled_react-server-dom-turbopack_0p3wegg._.js GET /_next/static/chunks/node_modules_next_dist_compiled_react-server-dom-turbopack_0p3wegg._.js
2026-04-07 00:33:45.8340|INFO|Incoming request GET /_next/static/chunks/node_modules_next_dist_compiled_0rpq4pf._.js GET /_next/static/chunks/node_modules_next_dist_compiled_0rpq4pf._.js
2026-04-07 00:33:45.8460|INFO|Incoming request GET / GET /
2026-04-07 00:33:45.9870|INFO|Incoming request GET /_next/static/chunks/node_modules_next_dist_client_0fhqo1d._.js GET /_next/static/chunks/node_modules_next_dist_client_0fhqo1d._.js
2026-04-07 00:33:46.0740|INFO|Incoming request GET /_next/static/chunks/node_modules_next_dist_115brz8._.js GET /_next/static/chunks/node_modules_next_dist_115brz8._.js
2026-04-07 00:33:46.0880|INFO|Incoming request GET /_next/static/chunks/node_modules_%40swc_helpers_cjs_0-4ujiy._.js GET /_next/static/chunks/node_modules_%40swc_helpers_cjs_0-4ujiy._.js
2026-04-07 00:33:46.0900|INFO|Incoming request GET /next.svg GET /next.svg
2026-04-07 00:33:46.0940|INFO|Incoming request GET / GET /
2026-04-07 00:33:46.1030|INFO|Incoming request GET /_next/static/chunks/%5Broot-of-the-server%5D__02nfq85._.css GET /_next/static/chunks/%5Broot-of-the-server%5D__02nfq85._.css
2026-04-07 00:33:46.1050|INFO|Incoming request GET /_next/static/chunks/node_modules_next_dist_compiled_next-devtools_index_0553esy.js GET /_next/static/chunks/node_modules_next_dist_compiled_next-devtools_index_0553esy.js
2026-04-07 00:33:46.1070|INFO|Incoming request GET /_next/static/chunks/%5Bturbopack%5D_browser_dev_hmr-client_hmr-client_ts_10z625~._.js GET /_next/static/chunks/%5Bturbopack%5D_browser_dev_hmr-client_hmr-client_ts_10z625~._.js
2026-04-07 00:33:46.2490|INFO|Incoming request GET /_next/static/chunks/node_modules_next_dist_compiled_react-dom_058-ah~._.js GET /_next/static/chunks/node_modules_next_dist_compiled_react-dom_058-ah~._.js
2026-04-07 00:33:46.3310|INFO|Incoming request GET /_next/static/chunks/node_modules_next_dist_compiled_react-server-dom-turbopack_0p3wegg._.js GET /_next/static/chunks/node_modules_next_dist_compiled_react-server-dom-turbopack_0p3wegg._.js
2026-04-07 00:33:46.3540|INFO|Incoming request GET /_next/static/chunks/node_modules_next_dist_compiled_0rpq4pf._.js GET /_next/static/chunks/node_modules_next_dist_compiled_0rpq4pf._.js
2026-04-07 00:33:46.3750|INFO|Incoming request GET /_next/static/chunks/node_modules_next_dist_client_0fhqo1d._.js GET /_next/static/chunks/node_modules_next_dist_client_0fhqo1d._.js
2026-04-07 00:33:46.3810|INFO|Incoming request GET /_next/static/chunks/node_modules_next_dist_115brz8._.js GET /_next/static/chunks/node_modules_next_dist_115brz8._.js
2026-04-07 00:33:46.3830|INFO|Incoming request GET /_next/static/chunks/node_modules_%40swc_helpers_cjs_0-4ujiy._.js GET /_next/static/chunks/node_modules_%40swc_helpers_cjs_0-4ujiy._.js
2026-04-07 00:33:46.3850|INFO|Incoming request GET /_next/static/chunks/turbopack-_0p44nws._.js GET /_next/static/chunks/turbopack-_0p44nws._.js
2026-04-07 00:33:46.3950|INFO|Incoming request GET /next.svg GET /next.svg
2026-04-07 00:33:46.3970|INFO|Incoming request GET /_next/static/chunks/%5Broot-of-the-server%5D__02nfq85._.css GET /_next/static/chunks/%5Broot-of-the-server%5D__02nfq85._.css
2026-04-07 00:33:46.3990|INFO|Incoming request GET /_next/static/chunks/node_modules_next_dist_compiled_next-devtools_index_0553esy.js GET /_next/static/chunks/node_modules_next_dist_compiled_next-devtools_index_0553esy.js
2026-04-07 00:33:46.4010|INFO|Incoming request GET /_next/static/chunks/node_modules_next_dist_compiled_react-dom_058-ah~._.js GET /_next/static/chunks/node_modules_next_dist_compiled_react-dom_058-ah~._.js
2026-04-07 00:33:46.4040|INFO|Incoming request GET /_next/static/chunks/node_modules_next_dist_compiled_react-server-dom-turbopack_0p3wegg._.js GET /_next/static/chunks/node_modules_next_dist_compiled_react-server-dom-turbopack_0p3wegg._.js
2026-04-07 00:33:46.4480|INFO|Incoming request GET / GET /
2026-04-07 00:33:46.4570|INFO|Incoming request GET /_next/static/chunks/%5Bturbopack%5D_browser_dev_hmr-client_hmr-client_ts_10z625~._.js GET /_next/static/chunks/%5Bturbopack%5D_browser_dev_hmr-client_hmr-client_ts_10z625~._.js
2026-04-07 00:33:46.6230|INFO|Incoming request GET /_next/static/chunks/node_modules_next_dist_compiled_0rpq4pf._.js GET /_next/static/chunks/node_modules_next_dist_compiled_0rpq4pf._.js
2026-04-07 00:33:46.6530|INFO|Incoming request GET /_next/static/chunks/node_modules_next_dist_client_0fhqo1d._.js GET /_next/static/chunks/node_modules_next_dist_client_0fhqo1d._.js
2026-04-07 00:33:46.6720|INFO|Incoming request GET /_next/static/chunks/node_modules_next_dist_115brz8._.js GET /_next/static/chunks/node_modules_next_dist_115brz8._.js
2026-04-07 00:33:46.7100|INFO|Incoming request GET /next.svg GET /next.svg
2026-04-07 00:33:46.7220|INFO|Incoming request GET /_next/static/chunks/node_modules_next_dist_compiled_next-devtools_index_0553esy.js GET /_next/static/chunks/node_modules_next_dist_compiled_next-devtools_index_0553esy.js
2026-04-07 00:33:46.7250|INFO|Incoming request GET /_next/static/chunks/%5Broot-of-the-server%5D__02nfq85._.css GET /_next/static/chunks/%5Broot-of-the-server%5D__02nfq85._.css
2026-04-07 00:33:46.7320|INFO|Incoming request GET /_next/static/chunks/node_modules_next_dist_compiled_react-dom_058-ah~._.js GET /_next/static/chunks/node_modules_next_dist_compiled_react-dom_058-ah~._.js
2026-04-07 00:33:46.7380|INFO|Incoming request GET /_next/static/chunks/%5Bturbopack%5D_browser_dev_hmr-client_hmr-client_ts_10z625~._.js GET /_next/static/chunks/%5Bturbopack%5D_browser_dev_hmr-client_hmr-client_ts_10z625~._.js
2026-04-07 00:33:46.7670|INFO|Incoming request GET /_next/static/chunks/node_modules_next_dist_compiled_react-server-dom-turbopack_0p3wegg._.js GET /_next/static/chunks/node_modules_next_dist_compiled_react-server-dom-turbopack_0p3wegg._.js
2026-04-07 00:33:46.7820|INFO|Incoming request GET /_next/static/chunks/node_modules_next_dist_compiled_0rpq4pf._.js GET /_next/static/chunks/node_modules_next_dist_compiled_0rpq4pf._.js
2026-04-07 00:33:46.8030|INFO|Incoming request GET /_next/static/chunks/node_modules_next_dist_client_0fhqo1d._.js GET /_next/static/chunks/node_modules_next_dist_client_0fhqo1d._.js
2026-04-07 00:33:46.8330|INFO|Incoming request GET /_next/static/chunks/node_modules_next_dist_115brz8._.js GET /_next/static/chunks/node_modules_next_dist_115brz8._.js
2026-04-07 00:33:46.8590|INFO|Incoming request GET /_next/static/chunks/node_modules_%40swc_helpers_cjs_0-4ujiy._.js GET /_next/static/chunks/node_modules_%40swc_helpers_cjs_0-4ujiy._.js
2026-04-07 00:33:46.9420|INFO|Incoming request GET /_next/static/chunks/_0rqeker._.js GET /_next/static/chunks/_0rqeker._.js
2026-04-07 00:33:46.9830|INFO|Incoming request GET /_next/static/chunks/turbopack-_0p44nws._.js GET /_next/static/chunks/turbopack-_0p44nws._.js
2026-04-07 00:33:46.9870|INFO|Incoming request GET /_next/static/chunks/node_modules_next_dist_0tt2wve._.js GET /_next/static/chunks/node_modules_next_dist_0tt2wve._.js
2026-04-07 00:33:46.9890|INFO|Incoming request GET /_next/static/chunks/src_app_layout_tsx_004glpo._.js GET /_next/static/chunks/src_app_layout_tsx_004glpo._.js
2026-04-07 00:33:47.0180|INFO|Incoming request GET /_next/static/chunks/node_modules_next_dist_07p5au~._.js GET /_next/static/chunks/node_modules_next_dist_07p5au~._.js
2026-04-07 00:33:47.0820|INFO|Incoming request GET /_next/static/chunks/src_app_page_tsx_002ye8~._.js GET /_next/static/chunks/src_app_page_tsx_002ye8~._.js
2026-04-07 00:33:47.1390|INFO|Incoming request GET /_next/static/chunks/node_modules_next_dist_client_components_builtin_global-error_002ye8~.js GET /_next/static/chunks/node_modules_next_dist_client_components_builtin_global-error_002ye8~.js
2026-04-07 00:33:47.1970|INFO|Incoming request GET /vercel.svg GET /vercel.svg
2026-04-07 00:33:47.3190|INFO|Incoming request GET /_next/static/chunks/%5Bturbopack%5D_browser_dev_hmr-client_hmr-client_ts_0yjw1oe._.js GET /_next/static/chunks/%5Bturbopack%5D_browser_dev_hmr-client_hmr-client_ts_0yjw1oe._.js
2026-04-07 00:33:47.3430|INFO|Incoming request GET /_next/static/chunks/%5Bturbopack%5D_browser_dev_hmr-client_hmr-client_ts_10mygs7._.js GET /_next/static/chunks/%5Bturbopack%5D_browser_dev_hmr-client_hmr-client_ts_10mygs7._.js
2026-04-07 00:33:47.9200|INFO|Incoming request GET / GET /
2026-04-07 00:33:48.1150|INFO|Incoming request GET / GET /
2026-04-07 00:33:48.1220|INFO|Incoming request GET /next.svg GET /next.svg
2026-04-07 00:33:48.1240|INFO|Incoming request GET /_next/static/chunks/%5Broot-of-the-server%5D__02nfq85._.css GET /_next/static/chunks/%5Broot-of-the-server%5D__02nfq85._.css
2026-04-07 00:33:48.1260|INFO|Incoming request GET /_next/static/chunks/%5Bturbopack%5D_browser_dev_hmr-client_hmr-client_ts_10z625~._.js GET /_next/static/chunks/%5Bturbopack%5D_browser_dev_hmr-client_hmr-client_ts_10z625~._.js
2026-04-07 00:33:48.1270|INFO|Incoming request GET /_next/static/chunks/node_modules_next_dist_compiled_next-devtools_index_0553esy.js GET /_next/static/chunks/node_modules_next_dist_compiled_next-devtools_index_0553esy.js
2026-04-07 00:33:48.3190|INFO|Incoming request GET /_next/static/chunks/node_modules_next_dist_compiled_react-dom_058-ah~._.js GET /_next/static/chunks/node_modules_next_dist_compiled_react-dom_058-ah~._.js
2026-04-07 00:33:48.3440|INFO|Incoming request GET /_next/static/chunks/node_modules_next_dist_compiled_react-server-dom-turbopack_0p3wegg._.js GET /_next/static/chunks/node_modules_next_dist_compiled_react-server-dom-turbopack_0p3wegg._.js
2026-04-07 00:33:48.3480|INFO|Incoming request GET /_next/static/chunks/node_modules_next_dist_compiled_0rpq4pf._.js GET /_next/static/chunks/node_modules_next_dist_compiled_0rpq4pf._.js
2026-04-07 00:33:48.3700|INFO|Incoming request GET /_next/static/chunks/node_modules_next_dist_client_0fhqo1d._.js GET /_next/static/chunks/node_modules_next_dist_client_0fhqo1d._.js
2026-04-07 00:33:48.3850|INFO|Incoming request GET /vercel.svg GET /vercel.svg
2026-04-07 00:33:48.3860|INFO|Incoming request GET /_next/static/chunks/node_modules_next_dist_115brz8._.js GET /_next/static/chunks/node_modules_next_dist_115brz8._.js
2026-04-07 00:33:48.4070|INFO|Incoming request GET /next.svg GET /next.svg
2026-04-07 00:33:48.4090|INFO|Incoming request GET /_next/static/chunks/%5Broot-of-the-server%5D__02nfq85._.css GET /_next/static/chunks/%5Broot-of-the-server%5D__02nfq85._.css
2026-04-07 00:33:48.4110|INFO|Incoming request GET /_next/static/chunks/node_modules_next_dist_compiled_react-dom_058-ah~._.js GET /_next/static/chunks/node_modules_next_dist_compiled_react-dom_058-ah~._.js
2026-04-07 00:33:48.4130|INFO|Incoming request GET /_next/static/chunks/node_modules_next_dist_compiled_react-server-dom-turbopack_0p3wegg._.js GET /_next/static/chunks/node_modules_next_dist_compiled_react-server-dom-turbopack_0p3wegg._.js
2026-04-07 00:33:48.4150|INFO|Incoming request GET /_next/static/chunks/%5Bturbopack%5D_browser_dev_hmr-client_hmr-client_ts_10z625~._.js GET /_next/static/chunks/%5Bturbopack%5D_browser_dev_hmr-client_hmr-client_ts_10z625~._.js
2026-04-07 00:33:48.4680|INFO|Incoming request GET /_next/static/chunks/node_modules_next_dist_compiled_next-devtools_index_0553esy.js GET /_next/static/chunks/node_modules_next_dist_compiled_next-devtools_index_0553esy.js
2026-04-07 00:33:48.4750|INFO|Incoming request GET /_next/static/chunks/node_modules_next_dist_compiled_0rpq4pf._.js GET /_next/static/chunks/node_modules_next_dist_compiled_0rpq4pf._.js
2026-04-07 00:33:48.4780|INFO|Incoming request GET /_next/static/chunks/node_modules_next_dist_client_0fhqo1d._.js GET /_next/static/chunks/node_modules_next_dist_client_0fhqo1d._.js
2026-04-07 00:33:48.5490|INFO|Incoming request GET /_next/static/chunks/node_modules_next_dist_115brz8._.js GET /_next/static/chunks/node_modules_next_dist_115brz8._.js
2026-04-07 00:33:48.5570|INFO|Incoming request GET / GET /
2026-04-07 00:33:48.5650|INFO|Incoming request GET /_next/static/chunks/node_modules_%40swc_helpers_cjs_0-4ujiy._.js GET /_next/static/chunks/node_modules_%40swc_helpers_cjs_0-4ujiy._.js
2026-04-07 00:33:48.7080|INFO|Incoming request GET /_next/static/chunks/_0rqeker._.js GET /_next/static/chunks/_0rqeker._.js
2026-04-07 00:33:48.7560|INFO|Incoming request GET /_next/static/chunks/turbopack-_0p44nws._.js GET /_next/static/chunks/turbopack-_0p44nws._.js
2026-04-07 00:33:48.7750|INFO|Incoming request GET /_next/static/chunks/node_modules_next_dist_0tt2wve._.js GET /_next/static/chunks/node_modules_next_dist_0tt2wve._.js
2026-04-07 00:33:48.7850|INFO|Incoming request GET /next.svg GET /next.svg
2026-04-07 00:33:48.7890|INFO|Incoming request GET /_next/static/chunks/%5Broot-of-the-server%5D__02nfq85._.css GET /_next/static/chunks/%5Broot-of-the-server%5D__02nfq85._.css
2026-04-07 00:33:48.7910|INFO|Incoming request GET /_next/static/chunks/node_modules_next_dist_compiled_react-dom_058-ah~._.js GET /_next/static/chunks/node_modules_next_dist_compiled_react-dom_058-ah~._.js
2026-04-07 00:33:48.8010|INFO|Incoming request GET /_next/static/chunks/%5Bturbopack%5D_browser_dev_hmr-client_hmr-client_ts_10z625~._.js GET /_next/static/chunks/%5Bturbopack%5D_browser_dev_hmr-client_hmr-client_ts_10z625~._.js
2026-04-07 00:33:48.8080|INFO|Incoming request GET /_next/static/chunks/node_modules_next_dist_compiled_next-devtools_index_0553esy.js GET /_next/static/chunks/node_modules_next_dist_compiled_next-devtools_index_0553esy.js
2026-04-07 00:33:48.8320|INFO|Incoming request GET /_next/static/chunks/node_modules_next_dist_compiled_react-server-dom-turbopack_0p3wegg._.js GET /_next/static/chunks/node_modules_next_dist_compiled_react-server-dom-turbopack_0p3wegg._.js
2026-04-07 00:33:48.8410|INFO|Incoming request GET /_next/static/chunks/node_modules_next_dist_compiled_0rpq4pf._.js GET /_next/static/chunks/node_modules_next_dist_compiled_0rpq4pf._.js
2026-04-07 00:33:48.9160|INFO|Incoming request GET /_next/static/chunks/node_modules_next_dist_client_0fhqo1d._.js GET /_next/static/chunks/node_modules_next_dist_client_0fhqo1d._.js
2026-04-07 00:33:48.9210|INFO|Incoming request GET /_next/static/chunks/node_modules_next_dist_115brz8._.js GET /_next/static/chunks/node_modules_next_dist_115brz8._.js
2026-04-07 00:33:49.0230|INFO|Incoming request GET /_next/static/chunks/node_modules_%40swc_helpers_cjs_0-4ujiy._.js GET /_next/static/chunks/node_modules_%40swc_helpers_cjs_0-4ujiy._.js
2026-04-07 00:33:49.1760|INFO|Incoming request GET / GET /
2026-04-07 00:33:49.1930|INFO|Incoming request GET /_next/static/chunks/_0rqeker._.js GET /_next/static/chunks/_0rqeker._.js
2026-04-07 00:33:49.3140|INFO|Incoming request GET /_next/static/chunks/turbopack-_0p44nws._.js GET /_next/static/chunks/turbopack-_0p44nws._.js
2026-04-07 00:33:49.3940|INFO|Incoming request GET /_next/static/chunks/node_modules_next_dist_0tt2wve._.js GET /_next/static/chunks/node_modules_next_dist_0tt2wve._.js
2026-04-07 00:33:49.3960|INFO|Incoming request GET /next.svg GET /next.svg
2026-04-07 00:33:49.4060|INFO|Incoming request GET /_next/static/chunks/%5Broot-of-the-server%5D__02nfq85._.css GET /_next/static/chunks/%5Broot-of-the-server%5D__02nfq85._.css
2026-04-07 00:33:49.4070|INFO|Incoming request GET /_next/static/chunks/node_modules_next_dist_compiled_react-dom_058-ah~._.js GET /_next/static/chunks/node_modules_next_dist_compiled_react-dom_058-ah~._.js
2026-04-07 00:33:49.4110|INFO|Incoming request GET /_next/static/chunks/%5Bturbopack%5D_browser_dev_hmr-client_hmr-client_ts_10z625~._.js GET /_next/static/chunks/%5Bturbopack%5D_browser_dev_hmr-client_hmr-client_ts_10z625~._.js
2026-04-07 00:33:49.4130|INFO|Incoming request GET /_next/static/chunks/node_modules_next_dist_compiled_next-devtools_index_0553esy.js GET /_next/static/chunks/node_modules_next_dist_compiled_next-devtools_index_0553esy.js
2026-04-07 00:33:49.5040|INFO|Incoming request GET /_next/static/chunks/node_modules_next_dist_compiled_react-server-dom-turbopack_0p3wegg._.js GET /_next/static/chunks/node_modules_next_dist_compiled_react-server-dom-turbopack_0p3wegg._.js
2026-04-07 00:33:49.5430|INFO|Incoming request GET /_next/static/chunks/node_modules_next_dist_compiled_0rpq4pf._.js GET /_next/static/chunks/node_modules_next_dist_compiled_0rpq4pf._.js
2026-04-07 00:33:49.5570|INFO|Incoming request GET /_next/static/chunks/node_modules_next_dist_client_0fhqo1d._.js GET /_next/static/chunks/node_modules_next_dist_client_0fhqo1d._.js
2026-04-07 00:33:49.5600|INFO|Incoming request GET /_next/static/chunks/node_modules_next_dist_115brz8._.js GET /_next/static/chunks/node_modules_next_dist_115brz8._.js
2026-04-07 00:33:49.6250|INFO|Incoming request GET / GET /
2026-04-07 00:33:49.6690|INFO|Incoming request GET /_next/static/chunks/node_modules_%40swc_helpers_cjs_0-4ujiy._.js GET /_next/static/chunks/node_modules_%40swc_helpers_cjs_0-4ujiy._.js
2026-04-07 00:33:49.6790|INFO|Incoming request GET /_next/static/chunks/_0rqeker._.js GET /_next/static/chunks/_0rqeker._.js
2026-04-07 00:33:49.8830|INFO|Incoming request GET /_next/static/chunks/turbopack-_0p44nws._.js GET /_next/static/chunks/turbopack-_0p44nws._.js
2026-04-07 00:33:49.8980|INFO|Incoming request GET /_next/static/chunks/node_modules_next_dist_0tt2wve._.js GET /_next/static/chunks/node_modules_next_dist_0tt2wve._.js
2026-04-07 00:33:49.9250|INFO|Incoming request GET /next.svg GET /next.svg
2026-04-07 00:33:49.9410|INFO|Incoming request GET /_next/static/chunks/%5Broot-of-the-server%5D__02nfq85._.css GET /_next/static/chunks/%5Broot-of-the-server%5D__02nfq85._.css
2026-04-07 00:33:49.9460|INFO|Incoming request GET /_next/static/chunks/node_modules_next_dist_compiled_react-dom_058-ah~._.js GET /_next/static/chunks/node_modules_next_dist_compiled_react-dom_058-ah~._.js
2026-04-07 00:33:49.9490|INFO|Incoming request GET /_next/static/chunks/%5Bturbopack%5D_browser_dev_hmr-client_hmr-client_ts_10z625~._.js GET /_next/static/chunks/%5Bturbopack%5D_browser_dev_hmr-client_hmr-client_ts_10z625~._.js
2026-04-07 00:33:49.9540|INFO|Incoming request GET /_next/static/chunks/node_modules_next_dist_compiled_next-devtools_index_0553esy.js GET /_next/static/chunks/node_modules_next_dist_compiled_next-devtools_index_0553esy.js
2026-04-07 00:33:50.0190|INFO|Incoming request GET / GET /
2026-04-07 00:33:50.0380|INFO|Incoming request GET /_next/static/chunks/node_modules_next_dist_compiled_react-server-dom-turbopack_0p3wegg._.js GET /_next/static/chunks/node_modules_next_dist_compiled_react-server-dom-turbopack_0p3wegg._.js
2026-04-07 00:33:50.0430|INFO|Incoming request GET /_next/static/chunks/node_modules_next_dist_compiled_0rpq4pf._.js GET /_next/static/chunks/node_modules_next_dist_compiled_0rpq4pf._.js
2026-04-07 00:33:50.0450|INFO|Incoming request GET /_next/static/chunks/node_modules_next_dist_client_0fhqo1d._.js GET /_next/static/chunks/node_modules_next_dist_client_0fhqo1d._.js
2026-04-07 00:33:50.2410|INFO|Incoming request GET /_next/static/chunks/node_modules_%40swc_helpers_cjs_0-4ujiy._.js GET /_next/static/chunks/node_modules_%40swc_helpers_cjs_0-4ujiy._.js
2026-04-07 00:33:50.2440|INFO|Incoming request GET /_next/static/chunks/node_modules_next_dist_115brz8._.js GET /_next/static/chunks/node_modules_next_dist_115brz8._.js
2026-04-07 00:33:50.2460|INFO|Incoming request GET /_next/static/chunks/_0rqeker._.js GET /_next/static/chunks/_0rqeker._.js
2026-04-07 00:33:50.2680|INFO|Incoming request GET /_next/static/chunks/turbopack-_0p44nws._.js GET /_next/static/chunks/turbopack-_0p44nws._.js
2026-04-07 00:33:50.2730|INFO|Incoming request GET /next.svg GET /next.svg
2026-04-07 00:33:50.2800|INFO|Incoming request GET /_next/static/chunks/%5Broot-of-the-server%5D__02nfq85._.css GET /_next/static/chunks/%5Broot-of-the-server%5D__02nfq85._.css
2026-04-07 00:33:50.2820|INFO|Incoming request GET /_next/static/chunks/node_modules_next_dist_compiled_react-dom_058-ah~._.js GET /_next/static/chunks/node_modules_next_dist_compiled_react-dom_058-ah~._.js
2026-04-07 00:33:50.2830|INFO|Incoming request GET /_next/static/chunks/%5Bturbopack%5D_browser_dev_hmr-client_hmr-client_ts_10z625~._.js GET /_next/static/chunks/%5Bturbopack%5D_browser_dev_hmr-client_hmr-client_ts_10z625~._.js
2026-04-07 00:33:50.3230|INFO|Incoming request GET /_next/static/chunks/node_modules_next_dist_compiled_next-devtools_index_0553esy.js GET /_next/static/chunks/node_modules_next_dist_compiled_next-devtools_index_0553esy.js
2026-04-07 00:33:50.3520|INFO|Incoming request GET /_next/static/chunks/node_modules_next_dist_compiled_react-server-dom-turbopack_0p3wegg._.js GET /_next/static/chunks/node_modules_next_dist_compiled_react-server-dom-turbopack_0p3wegg._.js
2026-04-07 00:33:50.3710|INFO|Incoming request GET /_next/static/chunks/node_modules_next_dist_compiled_0rpq4pf._.js GET /_next/static/chunks/node_modules_next_dist_compiled_0rpq4pf._.js
2026-04-07 00:33:50.3770|INFO|Incoming request GET /_next/static/chunks/node_modules_next_dist_client_0fhqo1d._.js GET /_next/static/chunks/node_modules_next_dist_client_0fhqo1d._.js
2026-04-07 00:33:50.4400|INFO|Incoming request GET /_next/static/chunks/node_modules_next_dist_115brz8._.js GET /_next/static/chunks/node_modules_next_dist_115brz8._.js
2026-04-07 00:33:50.4990|INFO|Incoming request GET /_next/static/chunks/node_modules_%40swc_helpers_cjs_0-4ujiy._.js GET /_next/static/chunks/node_modules_%40swc_helpers_cjs_0-4ujiy._.js
2026-04-07 00:33:50.5120|INFO|Incoming request GET /_next/static/chunks/_0rqeker._.js GET /_next/static/chunks/_0rqeker._.js
2026-04-07 00:33:50.5180|INFO|Incoming request GET / GET /
2026-04-07 00:33:50.6730|INFO|Incoming request GET /_next/static/chunks/turbopack-_0p44nws._.js GET /_next/static/chunks/turbopack-_0p44nws._.js
2026-04-07 00:33:50.6860|INFO|Incoming request GET /_next/static/chunks/node_modules_next_dist_0tt2wve._.js GET /_next/static/chunks/node_modules_next_dist_0tt2wve._.js
2026-04-07 00:33:50.6950|INFO|Incoming request GET /_next/static/chunks/src_app_layout_tsx_004glpo._.js GET /_next/static/chunks/src_app_layout_tsx_004glpo._.js
2026-04-07 00:33:50.7070|INFO|Incoming request GET /next.svg GET /next.svg
2026-04-07 00:33:50.7140|INFO|Incoming request GET / GET /
2026-04-07 00:33:50.7160|INFO|Incoming request GET /_next/static/chunks/%5Broot-of-the-server%5D__02nfq85._.css GET /_next/static/chunks/%5Broot-of-the-server%5D__02nfq85._.css
2026-04-07 00:33:50.7190|INFO|Incoming request GET /_next/static/chunks/node_modules_next_dist_compiled_react-dom_058-ah~._.js GET /_next/static/chunks/node_modules_next_dist_compiled_react-dom_058-ah~._.js
2026-04-07 00:33:50.7290|INFO|Incoming request GET /_next/static/chunks/%5Bturbopack%5D_browser_dev_hmr-client_hmr-client_ts_10z625~._.js GET /_next/static/chunks/%5Bturbopack%5D_browser_dev_hmr-client_hmr-client_ts_10z625~._.js
2026-04-07 00:33:50.8370|INFO|Incoming request GET /_next/static/chunks/node_modules_next_dist_compiled_next-devtools_index_0553esy.js GET /_next/static/chunks/node_modules_next_dist_compiled_next-devtools_index_0553esy.js
2026-04-07 00:33:50.8680|INFO|Incoming request GET /_next/static/chunks/node_modules_next_dist_compiled_react-server-dom-turbopack_0p3wegg._.js GET /_next/static/chunks/node_modules_next_dist_compiled_react-server-dom-turbopack_0p3wegg._.js
2026-04-07 00:33:50.9410|INFO|Incoming request GET /_next/static/chunks/node_modules_next_dist_compiled_0rpq4pf._.js GET /_next/static/chunks/node_modules_next_dist_compiled_0rpq4pf._.js
2026-04-07 00:33:50.9430|INFO|Incoming request GET /_next/static/chunks/node_modules_next_dist_client_0fhqo1d._.js GET /_next/static/chunks/node_modules_next_dist_client_0fhqo1d._.js
2026-04-07 00:33:50.9450|INFO|Incoming request GET /_next/static/chunks/node_modules_next_dist_115brz8._.js GET /_next/static/chunks/node_modules_next_dist_115brz8._.js
2026-04-07 00:33:50.9460|INFO|Incoming request GET /_next/static/chunks/node_modules_%40swc_helpers_cjs_0-4ujiy._.js GET /_next/static/chunks/node_modules_%40swc_helpers_cjs_0-4ujiy._.js
2026-04-07 00:33:50.9470|INFO|Incoming request GET /_next/static/chunks/_0rqeker._.js GET /_next/static/chunks/_0rqeker._.js
2026-04-07 00:33:50.9480|INFO|Incoming request GET /_next/static/chunks/node_modules_next_dist_0tt2wve._.js GET /_next/static/chunks/node_modules_next_dist_0tt2wve._.js
2026-04-07 00:33:50.9580|INFO|Incoming request GET /next.svg GET /next.svg
2026-04-07 00:33:50.9590|INFO|Incoming request GET /_next/static/chunks/%5Broot-of-the-server%5D__02nfq85._.css GET /_next/static/chunks/%5Broot-of-the-server%5D__02nfq85._.css
2026-04-07 00:33:50.9610|INFO|Incoming request GET /_next/static/chunks/node_modules_next_dist_compiled_next-devtools_index_0553esy.js GET /_next/static/chunks/node_modules_next_dist_compiled_next-devtools_index_0553esy.js
2026-04-07 00:33:50.9630|INFO|Incoming request GET /_next/static/chunks/node_modules_next_dist_compiled_react-dom_058-ah~._.js GET /_next/static/chunks/node_modules_next_dist_compiled_react-dom_058-ah~._.js
2026-04-07 00:33:50.9640|INFO|Incoming request GET /_next/static/chunks/node_modules_next_dist_compiled_react-server-dom-turbopack_0p3wegg._.js GET /_next/static/chunks/node_modules_next_dist_compiled_react-server-dom-turbopack_0p3wegg._.js
2026-04-07 00:33:51.0070|INFO|Incoming request GET / GET /
2026-04-07 00:33:51.0110|INFO|Incoming request GET /_next/static/chunks/%5Bturbopack%5D_browser_dev_hmr-client_hmr-client_ts_10z625~._.js GET /_next/static/chunks/%5Bturbopack%5D_browser_dev_hmr-client_hmr-client_ts_10z625~._.js
2026-04-07 00:33:51.3660|INFO|Incoming request GET /_next/static/chunks/node_modules_next_dist_compiled_0rpq4pf._.js GET /_next/static/chunks/node_modules_next_dist_compiled_0rpq4pf._.js
2026-04-07 00:33:51.3820|INFO|Incoming request GET /_next/static/chunks/node_modules_next_dist_client_0fhqo1d._.js GET /_next/static/chunks/node_modules_next_dist_client_0fhqo1d._.js
2026-04-07 00:33:51.3840|INFO|Incoming request GET /_next/static/chunks/node_modules_next_dist_115brz8._.js GET /_next/static/chunks/node_modules_next_dist_115brz8._.js
2026-04-07 00:33:51.4180|INFO|Incoming request GET /_next/static/chunks/turbopack-_0p44nws._.js GET /_next/static/chunks/turbopack-_0p44nws._.js
2026-04-07 00:33:51.4240|INFO|Incoming request GET /_next/static/chunks/src_app_layout_tsx_004glpo._.js GET /_next/static/chunks/src_app_layout_tsx_004glpo._.js
2026-04-07 00:33:51.4260|INFO|Incoming request GET /next.svg GET /next.svg
2026-04-07 00:33:51.4360|INFO|Incoming request GET /_next/static/chunks/%5Broot-of-the-server%5D__02nfq85._.css GET /_next/static/chunks/%5Broot-of-the-server%5D__02nfq85._.css
2026-04-07 00:33:51.4380|INFO|Incoming request GET /_next/static/chunks/node_modules_next_dist_compiled_next-devtools_index_0553esy.js GET /_next/static/chunks/node_modules_next_dist_compiled_next-devtools_index_0553esy.js
2026-04-07 00:33:51.4400|INFO|Incoming request GET /_next/static/chunks/node_modules_next_dist_compiled_react-dom_058-ah~._.js GET /_next/static/chunks/node_modules_next_dist_compiled_react-dom_058-ah~._.js
2026-04-07 00:33:51.4420|INFO|Incoming request GET /_next/static/chunks/%5Bturbopack%5D_browser_dev_hmr-client_hmr-client_ts_10z625~._.js GET /_next/static/chunks/%5Bturbopack%5D_browser_dev_hmr-client_hmr-client_ts_10z625~._.js
2026-04-07 00:33:51.4830|INFO|Incoming request GET /_next/static/chunks/node_modules_next_dist_compiled_react-server-dom-turbopack_0p3wegg._.js GET /_next/static/chunks/node_modules_next_dist_compiled_react-server-dom-turbopack_0p3wegg._.js
2026-04-07 00:33:51.5050|INFO|Incoming request GET /_next/static/chunks/node_modules_next_dist_compiled_0rpq4pf._.js GET /_next/static/chunks/node_modules_next_dist_compiled_0rpq4pf._.js
2026-04-07 00:33:51.5150|INFO|Incoming request GET /_next/static/chunks/node_modules_next_dist_client_0fhqo1d._.js GET /_next/static/chunks/node_modules_next_dist_client_0fhqo1d._.js
2026-04-07 00:33:51.5460|INFO|Incoming request GET / GET /
2026-04-07 00:33:51.5640|INFO|Incoming request GET /_next/static/chunks/node_modules_next_dist_115brz8._.js GET /_next/static/chunks/node_modules_next_dist_115brz8._.js
2026-04-07 00:33:51.7120|INFO|Incoming request GET /_next/static/chunks/node_modules_%40swc_helpers_cjs_0-4ujiy._.js GET /_next/static/chunks/node_modules_%40swc_helpers_cjs_0-4ujiy._.js
2026-04-07 00:33:51.7470|INFO|Incoming request GET /_next/static/chunks/_0rqeker._.js GET /_next/static/chunks/_0rqeker._.js
2026-04-07 00:33:51.7490|INFO|Incoming request GET /next.svg GET /next.svg
2026-04-07 00:33:51.7620|INFO|Incoming request GET /_next/static/chunks/%5Broot-of-the-server%5D__02nfq85._.css GET /_next/static/chunks/%5Broot-of-the-server%5D__02nfq85._.css
2026-04-07 00:33:51.7640|INFO|Incoming request GET /_next/static/chunks/node_modules_next_dist_compiled_next-devtools_index_0553esy.js GET /_next/static/chunks/node_modules_next_dist_compiled_next-devtools_index_0553esy.js
2026-04-07 00:33:51.7680|INFO|Incoming request GET /_next/static/chunks/node_modules_next_dist_compiled_react-dom_058-ah~._.js GET /_next/static/chunks/node_modules_next_dist_compiled_react-dom_058-ah~._.js
2026-04-07 00:33:51.7710|INFO|Incoming request GET /_next/static/chunks/%5Bturbopack%5D_browser_dev_hmr-client_hmr-client_ts_10z625~._.js GET /_next/static/chunks/%5Bturbopack%5D_browser_dev_hmr-client_hmr-client_ts_10z625~._.js
2026-04-07 00:33:51.8300|INFO|Incoming request GET / GET /
2026-04-07 00:33:51.8410|INFO|Incoming request GET /_next/static/chunks/node_modules_next_dist_compiled_react-server-dom-turbopack_0p3wegg._.js GET /_next/static/chunks/node_modules_next_dist_compiled_react-server-dom-turbopack_0p3wegg._.js
2026-04-07 00:33:51.8480|INFO|Incoming request GET /_next/static/chunks/node_modules_next_dist_compiled_0rpq4pf._.js GET /_next/static/chunks/node_modules_next_dist_compiled_0rpq4pf._.js
2026-04-07 00:33:52.0360|INFO|Incoming request GET /_next/static/chunks/node_modules_next_dist_client_0fhqo1d._.js GET /_next/static/chunks/node_modules_next_dist_client_0fhqo1d._.js
2026-04-07 00:33:52.0540|INFO|Incoming request GET /_next/static/chunks/node_modules_next_dist_115brz8._.js GET /_next/static/chunks/node_modules_next_dist_115brz8._.js
2026-04-07 00:33:52.0550|INFO|Incoming request GET /_next/static/chunks/node_modules_%40swc_helpers_cjs_0-4ujiy._.js GET /_next/static/chunks/node_modules_%40swc_helpers_cjs_0-4ujiy._.js
2026-04-07 00:33:52.0750|INFO|Incoming request GET /_next/static/chunks/_0rqeker._.js GET /_next/static/chunks/_0rqeker._.js
2026-04-07 00:33:52.0770|INFO|Incoming request GET /next.svg GET /next.svg
2026-04-07 00:33:52.0850|INFO|Incoming request GET /_next/static/chunks/%5Broot-of-the-server%5D__02nfq85._.css GET /_next/static/chunks/%5Broot-of-the-server%5D__02nfq85._.css
2026-04-07 00:33:52.0880|INFO|Incoming request GET /_next/static/chunks/node_modules_next_dist_compiled_next-devtools_index_0553esy.js GET /_next/static/chunks/node_modules_next_dist_compiled_next-devtools_index_0553esy.js
2026-04-07 00:33:52.0890|INFO|Incoming request GET /_next/static/chunks/node_modules_next_dist_compiled_react-dom_058-ah~._.js GET /_next/static/chunks/node_modules_next_dist_compiled_react-dom_058-ah~._.js
2026-04-07 00:33:52.0910|INFO|Incoming request GET /_next/static/chunks/%5Bturbopack%5D_browser_dev_hmr-client_hmr-client_ts_10z625~._.js GET /_next/static/chunks/%5Bturbopack%5D_browser_dev_hmr-client_hmr-client_ts_10z625~._.js
2026-04-07 00:33:52.1490|INFO|Incoming request GET /_next/static/chunks/node_modules_next_dist_compiled_react-server-dom-turbopack_0p3wegg._.js GET /_next/static/chunks/node_modules_next_dist_compiled_react-server-dom-turbopack_0p3wegg._.js
2026-04-07 00:33:52.1650|INFO|Incoming request GET /_next/static/chunks/node_modules_next_dist_compiled_0rpq4pf._.js GET /_next/static/chunks/node_modules_next_dist_compiled_0rpq4pf._.js
2026-04-07 00:33:52.1680|INFO|Incoming request GET /_next/static/chunks/node_modules_next_dist_client_0fhqo1d._.js GET /_next/static/chunks/node_modules_next_dist_client_0fhqo1d._.js
2026-04-07 00:33:52.1990|INFO|Incoming request GET / GET /
2026-04-07 00:33:52.2140|INFO|Incoming request GET /_next/static/chunks/node_modules_next_dist_115brz8._.js GET /_next/static/chunks/node_modules_next_dist_115brz8._.js
2026-04-07 00:33:52.2230|INFO|Incoming request GET /_next/static/chunks/node_modules_%40swc_helpers_cjs_0-4ujiy._.js GET /_next/static/chunks/node_modules_%40swc_helpers_cjs_0-4ujiy._.js
2026-04-07 00:33:52.4040|INFO|Incoming request GET /next.svg GET /next.svg
2026-04-07 00:33:52.4140|INFO|Incoming request GET / GET /
2026-04-07 00:33:52.4160|INFO|Incoming request GET /_next/static/chunks/node_modules_next_dist_compiled_next-devtools_index_0553esy.js GET /_next/static/chunks/node_modules_next_dist_compiled_next-devtools_index_0553esy.js
2026-04-07 00:33:52.4260|INFO|Incoming request GET /_next/static/chunks/%5Broot-of-the-server%5D__02nfq85._.css GET /_next/static/chunks/%5Broot-of-the-server%5D__02nfq85._.css
2026-04-07 00:33:52.4300|INFO|Incoming request GET /_next/static/chunks/node_modules_next_dist_compiled_react-dom_058-ah~._.js GET /_next/static/chunks/node_modules_next_dist_compiled_react-dom_058-ah~._.js
2026-04-07 00:33:52.5450|INFO|Incoming request GET /_next/static/chunks/%5Bturbopack%5D_browser_dev_hmr-client_hmr-client_ts_10z625~._.js GET /_next/static/chunks/%5Bturbopack%5D_browser_dev_hmr-client_hmr-client_ts_10z625~._.js
2026-04-07 00:33:52.6260|INFO|Incoming request GET /_next/static/chunks/node_modules_next_dist_compiled_react-server-dom-turbopack_0p3wegg._.js GET /_next/static/chunks/node_modules_next_dist_compiled_react-server-dom-turbopack_0p3wegg._.js
2026-04-07 00:33:52.6470|INFO|Incoming request GET /_next/static/chunks/node_modules_next_dist_compiled_0rpq4pf._.js GET /_next/static/chunks/node_modules_next_dist_compiled_0rpq4pf._.js
2026-04-07 00:33:52.6520|INFO|Incoming request GET /_next/static/chunks/node_modules_next_dist_client_0fhqo1d._.js GET /_next/static/chunks/node_modules_next_dist_client_0fhqo1d._.js
2026-04-07 00:33:52.6540|INFO|Incoming request GET /_next/static/chunks/node_modules_next_dist_115brz8._.js GET /_next/static/chunks/node_modules_next_dist_115brz8._.js
2026-04-07 00:33:52.6550|INFO|Incoming request GET /_next/static/chunks/_0rqeker._.js GET /_next/static/chunks/_0rqeker._.js
2026-04-07 00:33:52.6560|INFO|Incoming request GET /_next/static/chunks/turbopack-_0p44nws._.js GET /_next/static/chunks/turbopack-_0p44nws._.js
2026-04-07 00:33:52.6580|INFO|Incoming request GET /next.svg GET /next.svg
2026-04-07 00:33:52.6650|INFO|Incoming request GET /_next/static/chunks/%5Bturbopack%5D_browser_dev_hmr-client_hmr-client_ts_10z625~._.js GET /_next/static/chunks/%5Bturbopack%5D_browser_dev_hmr-client_hmr-client_ts_10z625~._.js
2026-04-07 00:33:52.6660|INFO|Incoming request GET /_next/static/chunks/node_modules_next_dist_compiled_next-devtools_index_0553esy.js GET /_next/static/chunks/node_modules_next_dist_compiled_next-devtools_index_0553esy.js
2026-04-07 00:33:52.6690|INFO|Incoming request GET /_next/static/chunks/%5Broot-of-the-server%5D__02nfq85._.css GET /_next/static/chunks/%5Broot-of-the-server%5D__02nfq85._.css
2026-04-07 00:33:52.6720|INFO|Incoming request GET /_next/static/chunks/node_modules_next_dist_compiled_react-dom_058-ah~._.js GET /_next/static/chunks/node_modules_next_dist_compiled_react-dom_058-ah~._.js
2026-04-07 00:33:52.7090|INFO|Incoming request GET / GET /
2026-04-07 00:33:52.7260|INFO|Incoming request GET /_next/static/chunks/node_modules_next_dist_compiled_react-server-dom-turbopack_0p3wegg._.js GET /_next/static/chunks/node_modules_next_dist_compiled_react-server-dom-turbopack_0p3wegg._.js
2026-04-07 00:33:52.7320|INFO|Incoming request GET /_next/static/chunks/node_modules_next_dist_compiled_0rpq4pf._.js GET /_next/static/chunks/node_modules_next_dist_compiled_0rpq4pf._.js
2026-04-07 00:33:52.8980|INFO|Incoming request GET /_next/static/chunks/node_modules_next_dist_client_0fhqo1d._.js GET /_next/static/chunks/node_modules_next_dist_client_0fhqo1d._.js
2026-04-07 00:33:52.9090|INFO|Incoming request GET /_next/static/chunks/node_modules_next_dist_115brz8._.js GET /_next/static/chunks/node_modules_next_dist_115brz8._.js
2026-04-07 00:33:52.9120|INFO|Incoming request GET /next.svg GET /next.svg
2026-04-07 00:33:52.9190|INFO|Incoming request GET /_next/static/chunks/%5Broot-of-the-server%5D__02nfq85._.css GET /_next/static/chunks/%5Broot-of-the-server%5D__02nfq85._.css
2026-04-07 00:33:52.9210|INFO|Incoming request GET /_next/static/chunks/node_modules_next_dist_compiled_next-devtools_index_0553esy.js GET /_next/static/chunks/node_modules_next_dist_compiled_next-devtools_index_0553esy.js
2026-04-07 00:33:52.9230|INFO|Incoming request GET /_next/static/chunks/node_modules_next_dist_compiled_react-dom_058-ah~._.js GET /_next/static/chunks/node_modules_next_dist_compiled_react-dom_058-ah~._.js
2026-04-07 00:33:52.9240|INFO|Incoming request GET /_next/static/chunks/%5Bturbopack%5D_browser_dev_hmr-client_hmr-client_ts_10z625~._.js GET /_next/static/chunks/%5Bturbopack%5D_browser_dev_hmr-client_hmr-client_ts_10z625~._.js
2026-04-07 00:33:52.9860|INFO|Incoming request GET /_next/static/chunks/node_modules_next_dist_compiled_react-server-dom-turbopack_0p3wegg._.js GET /_next/static/chunks/node_modules_next_dist_compiled_react-server-dom-turbopack_0p3wegg._.js
2026-04-07 00:33:52.9980|INFO|Incoming request GET /_next/static/chunks/node_modules_next_dist_compiled_0rpq4pf._.js GET /_next/static/chunks/node_modules_next_dist_compiled_0rpq4pf._.js
2026-04-07 00:33:53.0120|INFO|Incoming request GET /_next/static/chunks/node_modules_next_dist_client_0fhqo1d._.js GET /_next/static/chunks/node_modules_next_dist_client_0fhqo1d._.js
2026-04-07 00:33:53.1230|INFO|Incoming request GET / GET /
2026-04-07 00:33:53.3320|INFO|Incoming request GET /_next/static/chunks/node_modules_next_dist_115brz8._.js GET /_next/static/chunks/node_modules_next_dist_115brz8._.js
2026-04-07 00:33:53.3460|INFO|Incoming request GET /_next/static/chunks/node_modules_%40swc_helpers_cjs_0-4ujiy._.js GET /_next/static/chunks/node_modules_%40swc_helpers_cjs_0-4ujiy._.js
2026-04-07 00:33:53.4950|INFO|Incoming request GET /_next/static/chunks/_0rqeker._.js GET /_next/static/chunks/_0rqeker._.js
2026-04-07 00:33:53.4970|INFO|Incoming request GET / GET /
2026-04-07 00:33:53.4990|INFO|Incoming request GET /next.svg GET /next.svg
2026-04-07 00:33:53.5060|INFO|Incoming request GET /_next/static/chunks/node_modules_next_dist_compiled_next-devtools_index_0553esy.js GET /_next/static/chunks/node_modules_next_dist_compiled_next-devtools_index_0553esy.js
2026-04-07 00:33:53.5080|INFO|Incoming request GET /_next/static/chunks/node_modules_next_dist_compiled_react-dom_058-ah~._.js GET /_next/static/chunks/node_modules_next_dist_compiled_react-dom_058-ah~._.js
2026-04-07 00:33:53.5100|INFO|Incoming request GET /_next/static/chunks/%5Broot-of-the-server%5D__02nfq85._.css GET /_next/static/chunks/%5Broot-of-the-server%5D__02nfq85._.css
2026-04-07 00:33:53.6520|INFO|Incoming request GET /_next/static/chunks/%5Bturbopack%5D_browser_dev_hmr-client_hmr-client_ts_10z625~._.js GET /_next/static/chunks/%5Bturbopack%5D_browser_dev_hmr-client_hmr-client_ts_10z625~._.js
2026-04-07 00:33:53.7530|INFO|Incoming request GET /_next/static/chunks/node_modules_next_dist_compiled_react-server-dom-turbopack_0p3wegg._.js GET /_next/static/chunks/node_modules_next_dist_compiled_react-server-dom-turbopack_0p3wegg._.js
2026-04-07 00:33:53.8010|INFO|Incoming request GET /_next/static/chunks/node_modules_next_dist_compiled_0rpq4pf._.js GET /_next/static/chunks/node_modules_next_dist_compiled_0rpq4pf._.js
2026-04-07 00:33:53.8040|INFO|Incoming request GET /_next/static/chunks/node_modules_next_dist_client_0fhqo1d._.js GET /_next/static/chunks/node_modules_next_dist_client_0fhqo1d._.js
2026-04-07 00:33:53.8060|INFO|Incoming request GET /_next/static/chunks/node_modules_%40swc_helpers_cjs_0-4ujiy._.js GET /_next/static/chunks/node_modules_%40swc_helpers_cjs_0-4ujiy._.js
2026-04-07 00:33:53.8080|INFO|Incoming request GET /_next/static/chunks/_0rqeker._.js GET /_next/static/chunks/_0rqeker._.js
2026-04-07 00:33:53.8120|INFO|Incoming request GET /next.svg GET /next.svg
2026-04-07 00:33:53.8320|INFO|Incoming request GET /_next/static/chunks/%5Broot-of-the-server%5D__02nfq85._.css GET /_next/static/chunks/%5Broot-of-the-server%5D__02nfq85._.css
2026-04-07 00:33:53.8370|INFO|Incoming request GET /_next/static/chunks/%5Bturbopack%5D_browser_dev_hmr-client_hmr-client_ts_10z625~._.js GET /_next/static/chunks/%5Bturbopack%5D_browser_dev_hmr-client_hmr-client_ts_10z625~._.js
2026-04-07 00:33:53.8390|INFO|Incoming request GET /_next/static/chunks/node_modules_next_dist_compiled_next-devtools_index_0553esy.js GET /_next/static/chunks/node_modules_next_dist_compiled_next-devtools_index_0553esy.js
2026-04-07 00:33:53.8420|INFO|Incoming request GET /_next/static/chunks/node_modules_next_dist_compiled_react-dom_058-ah~._.js GET /_next/static/chunks/node_modules_next_dist_compiled_react-dom_058-ah~._.js
2026-04-07 00:33:54.0720|INFO|Incoming request GET / GET /
2026-04-07 00:33:54.0800|INFO|Incoming request GET /_next/static/chunks/node_modules_next_dist_compiled_react-server-dom-turbopack_0p3wegg._.js GET /_next/static/chunks/node_modules_next_dist_compiled_react-server-dom-turbopack_0p3wegg._.js
2026-04-07 00:33:54.1700|INFO|Incoming request GET /_next/static/chunks/node_modules_next_dist_compiled_0rpq4pf._.js GET /_next/static/chunks/node_modules_next_dist_compiled_0rpq4pf._.js
2026-04-07 00:33:54.2660|INFO|Incoming request GET /_next/static/chunks/node_modules_next_dist_client_0fhqo1d._.js GET /_next/static/chunks/node_modules_next_dist_client_0fhqo1d._.js
2026-04-07 00:33:54.2750|INFO|Incoming request GET /next.svg GET /next.svg
2026-04-07 00:33:54.2830|INFO|Incoming request GET /_next/static/chunks/%5Broot-of-the-server%5D__02nfq85._.css GET /_next/static/chunks/%5Broot-of-the-server%5D__02nfq85._.css
2026-04-07 00:33:54.2880|INFO|Incoming request GET /_next/static/chunks/node_modules_next_dist_compiled_next-devtools_index_0553esy.js GET /_next/static/chunks/node_modules_next_dist_compiled_next-devtools_index_0553esy.js
2026-04-07 00:33:54.2910|INFO|Incoming request GET /_next/static/chunks/node_modules_next_dist_compiled_react-dom_058-ah~._.js GET /_next/static/chunks/node_modules_next_dist_compiled_react-dom_058-ah~._.js
2026-04-07 00:33:54.3040|INFO|Incoming request GET /_next/static/chunks/node_modules_next_dist_compiled_react-server-dom-turbopack_0p3wegg._.js GET /_next/static/chunks/node_modules_next_dist_compiled_react-server-dom-turbopack_0p3wegg._.js
2026-04-07 00:33:54.3260|INFO|Incoming request GET /_next/static/chunks/%5Bturbopack%5D_browser_dev_hmr-client_hmr-client_ts_10z625~._.js GET /_next/static/chunks/%5Bturbopack%5D_browser_dev_hmr-client_hmr-client_ts_10z625~._.js
2026-04-07 00:33:54.3530|INFO|Incoming request GET /_next/static/chunks/node_modules_next_dist_compiled_0rpq4pf._.js GET /_next/static/chunks/node_modules_next_dist_compiled_0rpq4pf._.js
2026-04-07 00:33:54.4250|INFO|Incoming request GET /_next/static/chunks/node_modules_next_dist_client_0fhqo1d._.js GET /_next/static/chunks/node_modules_next_dist_client_0fhqo1d._.js
2026-04-07 00:33:54.4400|INFO|Incoming request GET / GET /
2026-04-07 00:33:54.4490|INFO|Incoming request GET /_next/static/chunks/node_modules_next_dist_115brz8._.js GET /_next/static/chunks/node_modules_next_dist_115brz8._.js
2026-04-07 00:33:54.5940|INFO|Incoming request GET /_next/static/chunks/node_modules_%40swc_helpers_cjs_0-4ujiy._.js GET /_next/static/chunks/node_modules_%40swc_helpers_cjs_0-4ujiy._.js
2026-04-07 00:33:54.6630|INFO|Incoming request GET /_next/static/chunks/_0rqeker._.js GET /_next/static/chunks/_0rqeker._.js
2026-04-07 00:33:54.6670|INFO|Incoming request GET /_next/static/chunks/turbopack-_0p44nws._.js GET /_next/static/chunks/turbopack-_0p44nws._.js
2026-04-07 00:33:54.6700|INFO|Incoming request GET /next.svg GET /next.svg
2026-04-07 00:33:54.6880|INFO|Incoming request GET /_next/static/chunks/node_modules_next_dist_compiled_next-devtools_index_0553esy.js GET /_next/static/chunks/node_modules_next_dist_compiled_next-devtools_index_0553esy.js
2026-04-07 00:33:54.6910|INFO|Incoming request GET /_next/static/chunks/node_modules_next_dist_compiled_react-dom_058-ah~._.js GET /_next/static/chunks/node_modules_next_dist_compiled_react-dom_058-ah~._.js
2026-04-07 00:33:54.6940|INFO|Incoming request GET /_next/static/chunks/%5Broot-of-the-server%5D__02nfq85._.css GET /_next/static/chunks/%5Broot-of-the-server%5D__02nfq85._.css
2026-04-07 00:33:54.7080|INFO|Incoming request GET /_next/static/chunks/%5Bturbopack%5D_browser_dev_hmr-client_hmr-client_ts_10z625~._.js GET /_next/static/chunks/%5Bturbopack%5D_browser_dev_hmr-client_hmr-client_ts_10z625~._.js
2026-04-07 00:33:54.7300|INFO|Incoming request GET /_next/static/chunks/node_modules_next_dist_compiled_react-server-dom-turbopack_0p3wegg._.js GET /_next/static/chunks/node_modules_next_dist_compiled_react-server-dom-turbopack_0p3wegg._.js
2026-04-07 00:33:54.7720|INFO|Incoming request GET /_next/static/chunks/node_modules_next_dist_compiled_0rpq4pf._.js GET /_next/static/chunks/node_modules_next_dist_compiled_0rpq4pf._.js
2026-04-07 00:33:54.7950|INFO|Incoming request GET /_next/static/chunks/node_modules_next_dist_client_0fhqo1d._.js GET /_next/static/chunks/node_modules_next_dist_client_0fhqo1d._.js
2026-04-07 00:33:54.8220|INFO|Incoming request GET /_next/static/chunks/node_modules_next_dist_115brz8._.js GET /_next/static/chunks/node_modules_next_dist_115brz8._.js
2026-04-07 00:33:54.8420|INFO|Incoming request GET / GET /
2026-04-07 00:33:54.8530|INFO|Incoming request GET /_next/static/chunks/node_modules_%40swc_helpers_cjs_0-4ujiy._.js GET /_next/static/chunks/node_modules_%40swc_helpers_cjs_0-4ujiy._.js
2026-04-07 00:33:55.0680|INFO|Incoming request GET /next.svg GET /next.svg
2026-04-07 00:33:55.0860|INFO|Incoming request GET /_next/static/chunks/node_modules_next_dist_compiled_next-devtools_index_0553esy.js GET /_next/static/chunks/node_modules_next_dist_compiled_next-devtools_index_0553esy.js
2026-04-07 00:33:55.0900|INFO|Incoming request GET /_next/static/chunks/node_modules_next_dist_compiled_react-dom_058-ah~._.js GET /_next/static/chunks/node_modules_next_dist_compiled_react-dom_058-ah~._.js
2026-04-07 00:33:55.0930|INFO|Incoming request GET /_next/static/chunks/%5Bturbopack%5D_browser_dev_hmr-client_hmr-client_ts_10z625~._.js GET /_next/static/chunks/%5Bturbopack%5D_browser_dev_hmr-client_hmr-client_ts_10z625~._.js
2026-04-07 00:33:55.0950|INFO|Incoming request GET /_next/static/chunks/%5Broot-of-the-server%5D__02nfq85._.css GET /_next/static/chunks/%5Broot-of-the-server%5D__02nfq85._.css
2026-04-07 00:33:55.1300|INFO|Incoming request GET /_next/static/chunks/node_modules_next_dist_compiled_react-server-dom-turbopack_0p3wegg._.js GET /_next/static/chunks/node_modules_next_dist_compiled_react-server-dom-turbopack_0p3wegg._.js
2026-04-07 00:33:55.1580|INFO|Incoming request GET /_next/static/chunks/node_modules_next_dist_compiled_0rpq4pf._.js GET /_next/static/chunks/node_modules_next_dist_compiled_0rpq4pf._.js
2026-04-07 00:33:55.1670|INFO|Incoming request GET /_next/static/chunks/node_modules_next_dist_client_0fhqo1d._.js GET /_next/static/chunks/node_modules_next_dist_client_0fhqo1d._.js
2026-04-07 00:33:55.2110|INFO|Incoming request GET /_next/static/chunks/node_modules_next_dist_115brz8._.js GET /_next/static/chunks/node_modules_next_dist_115brz8._.js
2026-04-07 00:33:55.2300|INFO|Incoming request GET /_next/static/chunks/node_modules_%40swc_helpers_cjs_0-4ujiy._.js GET /_next/static/chunks/node_modules_%40swc_helpers_cjs_0-4ujiy._.js
2026-04-07 00:33:55.2390|INFO|Incoming request GET / GET /
2026-04-07 00:33:55.4910|INFO|Incoming request GET /_next/static/chunks/_0rqeker._.js GET /_next/static/chunks/_0rqeker._.js
2026-04-07 00:33:55.5110|INFO|Incoming request GET /next.svg GET /next.svg
2026-04-07 00:33:55.5340|INFO|Incoming request GET /_next/static/chunks/%5Broot-of-the-server%5D__02nfq85._.css GET /_next/static/chunks/%5Broot-of-the-server%5D__02nfq85._.css
2026-04-07 00:33:55.5370|INFO|Incoming request GET /_next/static/chunks/node_modules_next_dist_compiled_next-devtools_index_0553esy.js GET /_next/static/chunks/node_modules_next_dist_compiled_next-devtools_index_0553esy.js
2026-04-07 00:33:55.5440|INFO|Incoming request GET /_next/static/chunks/node_modules_next_dist_compiled_react-dom_058-ah~._.js GET /_next/static/chunks/node_modules_next_dist_compiled_react-dom_058-ah~._.js
2026-04-07 00:33:55.5480|INFO|Incoming request GET /_next/static/chunks/%5Bturbopack%5D_browser_dev_hmr-client_hmr-client_ts_10z625~._.js GET /_next/static/chunks/%5Bturbopack%5D_browser_dev_hmr-client_hmr-client_ts_10z625~._.js
2026-04-07 00:33:55.5900|INFO|Incoming request GET /_next/static/chunks/node_modules_next_dist_compiled_react-server-dom-turbopack_0p3wegg._.js GET /_next/static/chunks/node_modules_next_dist_compiled_react-server-dom-turbopack_0p3wegg._.js
2026-04-07 00:33:55.6210|INFO|Incoming request GET /_next/static/chunks/node_modules_next_dist_compiled_0rpq4pf._.js GET /_next/static/chunks/node_modules_next_dist_compiled_0rpq4pf._.js
2026-04-07 00:33:55.6310|INFO|Incoming request GET /_next/static/chunks/node_modules_next_dist_client_0fhqo1d._.js GET /_next/static/chunks/node_modules_next_dist_client_0fhqo1d._.js
2026-04-07 00:33:55.6600|INFO|Incoming request GET /_next/static/chunks/node_modules_next_dist_115brz8._.js GET /_next/static/chunks/node_modules_next_dist_115brz8._.js
2026-04-07 00:33:55.6920|INFO|Incoming request GET /_next/static/chunks/node_modules_%40swc_helpers_cjs_0-4ujiy._.js GET /_next/static/chunks/node_modules_%40swc_helpers_cjs_0-4ujiy._.js
2026-04-07 00:33:55.7010|INFO|Incoming request GET /_next/static/chunks/_0rqeker._.js GET /_next/static/chunks/_0rqeker._.js
2026-04-07 00:33:55.7990|INFO|Incoming request GET /_next/static/chunks/turbopack-_0p44nws._.js GET /_next/static/chunks/turbopack-_0p44nws._.js
2026-04-07 00:33:55.8550|INFO|Incoming request GET /_next/static/chunks/node_modules_next_dist_0tt2wve._.js GET /_next/static/chunks/node_modules_next_dist_0tt2wve._.js
2026-04-07 00:33:55.8850|INFO|Incoming request GET /_next/static/chunks/src_app_layout_tsx_004glpo._.js GET /_next/static/chunks/src_app_layout_tsx_004glpo._.js
2026-04-07 00:33:55.9160|INFO|Incoming request GET / GET /
2026-04-07 00:33:55.9460|INFO|Incoming request GET /_next/static/chunks/node_modules_next_dist_07p5au~._.js GET /_next/static/chunks/node_modules_next_dist_07p5au~._.js
2026-04-07 00:33:56.0730|INFO|Incoming request GET /_next/static/chunks/src_app_page_tsx_002ye8~._.js GET /_next/static/chunks/src_app_page_tsx_002ye8~._.js
2026-04-07 00:33:56.0990|INFO|Incoming request GET /_next/static/chunks/node_modules_next_dist_client_components_builtin_global-error_002ye8~.js GET /_next/static/chunks/node_modules_next_dist_client_components_builtin_global-error_002ye8~.js
2026-04-07 00:33:56.1150|INFO|Incoming request GET /vercel.svg GET /vercel.svg
2026-04-07 00:33:56.1400|INFO|Incoming request GET /_next/static/chunks/%5Bturbopack%5D_browser_dev_hmr-client_hmr-client_ts_0yjw1oe._.js GET /_next/static/chunks/%5Bturbopack%5D_browser_dev_hmr-client_hmr-client_ts_0yjw1oe._.js
2026-04-07 00:33:56.1860|INFO|Incoming request GET /_next/static/chunks/%5Bturbopack%5D_browser_dev_hmr-client_hmr-client_ts_10mygs7._.js GET /_next/static/chunks/%5Bturbopack%5D_browser_dev_hmr-client_hmr-client_ts_10mygs7._.js
2026-04-07 00:33:56.2030|INFO|Incoming request GET /next.svg GET /next.svg
2026-04-07 00:33:56.2130|INFO|Incoming request GET /_next/static/chunks/%5Broot-of-the-server%5D__02nfq85._.css GET /_next/static/chunks/%5Broot-of-the-server%5D__02nfq85._.css
2026-04-07 00:33:56.2150|INFO|Incoming request GET /_next/static/chunks/%5Bturbopack%5D_browser_dev_hmr-client_hmr-client_ts_10z625~._.js GET /_next/static/chunks/%5Bturbopack%5D_browser_dev_hmr-client_hmr-client_ts_10z625~._.js
2026-04-07 00:33:56.2170|INFO|Incoming request GET /_next/static/chunks/node_modules_next_dist_compiled_next-devtools_index_0553esy.js GET /_next/static/chunks/node_modules_next_dist_compiled_next-devtools_index_0553esy.js
2026-04-07 00:33:56.2200|INFO|Incoming request GET /_next/static/chunks/node_modules_next_dist_compiled_react-dom_058-ah~._.js GET /_next/static/chunks/node_modules_next_dist_compiled_react-dom_058-ah~._.js
2026-04-07 00:33:56.2720|INFO|Incoming request GET /_next/static/chunks/node_modules_next_dist_compiled_react-server-dom-turbopack_0p3wegg._.js GET /_next/static/chunks/node_modules_next_dist_compiled_react-server-dom-turbopack_0p3wegg._.js
2026-04-07 00:33:56.3030|INFO|Incoming request GET /_next/static/chunks/node_modules_next_dist_compiled_0rpq4pf._.js GET /_next/static/chunks/node_modules_next_dist_compiled_0rpq4pf._.js
2026-04-07 00:33:56.3100|INFO|Incoming request GET /_next/static/chunks/node_modules_next_dist_client_0fhqo1d._.js GET /_next/static/chunks/node_modules_next_dist_client_0fhqo1d._.js
2026-04-07 00:33:56.3140|INFO|Incoming request GET /_next/static/chunks/node_modules_next_dist_115brz8._.js GET /_next/static/chunks/node_modules_next_dist_115brz8._.js
2026-04-07 00:33:56.3220|INFO|Incoming request GET /_next/static/chunks/node_modules_%40swc_helpers_cjs_0-4ujiy._.js GET /_next/static/chunks/node_modules_%40swc_helpers_cjs_0-4ujiy._.js
2026-04-07 00:33:56.3660|INFO|Incoming request GET / GET /
2026-04-07 00:33:56.3900|INFO|Incoming request GET /_next/static/chunks/_0rqeker._.js GET /_next/static/chunks/_0rqeker._.js
2026-04-07 00:33:56.3960|INFO|Incoming request GET /_next/static/chunks/turbopack-_0p44nws._.js GET /_next/static/chunks/turbopack-_0p44nws._.js
2026-04-07 00:33:56.4020|INFO|Incoming request GET /_next/static/chunks/node_modules_next_dist_0tt2wve._.js GET /_next/static/chunks/node_modules_next_dist_0tt2wve._.js
2026-04-07 00:33:56.4720|INFO|Incoming request GET /_next/static/chunks/src_app_layout_tsx_004glpo._.js GET /_next/static/chunks/src_app_layout_tsx_004glpo._.js
2026-04-07 00:33:56.4800|INFO|Incoming request GET /_next/static/chunks/node_modules_next_dist_07p5au~._.js GET /_next/static/chunks/node_modules_next_dist_07p5au~._.js
2026-04-07 00:33:56.5570|INFO|Incoming request GET /_next/static/chunks/src_app_page_tsx_002ye8~._.js GET /_next/static/chunks/src_app_page_tsx_002ye8~._.js
2026-04-07 00:33:56.5830|INFO|Incoming request GET /_next/static/chunks/node_modules_next_dist_client_components_builtin_global-error_002ye8~.js GET /_next/static/chunks/node_modules_next_dist_client_components_builtin_global-error_002ye8~.js
2026-04-07 00:33:56.6030|INFO|Incoming request GET /vercel.svg GET /vercel.svg
2026-04-07 00:33:56.6130|INFO|Incoming request GET /_next/static/chunks/%5Bturbopack%5D_browser_dev_hmr-client_hmr-client_ts_0yjw1oe._.js GET /_next/static/chunks/%5Bturbopack%5D_browser_dev_hmr-client_hmr-client_ts_0yjw1oe._.js
2026-04-07 00:33:56.6210|INFO|Incoming request GET /next.svg GET /next.svg
2026-04-07 00:33:56.6240|INFO|Incoming request GET /_next/static/chunks/%5Broot-of-the-server%5D__02nfq85._.css GET /_next/static/chunks/%5Broot-of-the-server%5D__02nfq85._.css
2026-04-07 00:33:56.6260|INFO|Incoming request GET /_next/static/chunks/%5Bturbopack%5D_browser_dev_hmr-client_hmr-client_ts_10z625~._.js GET /_next/static/chunks/%5Bturbopack%5D_browser_dev_hmr-client_hmr-client_ts_10z625~._.js
2026-04-07 00:33:56.6280|INFO|Incoming request GET /_next/static/chunks/node_modules_next_dist_compiled_next-devtools_index_0553esy.js GET /_next/static/chunks/node_modules_next_dist_compiled_next-devtools_index_0553esy.js
2026-04-07 00:33:56.6310|INFO|Incoming request GET /_next/static/chunks/node_modules_next_dist_compiled_react-dom_058-ah~._.js GET /_next/static/chunks/node_modules_next_dist_compiled_react-dom_058-ah~._.js
2026-04-07 00:33:56.6880|INFO|Incoming request GET /_next/static/chunks/node_modules_next_dist_compiled_react-server-dom-turbopack_0p3wegg._.js GET /_next/static/chunks/node_modules_next_dist_compiled_react-server-dom-turbopack_0p3wegg._.js
2026-04-07 00:33:56.6960|INFO|Incoming request GET /_next/static/chunks/node_modules_next_dist_compiled_0rpq4pf._.js GET /_next/static/chunks/node_modules_next_dist_compiled_0rpq4pf._.js
2026-04-07 00:33:56.6990|INFO|Incoming request GET /_next/static/chunks/node_modules_next_dist_client_0fhqo1d._.js GET /_next/static/chunks/node_modules_next_dist_client_0fhqo1d._.js
2026-04-07 00:33:56.7030|INFO|Incoming request GET /_next/static/chunks/node_modules_next_dist_115brz8._.js GET /_next/static/chunks/node_modules_next_dist_115brz8._.js
2026-04-07 00:33:56.7040|INFO|Incoming request GET /_next/static/chunks/node_modules_%40swc_helpers_cjs_0-4ujiy._.js GET /_next/static/chunks/node_modules_%40swc_helpers_cjs_0-4ujiy._.js
2026-04-07 00:33:56.7490|INFO|Incoming request GET /_next/static/chunks/_0rqeker._.js GET /_next/static/chunks/_0rqeker._.js
2026-04-07 00:33:56.7530|INFO|Incoming request GET /_next/static/chunks/turbopack-_0p44nws._.js GET /_next/static/chunks/turbopack-_0p44nws._.js
2026-04-07 00:33:56.7590|INFO|Incoming request GET /_next/static/chunks/node_modules_next_dist_0tt2wve._.js GET /_next/static/chunks/node_modules_next_dist_0tt2wve._.js
2026-04-07 00:33:56.7630|INFO|Incoming request GET /_next/static/chunks/node_modules_next_dist_07p5au~._.js GET /_next/static/chunks/node_modules_next_dist_07p5au~._.js
2026-04-07 00:33:56.7700|INFO|Incoming request GET /_next/static/chunks/src_app_layout_tsx_004glpo._.js GET /_next/static/chunks/src_app_layout_tsx_004glpo._.js
2026-04-07 00:33:56.7740|INFO|Incoming request GET /_next/static/chunks/src_app_page_tsx_002ye8~._.js GET /_next/static/chunks/src_app_page_tsx_002ye8~._.js
2026-04-07 00:33:56.8460|INFO|Incoming request GET /_next/static/chunks/node_modules_next_dist_client_components_builtin_global-error_002ye8~.js GET /_next/static/chunks/node_modules_next_dist_client_components_builtin_global-error_002ye8~.js
2026-04-07 00:33:56.8490|INFO|Incoming request GET /vercel.svg GET /vercel.svg
2026-04-07 00:33:56.8610|INFO|Incoming request GET / GET /
2026-04-07 00:33:56.8640|INFO|Incoming request GET /_next/static/chunks/%5Bturbopack%5D_browser_dev_hmr-client_hmr-client_ts_0yjw1oe._.js GET /_next/static/chunks/%5Bturbopack%5D_browser_dev_hmr-client_hmr-client_ts_0yjw1oe._.js
2026-04-07 00:33:56.9810|INFO|Incoming request GET /_next/static/chunks/%5Bturbopack%5D_browser_dev_hmr-client_hmr-client_ts_10mygs7._.js GET /_next/static/chunks/%5Bturbopack%5D_browser_dev_hmr-client_hmr-client_ts_10mygs7._.js
2026-04-07 00:33:57.0680|INFO|Incoming request GET /next.svg GET /next.svg
2026-04-07 00:33:57.0750|INFO|Incoming request GET /_next/static/chunks/%5Broot-of-the-server%5D__02nfq85._.css GET /_next/static/chunks/%5Broot-of-the-server%5D__02nfq85._.css
2026-04-07 00:33:57.0800|INFO|Incoming request GET /_next/static/chunks/%5Bturbopack%5D_browser_dev_hmr-client_hmr-client_ts_10z625~._.js GET /_next/static/chunks/%5Bturbopack%5D_browser_dev_hmr-client_hmr-client_ts_10z625~._.js
2026-04-07 00:33:57.0820|INFO|Incoming request GET /_next/static/chunks/node_modules_next_dist_compiled_next-devtools_index_0553esy.js GET /_next/static/chunks/node_modules_next_dist_compiled_next-devtools_index_0553esy.js
2026-04-07 00:33:57.0840|INFO|Incoming request GET /_next/static/chunks/node_modules_next_dist_compiled_react-dom_058-ah~._.js GET /_next/static/chunks/node_modules_next_dist_compiled_react-dom_058-ah~._.js
2026-04-07 00:33:57.1310|INFO|Incoming request GET /_next/static/chunks/node_modules_next_dist_compiled_react-server-dom-turbopack_0p3wegg._.js GET /_next/static/chunks/node_modules_next_dist_compiled_react-server-dom-turbopack_0p3wegg._.js
2026-04-07 00:33:57.1430|INFO|Incoming request GET /_next/static/chunks/node_modules_next_dist_compiled_0rpq4pf._.js GET /_next/static/chunks/node_modules_next_dist_compiled_0rpq4pf._.js
2026-04-07 00:33:57.1530|INFO|Incoming request GET /_next/static/chunks/node_modules_next_dist_client_0fhqo1d._.js GET /_next/static/chunks/node_modules_next_dist_client_0fhqo1d._.js
2026-04-07 00:33:57.1660|INFO|Incoming request GET /_next/static/chunks/node_modules_next_dist_115brz8._.js GET /_next/static/chunks/node_modules_next_dist_115brz8._.js
2026-04-07 00:33:57.1690|INFO|Incoming request GET /_next/static/chunks/node_modules_%40swc_helpers_cjs_0-4ujiy._.js GET /_next/static/chunks/node_modules_%40swc_helpers_cjs_0-4ujiy._.js
2026-04-07 00:33:57.2100|INFO|Incoming request GET / GET /
2026-04-07 00:33:57.2200|INFO|Incoming request GET /vercel.svg GET /vercel.svg
2026-04-07 00:33:57.2260|INFO|Incoming request GET /_next/static/chunks/_0rqeker._.js GET /_next/static/chunks/_0rqeker._.js
2026-04-07 00:33:57.2280|INFO|Incoming request GET /_next/static/chunks/turbopack-_0p44nws._.js GET /_next/static/chunks/turbopack-_0p44nws._.js
2026-04-07 00:33:57.2320|INFO|Incoming request GET /_next/static/chunks/node_modules_next_dist_0tt2wve._.js GET /_next/static/chunks/node_modules_next_dist_0tt2wve._.js
2026-04-07 00:33:57.3040|INFO|Incoming request GET /_next/static/chunks/src_app_layout_tsx_004glpo._.js GET /_next/static/chunks/src_app_layout_tsx_004glpo._.js
2026-04-07 00:33:57.4110|INFO|Incoming request GET /_next/static/chunks/node_modules_next_dist_07p5au~._.js GET /_next/static/chunks/node_modules_next_dist_07p5au~._.js
2026-04-07 00:33:57.4270|INFO|Incoming request GET /_next/static/chunks/src_app_page_tsx_002ye8~._.js GET /_next/static/chunks/src_app_page_tsx_002ye8~._.js
2026-04-07 00:33:57.4320|INFO|Incoming request GET /_next/static/chunks/node_modules_next_dist_client_components_builtin_global-error_002ye8~.js GET /_next/static/chunks/node_modules_next_dist_client_components_builtin_global-error_002ye8~.js
2026-04-07 00:33:57.4450|INFO|Incoming request GET /_next/static/chunks/%5Bturbopack%5D_browser_dev_hmr-client_hmr-client_ts_0yjw1oe._.js GET /_next/static/chunks/%5Bturbopack%5D_browser_dev_hmr-client_hmr-client_ts_0yjw1oe._.js
2026-04-07 00:33:57.4580|INFO|Incoming request GET /next.svg GET /next.svg
2026-04-07 00:33:57.4710|INFO|Incoming request GET /_next/static/chunks/%5Broot-of-the-server%5D__02nfq85._.css GET /_next/static/chunks/%5Broot-of-the-server%5D__02nfq85._.css
2026-04-07 00:33:57.4720|INFO|Incoming request GET /_next/static/chunks/%5Bturbopack%5D_browser_dev_hmr-client_hmr-client_ts_10z625~._.js GET /_next/static/chunks/%5Bturbopack%5D_browser_dev_hmr-client_hmr-client_ts_10z625~._.js
2026-04-07 00:33:57.4740|INFO|Incoming request GET /_next/static/chunks/node_modules_next_dist_compiled_next-devtools_index_0553esy.js GET /_next/static/chunks/node_modules_next_dist_compiled_next-devtools_index_0553esy.js
2026-04-07 00:33:57.4750|INFO|Incoming request GET /_next/static/chunks/node_modules_next_dist_compiled_react-dom_058-ah~._.js GET /_next/static/chunks/node_modules_next_dist_compiled_react-dom_058-ah~._.js
2026-04-07 00:33:57.5270|INFO|Incoming request GET /_next/static/chunks/node_modules_next_dist_compiled_react-server-dom-turbopack_0p3wegg._.js GET /_next/static/chunks/node_modules_next_dist_compiled_react-server-dom-turbopack_0p3wegg._.js
2026-04-07 00:33:57.5370|INFO|Incoming request GET /_next/static/chunks/node_modules_next_dist_compiled_0rpq4pf._.js GET /_next/static/chunks/node_modules_next_dist_compiled_0rpq4pf._.js
2026-04-07 00:33:57.5450|INFO|Incoming request GET /_next/static/chunks/node_modules_next_dist_client_0fhqo1d._.js GET /_next/static/chunks/node_modules_next_dist_client_0fhqo1d._.js
2026-04-07 00:33:57.5470|INFO|Incoming request GET /_next/static/chunks/node_modules_next_dist_115brz8._.js GET /_next/static/chunks/node_modules_next_dist_115brz8._.js
2026-04-07 00:33:57.5500|INFO|Incoming request GET /_next/static/chunks/node_modules_%40swc_helpers_cjs_0-4ujiy._.js GET /_next/static/chunks/node_modules_%40swc_helpers_cjs_0-4ujiy._.js
2026-04-07 00:33:57.5770|INFO|Incoming request GET /vercel.svg GET /vercel.svg
2026-04-07 00:33:57.6160|INFO|Incoming request GET /_next/static/chunks/_0rqeker._.js GET /_next/static/chunks/_0rqeker._.js
2026-04-07 00:33:57.6280|INFO|Incoming request GET /_next/static/chunks/turbopack-_0p44nws._.js GET /_next/static/chunks/turbopack-_0p44nws._.js
2026-04-07 00:33:57.6340|INFO|Incoming request GET /_next/static/chunks/node_modules_next_dist_0tt2wve._.js GET /_next/static/chunks/node_modules_next_dist_0tt2wve._.js
2026-04-07 00:33:57.6470|INFO|Incoming request GET /_next/static/chunks/src_app_layout_tsx_004glpo._.js GET /_next/static/chunks/src_app_layout_tsx_004glpo._.js
2026-04-07 00:33:57.6480|INFO|Incoming request GET /_next/static/chunks/node_modules_next_dist_07p5au~._.js GET /_next/static/chunks/node_modules_next_dist_07p5au~._.js
2026-04-07 00:33:57.6720|INFO|Incoming request GET /_next/static/chunks/src_app_page_tsx_002ye8~._.js GET /_next/static/chunks/src_app_page_tsx_002ye8~._.js
2026-04-07 00:33:57.7050|INFO|Incoming request GET /_next/static/chunks/node_modules_next_dist_client_components_builtin_global-error_002ye8~.js GET /_next/static/chunks/node_modules_next_dist_client_components_builtin_global-error_002ye8~.js
2026-04-07 00:33:57.7240|INFO|Incoming request GET /_next/static/chunks/%5Bturbopack%5D_browser_dev_hmr-client_hmr-client_ts_0yjw1oe._.js GET /_next/static/chunks/%5Bturbopack%5D_browser_dev_hmr-client_hmr-client_ts_0yjw1oe._.js
2026-04-07 00:33:57.7260|INFO|Incoming request GET /_next/static/chunks/%5Bturbopack%5D_browser_dev_hmr-client_hmr-client_ts_10mygs7._.js GET /_next/static/chunks/%5Bturbopack%5D_browser_dev_hmr-client_hmr-client_ts_10mygs7._.js
2026-04-07 00:33:58.0450|INFO|Incoming request GET / GET /
2026-04-07 00:33:58.2000|INFO|Incoming request GET /_next/static/chunks/%5Broot-of-the-server%5D__02nfq85._.css GET /_next/static/chunks/%5Broot-of-the-server%5D__02nfq85._.css
2026-04-07 00:33:58.2060|INFO|Incoming request GET /next.svg GET /next.svg
2026-04-07 00:33:58.2080|INFO|Incoming request GET /_next/static/chunks/%5Bturbopack%5D_browser_dev_hmr-client_hmr-client_ts_10z625~._.js GET /_next/static/chunks/%5Bturbopack%5D_browser_dev_hmr-client_hmr-client_ts_10z625~._.js
2026-04-07 00:33:58.2130|INFO|Incoming request GET /_next/static/chunks/node_modules_next_dist_compiled_next-devtools_index_0553esy.js GET /_next/static/chunks/node_modules_next_dist_compiled_next-devtools_index_0553esy.js
2026-04-07 00:33:58.2170|INFO|Incoming request GET /_next/static/chunks/node_modules_next_dist_compiled_react-dom_058-ah~._.js GET /_next/static/chunks/node_modules_next_dist_compiled_react-dom_058-ah~._.js
2026-04-07 00:33:58.2970|INFO|Incoming request GET /_next/static/chunks/node_modules_next_dist_compiled_react-server-dom-turbopack_0p3wegg._.js GET /_next/static/chunks/node_modules_next_dist_compiled_react-server-dom-turbopack_0p3wegg._.js
2026-04-07 00:33:58.3060|INFO|Incoming request GET /_next/static/chunks/node_modules_next_dist_compiled_0rpq4pf._.js GET /_next/static/chunks/node_modules_next_dist_compiled_0rpq4pf._.js
2026-04-07 00:33:58.3130|INFO|Incoming request GET /_next/static/chunks/node_modules_next_dist_client_0fhqo1d._.js GET /_next/static/chunks/node_modules_next_dist_client_0fhqo1d._.js
2026-04-07 00:33:58.3150|INFO|Incoming request GET /vercel.svg GET /vercel.svg
2026-04-07 00:33:58.3230|INFO|Incoming request GET /_next/static/chunks/node_modules_next_dist_115brz8._.js GET /_next/static/chunks/node_modules_next_dist_115brz8._.js
2026-04-07 00:33:58.3940|INFO|Incoming request GET /_next/static/chunks/node_modules_%40swc_helpers_cjs_0-4ujiy._.js GET /_next/static/chunks/node_modules_%40swc_helpers_cjs_0-4ujiy._.js
2026-04-07 00:33:58.4150|INFO|Incoming request GET /_next/static/chunks/_0rqeker._.js GET /_next/static/chunks/_0rqeker._.js
2026-04-07 00:33:58.4300|INFO|Incoming request GET /_next/static/chunks/turbopack-_0p44nws._.js GET /_next/static/chunks/turbopack-_0p44nws._.js
2026-04-07 00:33:58.4360|INFO|Incoming request GET /_next/static/chunks/node_modules_next_dist_0tt2wve._.js GET /_next/static/chunks/node_modules_next_dist_0tt2wve._.js
2026-04-07 00:33:58.4380|INFO|Incoming request GET /_next/static/chunks/src_app_layout_tsx_004glpo._.js GET /_next/static/chunks/src_app_layout_tsx_004glpo._.js
2026-04-07 00:33:58.4470|INFO|Incoming request GET /_next/static/chunks/node_modules_next_dist_07p5au~._.js GET /_next/static/chunks/node_modules_next_dist_07p5au~._.js
2026-04-07 00:33:58.5390|INFO|Incoming request GET /_next/static/chunks/src_app_page_tsx_002ye8~._.js GET /_next/static/chunks/src_app_page_tsx_002ye8~._.js
2026-04-07 00:33:58.5460|INFO|Incoming request GET /_next/static/chunks/node_modules_next_dist_client_components_builtin_global-error_002ye8~.js GET /_next/static/chunks/node_modules_next_dist_client_components_builtin_global-error_002ye8~.js
2026-04-07 00:33:58.5960|INFO|Incoming request GET /_next/static/chunks/%5Bturbopack%5D_browser_dev_hmr-client_hmr-client_ts_0yjw1oe._.js GET /_next/static/chunks/%5Bturbopack%5D_browser_dev_hmr-client_hmr-client_ts_0yjw1oe._.js
2026-04-07 00:33:58.6180|INFO|Incoming request GET /_next/static/chunks/%5Bturbopack%5D_browser_dev_hmr-client_hmr-client_ts_10mygs7._.js GET /_next/static/chunks/%5Bturbopack%5D_browser_dev_hmr-client_hmr-client_ts_10mygs7._.js
2026-04-07 00:33:58.6310|INFO|Incoming request GET / GET /
2026-04-07 00:33:58.9110|INFO|Incoming request GET /next.svg GET /next.svg
2026-04-07 00:33:58.9420|INFO|Incoming request GET /_next/static/chunks/%5Broot-of-the-server%5D__02nfq85._.css GET /_next/static/chunks/%5Broot-of-the-server%5D__02nfq85._.css
2026-04-07 00:33:58.9450|INFO|Incoming request GET /_next/static/chunks/%5Bturbopack%5D_browser_dev_hmr-client_hmr-client_ts_10z625~._.js GET /_next/static/chunks/%5Bturbopack%5D_browser_dev_hmr-client_hmr-client_ts_10z625~._.js
2026-04-07 00:33:58.9580|INFO|Incoming request GET /_next/static/chunks/node_modules_next_dist_compiled_next-devtools_index_0553esy.js GET /_next/static/chunks/node_modules_next_dist_compiled_next-devtools_index_0553esy.js
2026-04-07 00:33:58.9620|INFO|Incoming request GET /_next/static/chunks/node_modules_next_dist_compiled_react-dom_058-ah~._.js GET /_next/static/chunks/node_modules_next_dist_compiled_react-dom_058-ah~._.js
2026-04-07 00:33:59.0110|INFO|Incoming request GET / GET /
2026-04-07 00:33:59.0130|INFO|Incoming request GET /_next/static/chunks/node_modules_next_dist_compiled_react-server-dom-turbopack_0p3wegg._.js GET /_next/static/chunks/node_modules_next_dist_compiled_react-server-dom-turbopack_0p3wegg._.js
2026-04-07 00:33:59.0150|INFO|Incoming request GET /_next/static/chunks/node_modules_next_dist_compiled_0rpq4pf._.js GET /_next/static/chunks/node_modules_next_dist_compiled_0rpq4pf._.js
2026-04-07 00:33:59.0220|INFO|Incoming request GET /_next/static/chunks/node_modules_next_dist_client_0fhqo1d._.js GET /_next/static/chunks/node_modules_next_dist_client_0fhqo1d._.js
2026-04-07 00:33:59.0250|INFO|Incoming request GET /_next/static/chunks/node_modules_next_dist_115brz8._.js GET /_next/static/chunks/node_modules_next_dist_115brz8._.js
2026-04-07 00:33:59.1860|INFO|Incoming request GET /vercel.svg GET /vercel.svg
2026-04-07 00:33:59.1920|INFO|Incoming request GET /_next/static/chunks/node_modules_%40swc_helpers_cjs_0-4ujiy._.js GET /_next/static/chunks/node_modules_%40swc_helpers_cjs_0-4ujiy._.js
2026-04-07 00:33:59.2150|INFO|Incoming request GET /_next/static/chunks/_0rqeker._.js GET /_next/static/chunks/_0rqeker._.js
2026-04-07 00:33:59.2160|INFO|Incoming request GET /_next/static/chunks/turbopack-_0p44nws._.js GET /_next/static/chunks/turbopack-_0p44nws._.js
2026-04-07 00:33:59.2210|INFO|Incoming request GET /_next/static/chunks/node_modules_next_dist_0tt2wve._.js GET /_next/static/chunks/node_modules_next_dist_0tt2wve._.js
2026-04-07 00:33:59.2390|INFO|Incoming request GET /next.svg GET /next.svg
2026-04-07 00:33:59.2410|INFO|Incoming request GET / GET /
2026-04-07 00:33:59.2460|INFO|Incoming request GET /_next/static/chunks/%5Broot-of-the-server%5D__02nfq85._.css GET /_next/static/chunks/%5Broot-of-the-server%5D__02nfq85._.css
2026-04-07 00:33:59.2470|INFO|Incoming request GET /_next/static/chunks/%5Bturbopack%5D_browser_dev_hmr-client_hmr-client_ts_10z625~._.js GET /_next/static/chunks/%5Bturbopack%5D_browser_dev_hmr-client_hmr-client_ts_10z625~._.js
2026-04-07 00:33:59.2490|INFO|Incoming request GET /_next/static/chunks/node_modules_next_dist_compiled_next-devtools_index_0553esy.js GET /_next/static/chunks/node_modules_next_dist_compiled_next-devtools_index_0553esy.js
2026-04-07 00:33:59.3750|INFO|Incoming request GET /_next/static/chunks/node_modules_next_dist_compiled_react-dom_058-ah~._.js GET /_next/static/chunks/node_modules_next_dist_compiled_react-dom_058-ah~._.js
2026-04-07 00:33:59.4240|INFO|Incoming request GET /_next/static/chunks/node_modules_next_dist_compiled_react-server-dom-turbopack_0p3wegg._.js GET /_next/static/chunks/node_modules_next_dist_compiled_react-server-dom-turbopack_0p3wegg._.js
2026-04-07 00:33:59.4260|INFO|Incoming request GET /_next/static/chunks/node_modules_next_dist_compiled_0rpq4pf._.js GET /_next/static/chunks/node_modules_next_dist_compiled_0rpq4pf._.js
2026-04-07 00:33:59.4540|INFO|Incoming request GET /_next/static/chunks/node_modules_next_dist_client_0fhqo1d._.js GET /_next/static/chunks/node_modules_next_dist_client_0fhqo1d._.js
2026-04-07 00:33:59.4980|INFO|Incoming request GET /_next/static/chunks/node_modules_%40swc_helpers_cjs_0-4ujiy._.js GET /_next/static/chunks/node_modules_%40swc_helpers_cjs_0-4ujiy._.js
2026-04-07 00:33:59.5030|INFO|Incoming request GET /_next/static/chunks/node_modules_next_dist_115brz8._.js GET /_next/static/chunks/node_modules_next_dist_115brz8._.js
2026-04-07 00:33:59.5060|INFO|Incoming request GET /next.svg GET /next.svg
2026-04-07 00:33:59.5080|INFO|Incoming request GET / GET /
2026-04-07 00:33:59.5160|INFO|Incoming request GET /_next/static/chunks/%5Broot-of-the-server%5D__02nfq85._.css GET /_next/static/chunks/%5Broot-of-the-server%5D__02nfq85._.css
2026-04-07 00:33:59.5200|INFO|Incoming request GET /_next/static/chunks/node_modules_next_dist_compiled_react-dom_058-ah~._.js GET /_next/static/chunks/node_modules_next_dist_compiled_react-dom_058-ah~._.js
2026-04-07 00:33:59.5220|INFO|Incoming request GET /_next/static/chunks/%5Bturbopack%5D_browser_dev_hmr-client_hmr-client_ts_10z625~._.js GET /_next/static/chunks/%5Bturbopack%5D_browser_dev_hmr-client_hmr-client_ts_10z625~._.js
2026-04-07 00:33:59.9280|INFO|Incoming request GET /_next/static/chunks/node_modules_next_dist_compiled_react-server-dom-turbopack_0p3wegg._.js GET /_next/static/chunks/node_modules_next_dist_compiled_react-server-dom-turbopack_0p3wegg._.js
2026-04-07 00:33:59.9440|INFO|Incoming request GET /_next/static/chunks/node_modules_next_dist_compiled_next-devtools_index_0553esy.js GET /_next/static/chunks/node_modules_next_dist_compiled_next-devtools_index_0553esy.js
2026-04-07 00:33:59.9460|INFO|Incoming request GET /_next/static/chunks/node_modules_next_dist_compiled_0rpq4pf._.js GET /_next/static/chunks/node_modules_next_dist_compiled_0rpq4pf._.js
2026-04-07 00:33:59.9640|INFO|Incoming request GET /_next/static/chunks/node_modules_next_dist_client_0fhqo1d._.js GET /_next/static/chunks/node_modules_next_dist_client_0fhqo1d._.js
2026-04-07 00:33:59.9680|INFO|Incoming request GET /next.svg GET /next.svg
2026-04-07 00:33:59.9760|INFO|Incoming request GET /_next/static/chunks/%5Broot-of-the-server%5D__02nfq85._.css GET /_next/static/chunks/%5Broot-of-the-server%5D__02nfq85._.css
2026-04-07 00:33:59.9780|INFO|Incoming request GET /_next/static/chunks/node_modules_next_dist_compiled_next-devtools_index_0553esy.js GET /_next/static/chunks/node_modules_next_dist_compiled_next-devtools_index_0553esy.js
2026-04-07 00:33:59.9830|INFO|Incoming request GET /_next/static/chunks/node_modules_next_dist_compiled_react-dom_058-ah~._.js GET /_next/static/chunks/node_modules_next_dist_compiled_react-dom_058-ah~._.js
2026-04-07 00:34:00.0530|INFO|Incoming request GET /_next/static/chunks/node_modules_next_dist_compiled_react-server-dom-turbopack_0p3wegg._.js GET /_next/static/chunks/node_modules_next_dist_compiled_react-server-dom-turbopack_0p3wegg._.js
2026-04-07 00:34:00.0560|INFO|Incoming request GET /_next/static/chunks/%5Bturbopack%5D_browser_dev_hmr-client_hmr-client_ts_10z625~._.js GET /_next/static/chunks/%5Bturbopack%5D_browser_dev_hmr-client_hmr-client_ts_10z625~._.js
2026-04-07 00:34:00.0640|INFO|Incoming request GET /_next/static/chunks/node_modules_next_dist_compiled_0rpq4pf._.js GET /_next/static/chunks/node_modules_next_dist_compiled_0rpq4pf._.js
2026-04-07 00:34:00.1270|INFO|Incoming request GET / GET /
2026-04-07 00:34:00.1460|INFO|Incoming request GET /_next/static/chunks/node_modules_next_dist_client_0fhqo1d._.js GET /_next/static/chunks/node_modules_next_dist_client_0fhqo1d._.js
2026-04-07 00:34:00.2630|INFO|Incoming request GET /_next/static/chunks/node_modules_next_dist_115brz8._.js GET /_next/static/chunks/node_modules_next_dist_115brz8._.js
2026-04-07 00:34:00.3070|INFO|Incoming request GET /_next/static/chunks/node_modules_%40swc_helpers_cjs_0-4ujiy._.js GET /_next/static/chunks/node_modules_%40swc_helpers_cjs_0-4ujiy._.js
2026-04-07 00:34:00.3720|INFO|Incoming request GET /_next/static/chunks/_0rqeker._.js GET /_next/static/chunks/_0rqeker._.js
2026-04-07 00:34:00.3740|INFO|Incoming request GET /next.svg GET /next.svg
2026-04-07 00:34:00.3810|INFO|Incoming request GET /_next/static/chunks/%5Broot-of-the-server%5D__02nfq85._.css GET /_next/static/chunks/%5Broot-of-the-server%5D__02nfq85._.css
2026-04-07 00:34:00.3840|INFO|Incoming request GET /_next/static/chunks/node_modules_next_dist_compiled_next-devtools_index_0553esy.js GET /_next/static/chunks/node_modules_next_dist_compiled_next-devtools_index_0553esy.js
2026-04-07 00:34:00.3870|INFO|Incoming request GET /_next/static/chunks/node_modules_next_dist_compiled_react-dom_058-ah~._.js GET /_next/static/chunks/node_modules_next_dist_compiled_react-dom_058-ah~._.js
2026-04-07 00:34:00.3890|INFO|Incoming request GET /_next/static/chunks/%5Bturbopack%5D_browser_dev_hmr-client_hmr-client_ts_10z625~._.js GET /_next/static/chunks/%5Bturbopack%5D_browser_dev_hmr-client_hmr-client_ts_10z625~._.js
2026-04-07 00:34:00.4380|INFO|Incoming request GET /_next/static/chunks/node_modules_next_dist_compiled_react-server-dom-turbopack_0p3wegg._.js GET /_next/static/chunks/node_modules_next_dist_compiled_react-server-dom-turbopack_0p3wegg._.js
2026-04-07 00:34:00.4460|INFO|Incoming request GET /_next/static/chunks/node_modules_next_dist_compiled_0rpq4pf._.js GET /_next/static/chunks/node_modules_next_dist_compiled_0rpq4pf._.js
2026-04-07 00:34:00.4650|INFO|Incoming request GET /_next/static/chunks/node_modules_next_dist_client_0fhqo1d._.js GET /_next/static/chunks/node_modules_next_dist_client_0fhqo1d._.js
2026-04-07 00:34:00.5560|INFO|Incoming request GET /_next/static/chunks/node_modules_next_dist_115brz8._.js GET /_next/static/chunks/node_modules_next_dist_115brz8._.js
2026-04-07 00:34:00.5590|INFO|Incoming request GET /_next/static/chunks/node_modules_%40swc_helpers_cjs_0-4ujiy._.js GET /_next/static/chunks/node_modules_%40swc_helpers_cjs_0-4ujiy._.js
2026-04-07 00:34:00.5610|INFO|Incoming request GET /_next/static/chunks/_0rqeker._.js GET /_next/static/chunks/_0rqeker._.js
2026-04-07 00:34:00.6420|INFO|Incoming request GET / GET /
2026-04-07 00:34:00.6790|INFO|Incoming request GET /_next/static/chunks/turbopack-_0p44nws._.js GET /_next/static/chunks/turbopack-_0p44nws._.js
2026-04-07 00:34:00.8870|INFO|Incoming request GET /_next/static/chunks/node_modules_next_dist_0tt2wve._.js GET /_next/static/chunks/node_modules_next_dist_0tt2wve._.js
2026-04-07 00:34:00.9740|INFO|Incoming request GET /_next/static/chunks/src_app_layout_tsx_004glpo._.js GET /_next/static/chunks/src_app_layout_tsx_004glpo._.js
2026-04-07 00:34:00.9980|INFO|Incoming request GET /_next/static/chunks/node_modules_next_dist_07p5au~._.js GET /_next/static/chunks/node_modules_next_dist_07p5au~._.js
2026-04-07 00:34:01.0110|INFO|Incoming request GET / GET /
2026-04-07 00:34:01.0140|INFO|Incoming request GET /next.svg GET /next.svg
2026-04-07 00:34:01.0230|INFO|Incoming request GET /_next/static/chunks/%5Broot-of-the-server%5D__02nfq85._.css GET /_next/static/chunks/%5Broot-of-the-server%5D__02nfq85._.css
2026-04-07 00:34:01.0250|INFO|Incoming request GET /_next/static/chunks/%5Bturbopack%5D_browser_dev_hmr-client_hmr-client_ts_10z625~._.js GET /_next/static/chunks/%5Bturbopack%5D_browser_dev_hmr-client_hmr-client_ts_10z625~._.js
2026-04-07 00:34:01.0320|INFO|Incoming request GET /_next/static/chunks/node_modules_next_dist_compiled_next-devtools_index_0553esy.js GET /_next/static/chunks/node_modules_next_dist_compiled_next-devtools_index_0553esy.js
2026-04-07 00:34:01.2080|INFO|Incoming request GET /_next/static/chunks/node_modules_next_dist_compiled_react-dom_058-ah~._.js GET /_next/static/chunks/node_modules_next_dist_compiled_react-dom_058-ah~._.js
2026-04-07 00:34:01.3250|INFO|Incoming request GET /_next/static/chunks/node_modules_next_dist_compiled_react-server-dom-turbopack_0p3wegg._.js GET /_next/static/chunks/node_modules_next_dist_compiled_react-server-dom-turbopack_0p3wegg._.js
2026-04-07 00:34:01.3280|INFO|Incoming request GET /_next/static/chunks/node_modules_next_dist_compiled_0rpq4pf._.js GET /_next/static/chunks/node_modules_next_dist_compiled_0rpq4pf._.js
2026-04-07 00:34:01.3480|INFO|Incoming request GET /_next/static/chunks/node_modules_next_dist_client_0fhqo1d._.js GET /_next/static/chunks/node_modules_next_dist_client_0fhqo1d._.js
2026-04-07 00:34:01.3590|INFO|Incoming request GET /_next/static/chunks/node_modules_next_dist_115brz8._.js GET /_next/static/chunks/node_modules_next_dist_115brz8._.js
2026-04-07 00:34:01.3600|INFO|Incoming request GET /_next/static/chunks/node_modules_%40swc_helpers_cjs_0-4ujiy._.js GET /_next/static/chunks/node_modules_%40swc_helpers_cjs_0-4ujiy._.js
2026-04-07 00:34:01.3620|INFO|Incoming request GET /next.svg GET /next.svg
2026-04-07 00:34:01.3730|INFO|Incoming request GET /_next/static/chunks/%5Broot-of-the-server%5D__02nfq85._.css GET /_next/static/chunks/%5Broot-of-the-server%5D__02nfq85._.css
2026-04-07 00:34:01.3750|INFO|Incoming request GET /_next/static/chunks/node_modules_next_dist_compiled_react-dom_058-ah~._.js GET /_next/static/chunks/node_modules_next_dist_compiled_react-dom_058-ah~._.js
2026-04-07 00:34:01.3780|INFO|Incoming request GET /_next/static/chunks/node_modules_next_dist_compiled_react-server-dom-turbopack_0p3wegg._.js GET /_next/static/chunks/node_modules_next_dist_compiled_react-server-dom-turbopack_0p3wegg._.js
2026-04-07 00:34:01.3930|INFO|Incoming request GET /_next/static/chunks/%5Bturbopack%5D_browser_dev_hmr-client_hmr-client_ts_10z625~._.js GET /_next/static/chunks/%5Bturbopack%5D_browser_dev_hmr-client_hmr-client_ts_10z625~._.js
2026-04-07 00:34:01.4560|INFO|Incoming request GET / GET /
2026-04-07 00:34:01.4730|INFO|Incoming request GET /_next/static/chunks/node_modules_next_dist_compiled_next-devtools_index_0553esy.js GET /_next/static/chunks/node_modules_next_dist_compiled_next-devtools_index_0553esy.js
2026-04-07 00:34:01.5440|INFO|Incoming request GET /_next/static/chunks/node_modules_next_dist_compiled_0rpq4pf._.js GET /_next/static/chunks/node_modules_next_dist_compiled_0rpq4pf._.js
2026-04-07 00:34:01.6360|INFO|Incoming request GET /_next/static/chunks/node_modules_next_dist_client_0fhqo1d._.js GET /_next/static/chunks/node_modules_next_dist_client_0fhqo1d._.js
2026-04-07 00:34:01.6740|INFO|Incoming request GET /_next/static/chunks/node_modules_next_dist_115brz8._.js GET /_next/static/chunks/node_modules_next_dist_115brz8._.js
2026-04-07 00:34:01.6880|INFO|Incoming request GET /_next/static/chunks/node_modules_%40swc_helpers_cjs_0-4ujiy._.js GET /_next/static/chunks/node_modules_%40swc_helpers_cjs_0-4ujiy._.js
2026-04-07 00:34:01.6910|INFO|Incoming request GET /_next/static/chunks/_0rqeker._.js GET /_next/static/chunks/_0rqeker._.js
2026-04-07 00:34:01.6920|INFO|Incoming request GET /next.svg GET /next.svg
2026-04-07 00:34:01.7010|INFO|Incoming request GET /_next/static/chunks/%5Broot-of-the-server%5D__02nfq85._.css GET /_next/static/chunks/%5Broot-of-the-server%5D__02nfq85._.css
2026-04-07 00:34:01.7030|INFO|Incoming request GET /_next/static/chunks/node_modules_next_dist_compiled_react-dom_058-ah~._.js GET /_next/static/chunks/node_modules_next_dist_compiled_react-dom_058-ah~._.js
2026-04-07 00:34:01.7040|INFO|Incoming request GET /_next/static/chunks/%5Bturbopack%5D_browser_dev_hmr-client_hmr-client_ts_10z625~._.js GET /_next/static/chunks/%5Bturbopack%5D_browser_dev_hmr-client_hmr-client_ts_10z625~._.js
2026-04-07 00:34:01.7060|INFO|Incoming request GET /_next/static/chunks/node_modules_next_dist_compiled_next-devtools_index_0553esy.js GET /_next/static/chunks/node_modules_next_dist_compiled_next-devtools_index_0553esy.js
2026-04-07 00:34:01.7420|INFO|Incoming request GET /_next/static/chunks/node_modules_next_dist_compiled_react-server-dom-turbopack_0p3wegg._.js GET /_next/static/chunks/node_modules_next_dist_compiled_react-server-dom-turbopack_0p3wegg._.js
2026-04-07 00:34:01.7530|INFO|Incoming request GET /_next/static/chunks/node_modules_next_dist_compiled_0rpq4pf._.js GET /_next/static/chunks/node_modules_next_dist_compiled_0rpq4pf._.js
2026-04-07 00:34:01.7630|INFO|Incoming request GET /_next/static/chunks/node_modules_next_dist_client_0fhqo1d._.js GET /_next/static/chunks/node_modules_next_dist_client_0fhqo1d._.js
2026-04-07 00:34:01.7650|INFO|Incoming request GET /_next/static/chunks/node_modules_next_dist_115brz8._.js GET /_next/static/chunks/node_modules_next_dist_115brz8._.js
2026-04-07 00:34:01.7880|INFO|Incoming request GET /_next/static/chunks/node_modules_%40swc_helpers_cjs_0-4ujiy._.js GET /_next/static/chunks/node_modules_%40swc_helpers_cjs_0-4ujiy._.js
2026-04-07 00:34:01.8150|INFO|Incoming request GET /_next/static/chunks/_0rqeker._.js GET /_next/static/chunks/_0rqeker._.js
2026-04-07 00:34:01.8650|INFO|Incoming request GET /_next/static/chunks/turbopack-_0p44nws._.js GET /_next/static/chunks/turbopack-_0p44nws._.js
2026-04-07 00:34:01.8960|INFO|Incoming request GET /_next/static/chunks/node_modules_next_dist_0tt2wve._.js GET /_next/static/chunks/node_modules_next_dist_0tt2wve._.js
2026-04-07 00:34:01.9010|INFO|Incoming request GET /_next/static/chunks/src_app_layout_tsx_004glpo._.js GET /_next/static/chunks/src_app_layout_tsx_004glpo._.js
2026-04-07 00:34:01.9040|INFO|Incoming request GET /_next/static/chunks/node_modules_next_dist_07p5au~._.js GET /_next/static/chunks/node_modules_next_dist_07p5au~._.js
2026-04-07 00:34:01.9620|INFO|Incoming request GET /_next/static/chunks/src_app_page_tsx_002ye8~._.js GET /_next/static/chunks/src_app_page_tsx_002ye8~._.js
2026-04-07 00:34:01.9940|INFO|Incoming request GET /_next/static/chunks/node_modules_next_dist_client_components_builtin_global-error_002ye8~.js GET /_next/static/chunks/node_modules_next_dist_client_components_builtin_global-error_002ye8~.js
2026-04-07 00:34:02.0420|INFO|Incoming request GET /vercel.svg GET /vercel.svg
2026-04-07 00:34:02.0650|INFO|Incoming request GET /_next/static/chunks/%5Bturbopack%5D_browser_dev_hmr-client_hmr-client_ts_0yjw1oe._.js GET /_next/static/chunks/%5Bturbopack%5D_browser_dev_hmr-client_hmr-client_ts_0yjw1oe._.js
2026-04-07 00:34:02.0720|INFO|Incoming request GET /_next/static/chunks/%5Bturbopack%5D_browser_dev_hmr-client_hmr-client_ts_10mygs7._.js GET /_next/static/chunks/%5Bturbopack%5D_browser_dev_hmr-client_hmr-client_ts_10mygs7._.js
2026-04-07 00:34:02.9440|INFO|Incoming request GET / GET /
2026-04-07 00:34:03.1680|INFO|Incoming request GET / GET /
2026-04-07 00:34:03.1810|INFO|Incoming request GET /next.svg GET /next.svg
2026-04-07 00:34:03.1930|INFO|Incoming request GET /_next/static/chunks/%5Broot-of-the-server%5D__02nfq85._.css GET /_next/static/chunks/%5Broot-of-the-server%5D__02nfq85._.css
2026-04-07 00:34:03.1960|INFO|Incoming request GET /_next/static/chunks/%5Bturbopack%5D_browser_dev_hmr-client_hmr-client_ts_10z625~._.js GET /_next/static/chunks/%5Bturbopack%5D_browser_dev_hmr-client_hmr-client_ts_10z625~._.js
2026-04-07 00:34:03.2020|INFO|Incoming request GET /_next/static/chunks/node_modules_next_dist_compiled_next-devtools_index_0553esy.js GET /_next/static/chunks/node_modules_next_dist_compiled_next-devtools_index_0553esy.js
2026-04-07 00:34:03.3910|INFO|Incoming request GET /_next/static/chunks/node_modules_next_dist_compiled_react-dom_058-ah~._.js GET /_next/static/chunks/node_modules_next_dist_compiled_react-dom_058-ah~._.js
2026-04-07 00:34:03.4230|INFO|Incoming request GET /_next/static/chunks/node_modules_next_dist_compiled_react-server-dom-turbopack_0p3wegg._.js GET /_next/static/chunks/node_modules_next_dist_compiled_react-server-dom-turbopack_0p3wegg._.js
2026-04-07 00:34:03.4250|INFO|Incoming request GET /_next/static/chunks/node_modules_next_dist_compiled_0rpq4pf._.js GET /_next/static/chunks/node_modules_next_dist_compiled_0rpq4pf._.js
2026-04-07 00:34:03.4540|INFO|Incoming request GET /vercel.svg GET /vercel.svg
2026-04-07 00:34:03.4770|INFO|Incoming request GET /_next/static/chunks/node_modules_next_dist_115brz8._.js GET /_next/static/chunks/node_modules_next_dist_115brz8._.js
2026-04-07 00:34:03.4910|INFO|Incoming request GET /next.svg GET /next.svg
2026-04-07 00:34:03.4960|INFO|Incoming request GET /_next/static/chunks/node_modules_next_dist_compiled_react-dom_058-ah~._.js GET /_next/static/chunks/node_modules_next_dist_compiled_react-dom_058-ah~._.js
2026-04-07 00:34:03.5030|INFO|Incoming request GET /_next/static/chunks/%5Broot-of-the-server%5D__02nfq85._.css GET /_next/static/chunks/%5Broot-of-the-server%5D__02nfq85._.css
2026-04-07 00:34:03.5070|INFO|Incoming request GET /_next/static/chunks/node_modules_next_dist_compiled_react-server-dom-turbopack_0p3wegg._.js GET /_next/static/chunks/node_modules_next_dist_compiled_react-server-dom-turbopack_0p3wegg._.js
2026-04-07 00:34:03.5110|INFO|Incoming request GET /_next/static/chunks/%5Bturbopack%5D_browser_dev_hmr-client_hmr-client_ts_10z625~._.js GET /_next/static/chunks/%5Bturbopack%5D_browser_dev_hmr-client_hmr-client_ts_10z625~._.js
2026-04-07 00:34:03.5620|INFO|Incoming request GET / GET /
2026-04-07 00:34:03.5820|INFO|Incoming request GET /_next/static/chunks/node_modules_next_dist_compiled_next-devtools_index_0553esy.js GET /_next/static/chunks/node_modules_next_dist_compiled_next-devtools_index_0553esy.js
2026-04-07 00:34:03.5850|INFO|Incoming request GET /_next/static/chunks/node_modules_next_dist_compiled_0rpq4pf._.js GET /_next/static/chunks/node_modules_next_dist_compiled_0rpq4pf._.js
2026-04-07 00:34:03.7740|INFO|Incoming request GET /_next/static/chunks/node_modules_next_dist_client_0fhqo1d._.js GET /_next/static/chunks/node_modules_next_dist_client_0fhqo1d._.js
2026-04-07 00:34:03.8020|INFO|Incoming request GET /_next/static/chunks/node_modules_next_dist_115brz8._.js GET /_next/static/chunks/node_modules_next_dist_115brz8._.js
2026-04-07 00:34:03.8050|INFO|Incoming request GET /_next/static/chunks/node_modules_%40swc_helpers_cjs_0-4ujiy._.js GET /_next/static/chunks/node_modules_%40swc_helpers_cjs_0-4ujiy._.js
2026-04-07 00:34:03.8310|INFO|Incoming request GET /_next/static/chunks/_0rqeker._.js GET /_next/static/chunks/_0rqeker._.js
2026-04-07 00:34:03.8380|INFO|Incoming request GET /next.svg GET /next.svg
2026-04-07 00:34:03.8490|INFO|Incoming request GET /_next/static/chunks/%5Broot-of-the-server%5D__02nfq85._.css GET /_next/static/chunks/%5Broot-of-the-server%5D__02nfq85._.css
2026-04-07 00:34:03.8520|INFO|Incoming request GET /_next/static/chunks/node_modules_next_dist_compiled_react-dom_058-ah~._.js GET /_next/static/chunks/node_modules_next_dist_compiled_react-dom_058-ah~._.js
2026-04-07 00:34:03.8550|INFO|Incoming request GET /_next/static/chunks/%5Bturbopack%5D_browser_dev_hmr-client_hmr-client_ts_10z625~._.js GET /_next/static/chunks/%5Bturbopack%5D_browser_dev_hmr-client_hmr-client_ts_10z625~._.js
2026-04-07 00:34:03.8570|INFO|Incoming request GET /_next/static/chunks/node_modules_next_dist_compiled_next-devtools_index_0553esy.js GET /_next/static/chunks/node_modules_next_dist_compiled_next-devtools_index_0553esy.js
2026-04-07 00:34:03.9220|INFO|Incoming request GET /_next/static/chunks/node_modules_next_dist_compiled_react-server-dom-turbopack_0p3wegg._.js GET /_next/static/chunks/node_modules_next_dist_compiled_react-server-dom-turbopack_0p3wegg._.js
2026-04-07 00:34:03.9320|INFO|Incoming request GET /_next/static/chunks/node_modules_next_dist_compiled_0rpq4pf._.js GET /_next/static/chunks/node_modules_next_dist_compiled_0rpq4pf._.js
2026-04-07 00:34:03.9370|INFO|Incoming request GET /_next/static/chunks/node_modules_next_dist_client_0fhqo1d._.js GET /_next/static/chunks/node_modules_next_dist_client_0fhqo1d._.js
2026-04-07 00:34:03.9450|INFO|Incoming request GET /_next/static/chunks/node_modules_next_dist_115brz8._.js GET /_next/static/chunks/node_modules_next_dist_115brz8._.js
2026-04-07 00:34:03.9810|INFO|Incoming request GET / GET /
2026-04-07 00:34:04.0090|INFO|Incoming request GET /_next/static/chunks/node_modules_%40swc_helpers_cjs_0-4ujiy._.js GET /_next/static/chunks/node_modules_%40swc_helpers_cjs_0-4ujiy._.js
2026-04-07 00:34:04.1740|INFO|Incoming request GET /_next/static/chunks/_0rqeker._.js GET /_next/static/chunks/_0rqeker._.js
2026-04-07 00:34:04.2560|INFO|Incoming request GET /_next/static/chunks/turbopack-_0p44nws._.js GET /_next/static/chunks/turbopack-_0p44nws._.js
2026-04-07 00:34:04.2830|INFO|Incoming request GET /_next/static/chunks/src_app_layout_tsx_004glpo._.js GET /_next/static/chunks/src_app_layout_tsx_004glpo._.js
2026-04-07 00:34:04.2890|INFO|Incoming request GET /_next/static/chunks/node_modules_next_dist_07p5au~._.js GET /_next/static/chunks/node_modules_next_dist_07p5au~._.js
2026-04-07 00:34:04.2920|INFO|Incoming request GET /_next/static/chunks/src_app_page_tsx_002ye8~._.js GET /_next/static/chunks/src_app_page_tsx_002ye8~._.js
2026-04-07 00:34:04.2940|INFO|Incoming request GET /_next/static/chunks/%5Broot-of-the-server%5D__02nfq85._.css GET /_next/static/chunks/%5Broot-of-the-server%5D__02nfq85._.css
2026-04-07 00:34:04.2960|INFO|Incoming request GET /next.svg GET /next.svg
2026-04-07 00:34:04.2970|INFO|Incoming request GET /_next/static/chunks/%5Bturbopack%5D_browser_dev_hmr-client_hmr-client_ts_10z625~._.js GET /_next/static/chunks/%5Bturbopack%5D_browser_dev_hmr-client_hmr-client_ts_10z625~._.js
2026-04-07 00:34:04.3050|INFO|Incoming request GET /_next/static/chunks/node_modules_next_dist_compiled_next-devtools_index_0553esy.js GET /_next/static/chunks/node_modules_next_dist_compiled_next-devtools_index_0553esy.js
2026-04-07 00:34:04.3250|INFO|Incoming request GET /_next/static/chunks/node_modules_next_dist_compiled_react-dom_058-ah~._.js GET /_next/static/chunks/node_modules_next_dist_compiled_react-dom_058-ah~._.js
2026-04-07 00:34:04.3730|INFO|Incoming request GET / GET /
2026-04-07 00:34:04.3750|INFO|Incoming request GET /_next/static/chunks/node_modules_next_dist_compiled_react-server-dom-turbopack_0p3wegg._.js GET /_next/static/chunks/node_modules_next_dist_compiled_react-server-dom-turbopack_0p3wegg._.js
2026-04-07 00:34:04.3820|INFO|Incoming request GET /_next/static/chunks/node_modules_next_dist_client_0fhqo1d._.js GET /_next/static/chunks/node_modules_next_dist_client_0fhqo1d._.js
2026-04-07 00:34:04.3850|INFO|Incoming request GET /_next/static/chunks/node_modules_next_dist_compiled_0rpq4pf._.js GET /_next/static/chunks/node_modules_next_dist_compiled_0rpq4pf._.js
2026-04-07 00:34:04.5810|INFO|Incoming request GET /_next/static/chunks/node_modules_next_dist_115brz8._.js GET /_next/static/chunks/node_modules_next_dist_115brz8._.js
2026-04-07 00:34:04.5970|INFO|Incoming request GET /_next/static/chunks/node_modules_%40swc_helpers_cjs_0-4ujiy._.js GET /_next/static/chunks/node_modules_%40swc_helpers_cjs_0-4ujiy._.js
2026-04-07 00:34:04.6040|INFO|Incoming request GET /_next/static/chunks/_0rqeker._.js GET /_next/static/chunks/_0rqeker._.js
2026-04-07 00:34:04.6290|INFO|Incoming request GET /_next/static/chunks/turbopack-_0p44nws._.js GET /_next/static/chunks/turbopack-_0p44nws._.js
2026-04-07 00:34:04.6320|INFO|Incoming request GET /next.svg GET /next.svg
2026-04-07 00:34:04.6460|INFO|Incoming request GET /_next/static/chunks/%5Broot-of-the-server%5D__02nfq85._.css GET /_next/static/chunks/%5Broot-of-the-server%5D__02nfq85._.css
2026-04-07 00:34:04.6490|INFO|Incoming request GET /_next/static/chunks/node_modules_next_dist_compiled_react-dom_058-ah~._.js GET /_next/static/chunks/node_modules_next_dist_compiled_react-dom_058-ah~._.js
2026-04-07 00:34:04.6540|INFO|Incoming request GET /_next/static/chunks/%5Bturbopack%5D_browser_dev_hmr-client_hmr-client_ts_10z625~._.js GET /_next/static/chunks/%5Bturbopack%5D_browser_dev_hmr-client_hmr-client_ts_10z625~._.js
2026-04-07 00:34:04.6560|INFO|Incoming request GET /_next/static/chunks/node_modules_next_dist_compiled_next-devtools_index_0553esy.js GET /_next/static/chunks/node_modules_next_dist_compiled_next-devtools_index_0553esy.js
2026-04-07 00:34:04.7220|INFO|Incoming request GET /_next/static/chunks/node_modules_next_dist_compiled_react-server-dom-turbopack_0p3wegg._.js GET /_next/static/chunks/node_modules_next_dist_compiled_react-server-dom-turbopack_0p3wegg._.js
2026-04-07 00:34:04.7470|INFO|Incoming request GET /_next/static/chunks/node_modules_next_dist_compiled_0rpq4pf._.js GET /_next/static/chunks/node_modules_next_dist_compiled_0rpq4pf._.js
2026-04-07 00:34:04.7590|INFO|Incoming request GET /_next/static/chunks/node_modules_next_dist_client_0fhqo1d._.js GET /_next/static/chunks/node_modules_next_dist_client_0fhqo1d._.js
2026-04-07 00:34:04.7770|INFO|Incoming request GET / GET /
2026-04-07 00:34:04.9070|INFO|Incoming request GET /_next/static/chunks/node_modules_next_dist_115brz8._.js GET /_next/static/chunks/node_modules_next_dist_115brz8._.js
2026-04-07 00:34:04.9320|INFO|Incoming request GET /_next/static/chunks/node_modules_%40swc_helpers_cjs_0-4ujiy._.js GET /_next/static/chunks/node_modules_%40swc_helpers_cjs_0-4ujiy._.js
2026-04-07 00:34:04.9680|INFO|Incoming request GET /_next/static/chunks/_0rqeker._.js GET /_next/static/chunks/_0rqeker._.js
2026-04-07 00:34:05.0410|INFO|Incoming request GET / GET /
2026-04-07 00:34:05.0450|INFO|Incoming request GET /next.svg GET /next.svg
2026-04-07 00:34:05.0540|INFO|Incoming request GET /_next/static/chunks/%5Broot-of-the-server%5D__02nfq85._.css GET /_next/static/chunks/%5Broot-of-the-server%5D__02nfq85._.css
2026-04-07 00:34:05.0560|INFO|Incoming request GET /_next/static/chunks/node_modules_next_dist_compiled_react-dom_058-ah~._.js GET /_next/static/chunks/node_modules_next_dist_compiled_react-dom_058-ah~._.js
2026-04-07 00:34:05.0580|INFO|Incoming request GET /_next/static/chunks/%5Bturbopack%5D_browser_dev_hmr-client_hmr-client_ts_10z625~._.js GET /_next/static/chunks/%5Bturbopack%5D_browser_dev_hmr-client_hmr-client_ts_10z625~._.js
2026-04-07 00:34:05.3070|INFO|Incoming request GET /_next/static/chunks/node_modules_next_dist_compiled_next-devtools_index_0553esy.js GET /_next/static/chunks/node_modules_next_dist_compiled_next-devtools_index_0553esy.js
2026-04-07 00:34:05.3820|INFO|Incoming request GET /_next/static/chunks/node_modules_next_dist_compiled_react-server-dom-turbopack_0p3wegg._.js GET /_next/static/chunks/node_modules_next_dist_compiled_react-server-dom-turbopack_0p3wegg._.js
2026-04-07 00:34:05.3890|INFO|Incoming request GET /_next/static/chunks/node_modules_next_dist_compiled_0rpq4pf._.js GET /_next/static/chunks/node_modules_next_dist_compiled_0rpq4pf._.js
2026-04-07 00:34:05.4110|INFO|Incoming request GET /_next/static/chunks/node_modules_next_dist_client_0fhqo1d._.js GET /_next/static/chunks/node_modules_next_dist_client_0fhqo1d._.js
2026-04-07 00:34:05.4130|INFO|Incoming request GET /_next/static/chunks/node_modules_next_dist_115brz8._.js GET /_next/static/chunks/node_modules_next_dist_115brz8._.js
2026-04-07 00:34:05.4140|INFO|Incoming request GET /_next/static/chunks/node_modules_%40swc_helpers_cjs_0-4ujiy._.js GET /_next/static/chunks/node_modules_%40swc_helpers_cjs_0-4ujiy._.js
2026-04-07 00:34:05.4210|INFO|Incoming request GET /next.svg GET /next.svg
2026-04-07 00:34:05.4300|INFO|Incoming request GET /_next/static/chunks/node_modules_next_dist_compiled_next-devtools_index_0553esy.js GET /_next/static/chunks/node_modules_next_dist_compiled_next-devtools_index_0553esy.js
2026-04-07 00:34:05.4350|INFO|Incoming request GET /_next/static/chunks/node_modules_next_dist_compiled_react-dom_058-ah~._.js GET /_next/static/chunks/node_modules_next_dist_compiled_react-dom_058-ah~._.js
2026-04-07 00:34:05.4390|INFO|Incoming request GET /_next/static/chunks/%5Broot-of-the-server%5D__02nfq85._.css GET /_next/static/chunks/%5Broot-of-the-server%5D__02nfq85._.css
2026-04-07 00:34:05.5050|INFO|Incoming request GET / GET /
2026-04-07 00:34:05.5140|INFO|Incoming request GET /_next/static/chunks/node_modules_next_dist_compiled_react-server-dom-turbopack_0p3wegg._.js GET /_next/static/chunks/node_modules_next_dist_compiled_react-server-dom-turbopack_0p3wegg._.js
2026-04-07 00:34:05.5670|INFO|Incoming request GET /_next/static/chunks/%5Bturbopack%5D_browser_dev_hmr-client_hmr-client_ts_10z625~._.js GET /_next/static/chunks/%5Bturbopack%5D_browser_dev_hmr-client_hmr-client_ts_10z625~._.js
2026-04-07 00:34:05.7980|INFO|Incoming request GET /_next/static/chunks/node_modules_next_dist_compiled_0rpq4pf._.js GET /_next/static/chunks/node_modules_next_dist_compiled_0rpq4pf._.js
2026-04-07 00:34:05.8010|INFO|Incoming request GET /_next/static/chunks/node_modules_next_dist_client_0fhqo1d._.js GET /_next/static/chunks/node_modules_next_dist_client_0fhqo1d._.js
2026-04-07 00:34:05.8040|INFO|Incoming request GET /_next/static/chunks/node_modules_next_dist_115brz8._.js GET /_next/static/chunks/node_modules_next_dist_115brz8._.js
2026-04-07 00:34:05.8060|INFO|Incoming request GET / GET /
2026-04-07 00:34:05.8220|INFO|Incoming request GET /next.svg GET /next.svg
2026-04-07 00:34:05.8230|INFO|Incoming request GET /_next/static/chunks/%5Broot-of-the-server%5D__02nfq85._.css GET /_next/static/chunks/%5Broot-of-the-server%5D__02nfq85._.css
2026-04-07 00:34:05.8240|INFO|Incoming request GET /_next/static/chunks/node_modules_next_dist_compiled_next-devtools_index_0553esy.js GET /_next/static/chunks/node_modules_next_dist_compiled_next-devtools_index_0553esy.js
2026-04-07 00:34:05.8300|INFO|Incoming request GET /_next/static/chunks/%5Bturbopack%5D_browser_dev_hmr-client_hmr-client_ts_10z625~._.js GET /_next/static/chunks/%5Bturbopack%5D_browser_dev_hmr-client_hmr-client_ts_10z625~._.js
2026-04-07 00:34:05.9760|INFO|Incoming request GET /_next/static/chunks/node_modules_next_dist_compiled_react-dom_058-ah~._.js GET /_next/static/chunks/node_modules_next_dist_compiled_react-dom_058-ah~._.js
2026-04-07 00:34:05.9960|INFO|Incoming request GET /_next/static/chunks/node_modules_next_dist_compiled_react-server-dom-turbopack_0p3wegg._.js GET /_next/static/chunks/node_modules_next_dist_compiled_react-server-dom-turbopack_0p3wegg._.js
2026-04-07 00:34:06.0260|INFO|Incoming request GET /_next/static/chunks/node_modules_next_dist_compiled_0rpq4pf._.js GET /_next/static/chunks/node_modules_next_dist_compiled_0rpq4pf._.js
2026-04-07 00:34:06.0280|INFO|Incoming request GET /_next/static/chunks/node_modules_next_dist_client_0fhqo1d._.js GET /_next/static/chunks/node_modules_next_dist_client_0fhqo1d._.js
2026-04-07 00:34:06.0290|INFO|Incoming request GET /_next/static/chunks/node_modules_next_dist_115brz8._.js GET /_next/static/chunks/node_modules_next_dist_115brz8._.js
2026-04-07 00:34:06.0300|INFO|Incoming request GET /next.svg GET /next.svg
2026-04-07 00:34:06.0390|INFO|Incoming request GET /_next/static/chunks/%5Broot-of-the-server%5D__02nfq85._.css GET /_next/static/chunks/%5Broot-of-the-server%5D__02nfq85._.css
2026-04-07 00:34:06.0410|INFO|Incoming request GET /_next/static/chunks/node_modules_next_dist_compiled_next-devtools_index_0553esy.js GET /_next/static/chunks/node_modules_next_dist_compiled_next-devtools_index_0553esy.js
2026-04-07 00:34:06.0430|INFO|Incoming request GET /_next/static/chunks/node_modules_next_dist_compiled_react-dom_058-ah~._.js GET /_next/static/chunks/node_modules_next_dist_compiled_react-dom_058-ah~._.js
2026-04-07 00:34:06.0450|INFO|Incoming request GET /_next/static/chunks/node_modules_next_dist_compiled_react-server-dom-turbopack_0p3wegg._.js GET /_next/static/chunks/node_modules_next_dist_compiled_react-server-dom-turbopack_0p3wegg._.js
2026-04-07 00:34:06.1020|INFO|Incoming request GET /_next/static/chunks/%5Bturbopack%5D_browser_dev_hmr-client_hmr-client_ts_10z625~._.js GET /_next/static/chunks/%5Bturbopack%5D_browser_dev_hmr-client_hmr-client_ts_10z625~._.js
2026-04-07 00:34:06.1120|INFO|Incoming request GET /_next/static/chunks/node_modules_next_dist_compiled_0rpq4pf._.js GET /_next/static/chunks/node_modules_next_dist_compiled_0rpq4pf._.js
2026-04-07 00:34:06.1780|INFO|Incoming request GET /_next/static/chunks/node_modules_next_dist_client_0fhqo1d._.js GET /_next/static/chunks/node_modules_next_dist_client_0fhqo1d._.js
2026-04-07 00:34:06.1920|INFO|Incoming request GET / GET /
2026-04-07 00:34:06.2040|INFO|Incoming request GET /_next/static/chunks/node_modules_next_dist_115brz8._.js GET /_next/static/chunks/node_modules_next_dist_115brz8._.js
2026-04-07 00:34:06.3360|INFO|Incoming request GET /_next/static/chunks/node_modules_%40swc_helpers_cjs_0-4ujiy._.js GET /_next/static/chunks/node_modules_%40swc_helpers_cjs_0-4ujiy._.js
2026-04-07 00:34:06.4030|INFO|Incoming request GET /_next/static/chunks/_0rqeker._.js GET /_next/static/chunks/_0rqeker._.js
2026-04-07 00:34:06.4060|INFO|Incoming request GET /_next/static/chunks/turbopack-_0p44nws._.js GET /_next/static/chunks/turbopack-_0p44nws._.js
2026-04-07 00:34:06.4070|INFO|Incoming request GET /next.svg GET /next.svg
2026-04-07 00:34:06.4130|INFO|Incoming request GET / GET /
2026-04-07 00:34:06.4150|INFO|Incoming request GET /_next/static/chunks/%5Broot-of-the-server%5D__02nfq85._.css GET /_next/static/chunks/%5Broot-of-the-server%5D__02nfq85._.css
2026-04-07 00:34:06.4160|INFO|Incoming request GET /_next/static/chunks/node_modules_next_dist_compiled_next-devtools_index_0553esy.js GET /_next/static/chunks/node_modules_next_dist_compiled_next-devtools_index_0553esy.js
2026-04-07 00:34:06.4180|INFO|Incoming request GET /_next/static/chunks/node_modules_next_dist_compiled_react-dom_058-ah~._.js GET /_next/static/chunks/node_modules_next_dist_compiled_react-dom_058-ah~._.js
2026-04-07 00:34:06.5570|INFO|Incoming request GET /_next/static/chunks/%5Bturbopack%5D_browser_dev_hmr-client_hmr-client_ts_10z625~._.js GET /_next/static/chunks/%5Bturbopack%5D_browser_dev_hmr-client_hmr-client_ts_10z625~._.js
2026-04-07 00:34:06.5960|INFO|Incoming request GET /_next/static/chunks/node_modules_next_dist_compiled_react-server-dom-turbopack_0p3wegg._.js GET /_next/static/chunks/node_modules_next_dist_compiled_react-server-dom-turbopack_0p3wegg._.js
2026-04-07 00:34:06.6200|INFO|Incoming request GET /_next/static/chunks/node_modules_next_dist_client_0fhqo1d._.js GET /_next/static/chunks/node_modules_next_dist_client_0fhqo1d._.js
2026-04-07 00:34:06.6220|INFO|Incoming request GET /next.svg GET /next.svg
2026-04-07 00:34:06.6280|INFO|Incoming request GET /_next/static/chunks/%5Broot-of-the-server%5D__02nfq85._.css GET /_next/static/chunks/%5Broot-of-the-server%5D__02nfq85._.css
2026-04-07 00:34:06.6300|INFO|Incoming request GET /_next/static/chunks/%5Bturbopack%5D_browser_dev_hmr-client_hmr-client_ts_10z625~._.js GET /_next/static/chunks/%5Bturbopack%5D_browser_dev_hmr-client_hmr-client_ts_10z625~._.js
2026-04-07 00:34:06.6310|INFO|Incoming request GET /_next/static/chunks/node_modules_next_dist_compiled_next-devtools_index_0553esy.js GET /_next/static/chunks/node_modules_next_dist_compiled_next-devtools_index_0553esy.js
2026-04-07 00:34:06.6340|INFO|Incoming request GET /_next/static/chunks/node_modules_next_dist_compiled_react-dom_058-ah~._.js GET /_next/static/chunks/node_modules_next_dist_compiled_react-dom_058-ah~._.js
2026-04-07 00:34:06.6630|INFO|Incoming request GET /_next/static/chunks/node_modules_next_dist_compiled_react-server-dom-turbopack_0p3wegg._.js GET /_next/static/chunks/node_modules_next_dist_compiled_react-server-dom-turbopack_0p3wegg._.js
2026-04-07 00:34:06.6760|INFO|Incoming request GET /_next/static/chunks/node_modules_next_dist_compiled_0rpq4pf._.js GET /_next/static/chunks/node_modules_next_dist_compiled_0rpq4pf._.js
2026-04-07 00:34:06.6880|INFO|Incoming request GET /_next/static/chunks/node_modules_next_dist_client_0fhqo1d._.js GET /_next/static/chunks/node_modules_next_dist_client_0fhqo1d._.js
2026-04-07 00:34:06.7240|INFO|Incoming request GET /_next/static/chunks/node_modules_next_dist_115brz8._.js GET /_next/static/chunks/node_modules_next_dist_115brz8._.js
2026-04-07 00:34:06.7680|INFO|Incoming request GET /_next/static/chunks/node_modules_%40swc_helpers_cjs_0-4ujiy._.js GET /_next/static/chunks/node_modules_%40swc_helpers_cjs_0-4ujiy._.js
2026-04-07 00:34:06.7740|INFO|Incoming request GET /_next/static/chunks/_0rqeker._.js GET /_next/static/chunks/_0rqeker._.js
2026-04-07 00:34:06.8480|INFO|Incoming request GET / GET /
2026-04-07 00:34:06.8530|INFO|Incoming request GET /_next/static/chunks/turbopack-_0p44nws._.js GET /_next/static/chunks/turbopack-_0p44nws._.js
2026-04-07 00:34:06.8570|INFO|Incoming request GET /_next/static/chunks/node_modules_next_dist_0tt2wve._.js GET /_next/static/chunks/node_modules_next_dist_0tt2wve._.js
2026-04-07 00:34:06.9770|INFO|Incoming request GET /_next/static/chunks/src_app_layout_tsx_004glpo._.js GET /_next/static/chunks/src_app_layout_tsx_004glpo._.js
2026-04-07 00:34:07.0140|INFO|Incoming request GET /_next/static/chunks/node_modules_next_dist_07p5au~._.js GET /_next/static/chunks/node_modules_next_dist_07p5au~._.js
2026-04-07 00:34:07.0330|INFO|Incoming request GET /_next/static/chunks/src_app_page_tsx_002ye8~._.js GET /_next/static/chunks/src_app_page_tsx_002ye8~._.js
2026-04-07 00:34:07.0360|INFO|Incoming request GET /next.svg GET /next.svg
2026-04-07 00:34:07.0450|INFO|Incoming request GET /_next/static/chunks/%5Broot-of-the-server%5D__02nfq85._.css GET /_next/static/chunks/%5Broot-of-the-server%5D__02nfq85._.css
2026-04-07 00:34:07.0480|INFO|Incoming request GET /_next/static/chunks/%5Bturbopack%5D_browser_dev_hmr-client_hmr-client_ts_10z625~._.js GET /_next/static/chunks/%5Bturbopack%5D_browser_dev_hmr-client_hmr-client_ts_10z625~._.js
2026-04-07 00:34:07.0540|INFO|Incoming request GET /_next/static/chunks/node_modules_next_dist_compiled_next-devtools_index_0553esy.js GET /_next/static/chunks/node_modules_next_dist_compiled_next-devtools_index_0553esy.js
2026-04-07 00:34:07.0680|INFO|Incoming request GET /_next/static/chunks/node_modules_next_dist_compiled_react-dom_058-ah~._.js GET /_next/static/chunks/node_modules_next_dist_compiled_react-dom_058-ah~._.js
2026-04-07 00:34:07.1100|INFO|Incoming request GET /_next/static/chunks/node_modules_next_dist_compiled_react-server-dom-turbopack_0p3wegg._.js GET /_next/static/chunks/node_modules_next_dist_compiled_react-server-dom-turbopack_0p3wegg._.js
2026-04-07 00:34:07.1230|INFO|Incoming request GET /_next/static/chunks/node_modules_next_dist_compiled_0rpq4pf._.js GET /_next/static/chunks/node_modules_next_dist_compiled_0rpq4pf._.js
2026-04-07 00:34:07.1340|INFO|Incoming request GET /_next/static/chunks/node_modules_next_dist_client_0fhqo1d._.js GET /_next/static/chunks/node_modules_next_dist_client_0fhqo1d._.js
2026-04-07 00:34:07.1380|INFO|Incoming request GET /_next/static/chunks/node_modules_next_dist_115brz8._.js GET /_next/static/chunks/node_modules_next_dist_115brz8._.js
2026-04-07 00:34:07.1530|INFO|Incoming request GET /_next/static/chunks/node_modules_%40swc_helpers_cjs_0-4ujiy._.js GET /_next/static/chunks/node_modules_%40swc_helpers_cjs_0-4ujiy._.js
2026-04-07 00:34:07.2220|INFO|Incoming request GET / GET /
2026-04-07 00:34:07.2400|INFO|Incoming request GET /_next/static/chunks/_0rqeker._.js GET /_next/static/chunks/_0rqeker._.js
2026-04-07 00:34:07.2500|INFO|Incoming request GET /_next/static/chunks/turbopack-_0p44nws._.js GET /_next/static/chunks/turbopack-_0p44nws._.js
2026-04-07 00:34:07.2550|INFO|Incoming request GET /_next/static/chunks/node_modules_next_dist_0tt2wve._.js GET /_next/static/chunks/node_modules_next_dist_0tt2wve._.js
2026-04-07 00:34:07.3260|INFO|Incoming request GET /_next/static/chunks/src_app_layout_tsx_004glpo._.js GET /_next/static/chunks/src_app_layout_tsx_004glpo._.js
2026-04-07 00:34:07.3380|INFO|Incoming request GET /_next/static/chunks/node_modules_next_dist_07p5au~._.js GET /_next/static/chunks/node_modules_next_dist_07p5au~._.js
2026-04-07 00:34:07.3950|INFO|Incoming request GET /_next/static/chunks/src_app_page_tsx_002ye8~._.js GET /_next/static/chunks/src_app_page_tsx_002ye8~._.js
2026-04-07 00:34:07.4410|INFO|Incoming request GET /_next/static/chunks/node_modules_next_dist_client_components_builtin_global-error_002ye8~.js GET /_next/static/chunks/node_modules_next_dist_client_components_builtin_global-error_002ye8~.js
2026-04-07 00:34:07.4520|INFO|Incoming request GET /next.svg GET /next.svg
2026-04-07 00:34:07.4570|INFO|Incoming request GET /_next/static/chunks/%5Broot-of-the-server%5D__02nfq85._.css GET /_next/static/chunks/%5Broot-of-the-server%5D__02nfq85._.css
2026-04-07 00:34:07.4600|INFO|Incoming request GET /_next/static/chunks/%5Bturbopack%5D_browser_dev_hmr-client_hmr-client_ts_10z625~._.js GET /_next/static/chunks/%5Bturbopack%5D_browser_dev_hmr-client_hmr-client_ts_10z625~._.js
2026-04-07 00:34:07.4620|INFO|Incoming request GET /_next/static/chunks/node_modules_next_dist_compiled_next-devtools_index_0553esy.js GET /_next/static/chunks/node_modules_next_dist_compiled_next-devtools_index_0553esy.js
2026-04-07 00:34:07.4650|INFO|Incoming request GET /_next/static/chunks/node_modules_next_dist_compiled_react-dom_058-ah~._.js GET /_next/static/chunks/node_modules_next_dist_compiled_react-dom_058-ah~._.js
2026-04-07 00:34:07.5150|INFO|Incoming request GET /_next/static/chunks/node_modules_next_dist_compiled_react-server-dom-turbopack_0p3wegg._.js GET /_next/static/chunks/node_modules_next_dist_compiled_react-server-dom-turbopack_0p3wegg._.js
2026-04-07 00:34:07.5530|INFO|Incoming request GET /_next/static/chunks/node_modules_next_dist_compiled_0rpq4pf._.js GET /_next/static/chunks/node_modules_next_dist_compiled_0rpq4pf._.js
2026-04-07 00:34:07.5560|INFO|Incoming request GET /_next/static/chunks/node_modules_next_dist_client_0fhqo1d._.js GET /_next/static/chunks/node_modules_next_dist_client_0fhqo1d._.js
2026-04-07 00:34:07.5570|INFO|Incoming request GET /_next/static/chunks/node_modules_next_dist_115brz8._.js GET /_next/static/chunks/node_modules_next_dist_115brz8._.js
2026-04-07 00:34:07.5710|INFO|Incoming request GET /_next/static/chunks/node_modules_%40swc_helpers_cjs_0-4ujiy._.js GET /_next/static/chunks/node_modules_%40swc_helpers_cjs_0-4ujiy._.js
2026-04-07 00:34:07.6070|INFO|Incoming request GET / GET /
2026-04-07 00:34:07.6280|INFO|Incoming request GET /_next/static/chunks/_0rqeker._.js GET /_next/static/chunks/_0rqeker._.js
2026-04-07 00:34:07.6360|INFO|Incoming request GET /_next/static/chunks/turbopack-_0p44nws._.js GET /_next/static/chunks/turbopack-_0p44nws._.js
2026-04-07 00:34:07.7050|INFO|Incoming request GET /_next/static/chunks/node_modules_next_dist_0tt2wve._.js GET /_next/static/chunks/node_modules_next_dist_0tt2wve._.js
2026-04-07 00:34:07.7060|INFO|Incoming request GET /_next/static/chunks/src_app_layout_tsx_004glpo._.js GET /_next/static/chunks/src_app_layout_tsx_004glpo._.js
2026-04-07 00:34:07.7530|INFO|Incoming request GET /_next/static/chunks/node_modules_next_dist_07p5au~._.js GET /_next/static/chunks/node_modules_next_dist_07p5au~._.js
2026-04-07 00:34:07.7880|INFO|Incoming request GET /_next/static/chunks/src_app_page_tsx_002ye8~._.js GET /_next/static/chunks/src_app_page_tsx_002ye8~._.js
2026-04-07 00:34:07.8090|INFO|Incoming request GET /vercel.svg GET /vercel.svg
2026-04-07 00:34:07.8120|INFO|Incoming request GET /next.svg GET /next.svg
2026-04-07 00:34:07.8190|INFO|Incoming request GET /_next/static/chunks/%5Broot-of-the-server%5D__02nfq85._.css GET /_next/static/chunks/%5Broot-of-the-server%5D__02nfq85._.css
2026-04-07 00:34:07.8200|INFO|Incoming request GET /_next/static/chunks/%5Bturbopack%5D_browser_dev_hmr-client_hmr-client_ts_10z625~._.js GET /_next/static/chunks/%5Bturbopack%5D_browser_dev_hmr-client_hmr-client_ts_10z625~._.js
2026-04-07 00:34:07.8210|INFO|Incoming request GET /_next/static/chunks/node_modules_next_dist_compiled_next-devtools_index_0553esy.js GET /_next/static/chunks/node_modules_next_dist_compiled_next-devtools_index_0553esy.js
2026-04-07 00:34:07.8230|INFO|Incoming request GET /_next/static/chunks/node_modules_next_dist_compiled_react-dom_058-ah~._.js GET /_next/static/chunks/node_modules_next_dist_compiled_react-dom_058-ah~._.js
2026-04-07 00:34:07.8650|INFO|Incoming request GET /_next/static/chunks/node_modules_next_dist_compiled_react-server-dom-turbopack_0p3wegg._.js GET /_next/static/chunks/node_modules_next_dist_compiled_react-server-dom-turbopack_0p3wegg._.js
2026-04-07 00:34:07.8750|INFO|Incoming request GET /_next/static/chunks/node_modules_next_dist_compiled_0rpq4pf._.js GET /_next/static/chunks/node_modules_next_dist_compiled_0rpq4pf._.js
2026-04-07 00:34:07.8770|INFO|Incoming request GET /_next/static/chunks/node_modules_next_dist_client_0fhqo1d._.js GET /_next/static/chunks/node_modules_next_dist_client_0fhqo1d._.js
2026-04-07 00:34:07.8780|INFO|Incoming request GET /_next/static/chunks/node_modules_next_dist_115brz8._.js GET /_next/static/chunks/node_modules_next_dist_115brz8._.js
2026-04-07 00:34:07.8800|INFO|Incoming request GET /_next/static/chunks/node_modules_%40swc_helpers_cjs_0-4ujiy._.js GET /_next/static/chunks/node_modules_%40swc_helpers_cjs_0-4ujiy._.js
2026-04-07 00:34:07.9360|INFO|Incoming request GET /_next/static/chunks/_0rqeker._.js GET /_next/static/chunks/_0rqeker._.js
2026-04-07 00:34:07.9430|INFO|Incoming request GET /_next/static/chunks/turbopack-_0p44nws._.js GET /_next/static/chunks/turbopack-_0p44nws._.js
2026-04-07 00:34:07.9450|INFO|Incoming request GET /_next/static/chunks/node_modules_next_dist_0tt2wve._.js GET /_next/static/chunks/node_modules_next_dist_0tt2wve._.js
2026-04-07 00:34:07.9510|INFO|Incoming request GET /_next/static/chunks/src_app_layout_tsx_004glpo._.js GET /_next/static/chunks/src_app_layout_tsx_004glpo._.js
2026-04-07 00:34:07.9540|INFO|Incoming request GET /_next/static/chunks/node_modules_next_dist_07p5au~._.js GET /_next/static/chunks/node_modules_next_dist_07p5au~._.js
2026-04-07 00:34:07.9560|INFO|Incoming request GET /_next/static/chunks/src_app_page_tsx_002ye8~._.js GET /_next/static/chunks/src_app_page_tsx_002ye8~._.js
2026-04-07 00:34:08.0050|INFO|Incoming request GET / GET /
2026-04-07 00:34:08.0920|INFO|Incoming request GET /_next/static/chunks/node_modules_next_dist_client_components_builtin_global-error_002ye8~.js GET /_next/static/chunks/node_modules_next_dist_client_components_builtin_global-error_002ye8~.js
2026-04-07 00:34:08.1360|INFO|Incoming request GET /vercel.svg GET /vercel.svg
2026-04-07 00:34:08.1870|INFO|Incoming request GET /_next/static/chunks/%5Bturbopack%5D_browser_dev_hmr-client_hmr-client_ts_0yjw1oe._.js GET /_next/static/chunks/%5Bturbopack%5D_browser_dev_hmr-client_hmr-client_ts_0yjw1oe._.js
2026-04-07 00:34:08.2030|INFO|Incoming request GET /_next/static/chunks/%5Bturbopack%5D_browser_dev_hmr-client_hmr-client_ts_10mygs7._.js GET /_next/static/chunks/%5Bturbopack%5D_browser_dev_hmr-client_hmr-client_ts_10mygs7._.js
2026-04-07 00:34:08.2300|INFO|Incoming request GET /next.svg GET /next.svg
2026-04-07 00:34:08.2370|INFO|Incoming request GET /_next/static/chunks/%5Broot-of-the-server%5D__02nfq85._.css GET /_next/static/chunks/%5Broot-of-the-server%5D__02nfq85._.css
2026-04-07 00:34:08.2390|INFO|Incoming request GET /_next/static/chunks/%5Bturbopack%5D_browser_dev_hmr-client_hmr-client_ts_10z625~._.js GET /_next/static/chunks/%5Bturbopack%5D_browser_dev_hmr-client_hmr-client_ts_10z625~._.js
2026-04-07 00:34:08.2400|INFO|Incoming request GET /_next/static/chunks/node_modules_next_dist_compiled_next-devtools_index_0553esy.js GET /_next/static/chunks/node_modules_next_dist_compiled_next-devtools_index_0553esy.js
2026-04-07 00:34:08.2420|INFO|Incoming request GET /_next/static/chunks/node_modules_next_dist_compiled_react-dom_058-ah~._.js GET /_next/static/chunks/node_modules_next_dist_compiled_react-dom_058-ah~._.js
2026-04-07 00:34:08.2940|INFO|Incoming request GET /_next/static/chunks/node_modules_next_dist_compiled_react-server-dom-turbopack_0p3wegg._.js GET /_next/static/chunks/node_modules_next_dist_compiled_react-server-dom-turbopack_0p3wegg._.js
2026-04-07 00:34:08.3090|INFO|Incoming request GET /_next/static/chunks/node_modules_next_dist_compiled_0rpq4pf._.js GET /_next/static/chunks/node_modules_next_dist_compiled_0rpq4pf._.js
2026-04-07 00:34:08.3140|INFO|Incoming request GET /_next/static/chunks/node_modules_next_dist_client_0fhqo1d._.js GET /_next/static/chunks/node_modules_next_dist_client_0fhqo1d._.js
2026-04-07 00:34:08.3170|INFO|Incoming request GET /_next/static/chunks/node_modules_next_dist_115brz8._.js GET /_next/static/chunks/node_modules_next_dist_115brz8._.js
2026-04-07 00:34:08.3220|INFO|Incoming request GET /_next/static/chunks/node_modules_%40swc_helpers_cjs_0-4ujiy._.js GET /_next/static/chunks/node_modules_%40swc_helpers_cjs_0-4ujiy._.js
2026-04-07 00:34:08.3640|INFO|Incoming request GET / GET /
2026-04-07 00:34:08.3730|INFO|Incoming request GET /_next/static/chunks/_0rqeker._.js GET /_next/static/chunks/_0rqeker._.js
2026-04-07 00:34:08.3750|INFO|Incoming request GET /_next/static/chunks/turbopack-_0p44nws._.js GET /_next/static/chunks/turbopack-_0p44nws._.js
2026-04-07 00:34:08.3770|INFO|Incoming request GET /_next/static/chunks/node_modules_next_dist_0tt2wve._.js GET /_next/static/chunks/node_modules_next_dist_0tt2wve._.js
2026-04-07 00:34:08.3780|INFO|Incoming request GET /_next/static/chunks/src_app_layout_tsx_004glpo._.js GET /_next/static/chunks/src_app_layout_tsx_004glpo._.js
2026-04-07 00:34:08.4430|INFO|Incoming request GET /_next/static/chunks/node_modules_next_dist_07p5au~._.js GET /_next/static/chunks/node_modules_next_dist_07p5au~._.js
2026-04-07 00:34:08.5370|INFO|Incoming request GET /_next/static/chunks/src_app_page_tsx_002ye8~._.js GET /_next/static/chunks/src_app_page_tsx_002ye8~._.js
2026-04-07 00:34:08.5580|INFO|Incoming request GET /_next/static/chunks/node_modules_next_dist_client_components_builtin_global-error_002ye8~.js GET /_next/static/chunks/node_modules_next_dist_client_components_builtin_global-error_002ye8~.js
2026-04-07 00:34:08.5600|INFO|Incoming request GET /vercel.svg GET /vercel.svg
2026-04-07 00:34:08.5790|INFO|Incoming request GET /_next/static/chunks/%5Bturbopack%5D_browser_dev_hmr-client_hmr-client_ts_0yjw1oe._.js GET /_next/static/chunks/%5Bturbopack%5D_browser_dev_hmr-client_hmr-client_ts_0yjw1oe._.js
2026-04-07 00:34:08.5820|INFO|Incoming request GET /_next/static/chunks/%5Bturbopack%5D_browser_dev_hmr-client_hmr-client_ts_10mygs7._.js GET /_next/static/chunks/%5Bturbopack%5D_browser_dev_hmr-client_hmr-client_ts_10mygs7._.js
2026-04-07 00:34:08.5830|INFO|Incoming request GET /next.svg GET /next.svg
2026-04-07 00:34:08.5850|INFO|Incoming request GET / GET /
2026-04-07 00:34:08.6080|INFO|Incoming request GET /_next/static/chunks/%5Broot-of-the-server%5D__02nfq85._.css GET /_next/static/chunks/%5Broot-of-the-server%5D__02nfq85._.css
2026-04-07 00:34:08.6110|INFO|Incoming request GET /_next/static/chunks/%5Bturbopack%5D_browser_dev_hmr-client_hmr-client_ts_10z625~._.js GET /_next/static/chunks/%5Bturbopack%5D_browser_dev_hmr-client_hmr-client_ts_10z625~._.js
2026-04-07 00:34:08.6250|INFO|Incoming request GET /_next/static/chunks/node_modules_next_dist_compiled_next-devtools_index_0553esy.js GET /_next/static/chunks/node_modules_next_dist_compiled_next-devtools_index_0553esy.js
2026-04-07 00:34:08.7560|INFO|Incoming request GET /_next/static/chunks/node_modules_next_dist_compiled_react-dom_058-ah~._.js GET /_next/static/chunks/node_modules_next_dist_compiled_react-dom_058-ah~._.js
2026-04-07 00:34:08.8130|INFO|Incoming request GET /_next/static/chunks/node_modules_next_dist_compiled_react-server-dom-turbopack_0p3wegg._.js GET /_next/static/chunks/node_modules_next_dist_compiled_react-server-dom-turbopack_0p3wegg._.js
2026-04-07 00:34:08.8150|INFO|Incoming request GET /_next/static/chunks/node_modules_next_dist_compiled_0rpq4pf._.js GET /_next/static/chunks/node_modules_next_dist_compiled_0rpq4pf._.js
2026-04-07 00:34:08.8160|INFO|Incoming request GET /_next/static/chunks/node_modules_next_dist_client_0fhqo1d._.js GET /_next/static/chunks/node_modules_next_dist_client_0fhqo1d._.js
2026-04-07 00:34:08.8760|INFO|Incoming request GET /_next/static/chunks/node_modules_next_dist_115brz8._.js GET /_next/static/chunks/node_modules_next_dist_115brz8._.js
2026-04-07 00:34:08.8790|INFO|Incoming request GET /vercel.svg GET /vercel.svg
2026-04-07 00:34:08.8810|INFO|Incoming request GET /_next/static/chunks/node_modules_next_dist_0tt2wve._.js GET /_next/static/chunks/node_modules_next_dist_0tt2wve._.js
2026-04-07 00:34:08.8820|INFO|Incoming request GET /_next/static/chunks/node_modules_next_dist_07p5au~._.js GET /_next/static/chunks/node_modules_next_dist_07p5au~._.js
2026-04-07 00:34:08.8850|INFO|Incoming request GET /next.svg GET /next.svg
2026-04-07 00:34:08.8920|INFO|Incoming request GET /_next/static/chunks/%5Broot-of-the-server%5D__02nfq85._.css GET /_next/static/chunks/%5Broot-of-the-server%5D__02nfq85._.css
2026-04-07 00:34:08.8940|INFO|Incoming request GET /_next/static/chunks/node_modules_next_dist_compiled_react-dom_058-ah~._.js GET /_next/static/chunks/node_modules_next_dist_compiled_react-dom_058-ah~._.js
2026-04-07 00:34:08.8960|INFO|Incoming request GET /_next/static/chunks/node_modules_next_dist_compiled_react-server-dom-turbopack_0p3wegg._.js GET /_next/static/chunks/node_modules_next_dist_compiled_react-server-dom-turbopack_0p3wegg._.js
2026-04-07 00:34:08.8970|INFO|Incoming request GET /_next/static/chunks/%5Bturbopack%5D_browser_dev_hmr-client_hmr-client_ts_10z625~._.js GET /_next/static/chunks/%5Bturbopack%5D_browser_dev_hmr-client_hmr-client_ts_10z625~._.js
2026-04-07 00:34:08.9410|INFO|Incoming request GET /_next/static/chunks/node_modules_next_dist_compiled_next-devtools_index_0553esy.js GET /_next/static/chunks/node_modules_next_dist_compiled_next-devtools_index_0553esy.js
2026-04-07 00:34:08.9560|INFO|Incoming request GET / GET /
2026-04-07 00:34:08.9590|INFO|Incoming request GET /_next/static/chunks/node_modules_next_dist_compiled_0rpq4pf._.js GET /_next/static/chunks/node_modules_next_dist_compiled_0rpq4pf._.js
2026-04-07 00:34:09.0580|INFO|Incoming request GET /_next/static/chunks/node_modules_next_dist_client_0fhqo1d._.js GET /_next/static/chunks/node_modules_next_dist_client_0fhqo1d._.js
2026-04-07 00:34:09.0910|INFO|Incoming request GET /_next/static/chunks/node_modules_next_dist_115brz8._.js GET /_next/static/chunks/node_modules_next_dist_115brz8._.js
2026-04-07 00:34:09.1180|INFO|Incoming request GET /_next/static/chunks/node_modules_%40swc_helpers_cjs_0-4ujiy._.js GET /_next/static/chunks/node_modules_%40swc_helpers_cjs_0-4ujiy._.js
2026-04-07 00:34:09.1600|INFO|Incoming request GET /_next/static/chunks/_0rqeker._.js GET /_next/static/chunks/_0rqeker._.js
2026-04-07 00:34:09.1620|INFO|Incoming request GET /_next/static/chunks/turbopack-_0p44nws._.js GET /_next/static/chunks/turbopack-_0p44nws._.js
2026-04-07 00:34:09.1630|INFO|Incoming request GET /next.svg GET /next.svg
2026-04-07 00:34:09.1710|INFO|Incoming request GET /_next/static/chunks/%5Broot-of-the-server%5D__02nfq85._.css GET /_next/static/chunks/%5Broot-of-the-server%5D__02nfq85._.css
2026-04-07 00:34:09.1720|INFO|Incoming request GET /_next/static/chunks/node_modules_next_dist_compiled_react-dom_058-ah~._.js GET /_next/static/chunks/node_modules_next_dist_compiled_react-dom_058-ah~._.js
2026-04-07 00:34:09.1730|INFO|Incoming request GET /_next/static/chunks/%5Bturbopack%5D_browser_dev_hmr-client_hmr-client_ts_10z625~._.js GET /_next/static/chunks/%5Bturbopack%5D_browser_dev_hmr-client_hmr-client_ts_10z625~._.js
2026-04-07 00:34:09.1810|INFO|Incoming request GET / GET /
2026-04-07 00:34:09.2660|INFO|Incoming request GET /_next/static/chunks/node_modules_next_dist_compiled_next-devtools_index_0553esy.js GET /_next/static/chunks/node_modules_next_dist_compiled_next-devtools_index_0553esy.js
2026-04-07 00:34:09.2950|INFO|Incoming request GET /_next/static/chunks/node_modules_next_dist_compiled_react-server-dom-turbopack_0p3wegg._.js GET /_next/static/chunks/node_modules_next_dist_compiled_react-server-dom-turbopack_0p3wegg._.js
2026-04-07 00:34:09.3200|INFO|Incoming request GET /_next/static/chunks/node_modules_next_dist_compiled_0rpq4pf._.js GET /_next/static/chunks/node_modules_next_dist_compiled_0rpq4pf._.js
2026-04-07 00:34:09.3880|INFO|Incoming request GET /_next/static/chunks/node_modules_next_dist_client_0fhqo1d._.js GET /_next/static/chunks/node_modules_next_dist_client_0fhqo1d._.js
2026-04-07 00:34:09.3900|INFO|Incoming request GET /_next/static/chunks/node_modules_next_dist_115brz8._.js GET /_next/static/chunks/node_modules_next_dist_115brz8._.js
2026-04-07 00:34:09.3910|INFO|Incoming request GET /_next/static/chunks/node_modules_%40swc_helpers_cjs_0-4ujiy._.js GET /_next/static/chunks/node_modules_%40swc_helpers_cjs_0-4ujiy._.js
2026-04-07 00:34:09.3930|INFO|Incoming request GET / GET /
2026-04-07 00:34:09.3940|INFO|Incoming request GET /next.svg GET /next.svg
2026-04-07 00:34:09.4080|INFO|Incoming request GET /_next/static/chunks/%5Broot-of-the-server%5D__02nfq85._.css GET /_next/static/chunks/%5Broot-of-the-server%5D__02nfq85._.css
2026-04-07 00:34:09.4100|INFO|Incoming request GET /_next/static/chunks/node_modules_next_dist_compiled_react-dom_058-ah~._.js GET /_next/static/chunks/node_modules_next_dist_compiled_react-dom_058-ah~._.js
2026-04-07 00:34:09.4110|INFO|Incoming request GET /_next/static/chunks/node_modules_next_dist_compiled_react-server-dom-turbopack_0p3wegg._.js GET /_next/static/chunks/node_modules_next_dist_compiled_react-server-dom-turbopack_0p3wegg._.js
2026-04-07 00:34:09.5360|INFO|Incoming request GET /_next/static/chunks/%5Bturbopack%5D_browser_dev_hmr-client_hmr-client_ts_10z625~._.js GET /_next/static/chunks/%5Bturbopack%5D_browser_dev_hmr-client_hmr-client_ts_10z625~._.js
2026-04-07 00:34:09.5660|INFO|Incoming request GET /_next/static/chunks/node_modules_next_dist_compiled_next-devtools_index_0553esy.js GET /_next/static/chunks/node_modules_next_dist_compiled_next-devtools_index_0553esy.js
2026-04-07 00:34:09.5880|INFO|Incoming request GET /next.svg GET /next.svg
2026-04-07 00:34:09.5920|INFO|Incoming request GET /_next/static/chunks/%5Broot-of-the-server%5D__02nfq85._.css GET /_next/static/chunks/%5Broot-of-the-server%5D__02nfq85._.css
2026-04-07 00:34:09.6020|INFO|Incoming request GET /_next/static/chunks/%5Bturbopack%5D_browser_dev_hmr-client_hmr-client_ts_10z625~._.js GET /_next/static/chunks/%5Bturbopack%5D_browser_dev_hmr-client_hmr-client_ts_10z625~._.js
2026-04-07 00:34:09.6030|INFO|Incoming request GET /_next/static/chunks/node_modules_next_dist_compiled_next-devtools_index_0553esy.js GET /_next/static/chunks/node_modules_next_dist_compiled_next-devtools_index_0553esy.js
2026-04-07 00:34:09.6420|INFO|Incoming request GET /_next/static/chunks/node_modules_next_dist_compiled_react-dom_058-ah~._.js GET /_next/static/chunks/node_modules_next_dist_compiled_react-dom_058-ah~._.js
2026-04-07 00:34:09.6530|INFO|Incoming request GET /_next/static/chunks/node_modules_next_dist_compiled_react-server-dom-turbopack_0p3wegg._.js GET /_next/static/chunks/node_modules_next_dist_compiled_react-server-dom-turbopack_0p3wegg._.js
2026-04-07 00:34:09.6600|INFO|Incoming request GET /_next/static/chunks/node_modules_next_dist_compiled_0rpq4pf._.js GET /_next/static/chunks/node_modules_next_dist_compiled_0rpq4pf._.js
2026-04-07 00:34:09.6750|INFO|Incoming request GET /_next/static/chunks/node_modules_next_dist_client_0fhqo1d._.js GET /_next/static/chunks/node_modules_next_dist_client_0fhqo1d._.js
2026-04-07 00:34:09.7220|INFO|Incoming request GET /_next/static/chunks/node_modules_next_dist_115brz8._.js GET /_next/static/chunks/node_modules_next_dist_115brz8._.js
2026-04-07 00:34:09.7990|INFO|Incoming request GET / GET /
2026-04-07 00:34:09.8060|INFO|Incoming request GET /_next/static/chunks/node_modules_%40swc_helpers_cjs_0-4ujiy._.js GET /_next/static/chunks/node_modules_%40swc_helpers_cjs_0-4ujiy._.js
2026-04-07 00:34:09.9870|INFO|Incoming request GET /_next/static/chunks/_0rqeker._.js GET /_next/static/chunks/_0rqeker._.js
2026-04-07 00:34:10.0310|INFO|Incoming request GET /_next/static/chunks/turbopack-_0p44nws._.js GET /_next/static/chunks/turbopack-_0p44nws._.js
2026-04-07 00:34:10.0640|INFO|Incoming request GET /next.svg GET /next.svg
2026-04-07 00:34:10.0680|INFO|Incoming request GET /_next/static/chunks/node_modules_next_dist_compiled_next-devtools_index_0553esy.js GET /_next/static/chunks/node_modules_next_dist_compiled_next-devtools_index_0553esy.js
2026-04-07 00:34:10.0700|INFO|Incoming request GET /_next/static/chunks/node_modules_next_dist_compiled_react-dom_058-ah~._.js GET /_next/static/chunks/node_modules_next_dist_compiled_react-dom_058-ah~._.js
2026-04-07 00:34:10.0760|INFO|Incoming request GET /_next/static/chunks/%5Broot-of-the-server%5D__02nfq85._.css GET /_next/static/chunks/%5Broot-of-the-server%5D__02nfq85._.css
2026-04-07 00:34:10.0800|INFO|Incoming request GET /_next/static/chunks/%5Bturbopack%5D_browser_dev_hmr-client_hmr-client_ts_10z625~._.js GET /_next/static/chunks/%5Bturbopack%5D_browser_dev_hmr-client_hmr-client_ts_10z625~._.js
2026-04-07 00:34:10.1240|INFO|Incoming request GET /_next/static/chunks/node_modules_next_dist_compiled_react-server-dom-turbopack_0p3wegg._.js GET /_next/static/chunks/node_modules_next_dist_compiled_react-server-dom-turbopack_0p3wegg._.js
2026-04-07 00:34:10.1370|INFO|Incoming request GET /_next/static/chunks/node_modules_next_dist_compiled_0rpq4pf._.js GET /_next/static/chunks/node_modules_next_dist_compiled_0rpq4pf._.js
2026-04-07 00:34:10.1540|INFO|Incoming request GET /_next/static/chunks/node_modules_next_dist_client_0fhqo1d._.js GET /_next/static/chunks/node_modules_next_dist_client_0fhqo1d._.js
2026-04-07 00:34:10.1780|INFO|Incoming request GET / GET /
2026-04-07 00:34:10.1880|INFO|Incoming request GET /_next/static/chunks/node_modules_next_dist_115brz8._.js GET /_next/static/chunks/node_modules_next_dist_115brz8._.js
2026-04-07 00:34:10.1980|INFO|Incoming request GET /_next/static/chunks/node_modules_%40swc_helpers_cjs_0-4ujiy._.js GET /_next/static/chunks/node_modules_%40swc_helpers_cjs_0-4ujiy._.js
2026-04-07 00:34:10.3330|INFO|Incoming request GET /_next/static/chunks/_0rqeker._.js GET /_next/static/chunks/_0rqeker._.js
2026-04-07 00:34:10.3700|INFO|Incoming request GET /_next/static/chunks/turbopack-_0p44nws._.js GET /_next/static/chunks/turbopack-_0p44nws._.js
2026-04-07 00:34:10.3770|INFO|Incoming request GET / GET /
2026-04-07 00:34:10.3800|INFO|Incoming request GET /next.svg GET /next.svg
2026-04-07 00:34:10.3810|INFO|Incoming request GET /_next/static/chunks/%5Broot-of-the-server%5D__02nfq85._.css GET /_next/static/chunks/%5Broot-of-the-server%5D__02nfq85._.css
2026-04-07 00:34:10.3830|INFO|Incoming request GET /_next/static/chunks/node_modules_next_dist_compiled_next-devtools_index_0553esy.js GET /_next/static/chunks/node_modules_next_dist_compiled_next-devtools_index_0553esy.js
2026-04-07 00:34:10.3850|INFO|Incoming request GET /_next/static/chunks/node_modules_next_dist_compiled_react-dom_058-ah~._.js GET /_next/static/chunks/node_modules_next_dist_compiled_react-dom_058-ah~._.js
2026-04-07 00:34:10.5830|INFO|Incoming request GET /_next/static/chunks/%5Bturbopack%5D_browser_dev_hmr-client_hmr-client_ts_10z625~._.js GET /_next/static/chunks/%5Bturbopack%5D_browser_dev_hmr-client_hmr-client_ts_10z625~._.js
2026-04-07 00:34:10.6140|INFO|Incoming request GET /_next/static/chunks/node_modules_next_dist_compiled_react-server-dom-turbopack_0p3wegg._.js GET /_next/static/chunks/node_modules_next_dist_compiled_react-server-dom-turbopack_0p3wegg._.js
2026-04-07 00:34:10.6390|INFO|Incoming request GET /_next/static/chunks/node_modules_next_dist_compiled_0rpq4pf._.js GET /_next/static/chunks/node_modules_next_dist_compiled_0rpq4pf._.js
2026-04-07 00:34:10.6420|INFO|Incoming request GET / GET /
2026-04-07 00:34:10.6440|INFO|Incoming request GET /next.svg GET /next.svg
2026-04-07 00:34:10.6560|INFO|Incoming request GET /_next/static/chunks/%5Bturbopack%5D_browser_dev_hmr-client_hmr-client_ts_10z625~._.js GET /_next/static/chunks/%5Bturbopack%5D_browser_dev_hmr-client_hmr-client_ts_10z625~._.js
2026-04-07 00:34:10.6580|INFO|Incoming request GET /_next/static/chunks/node_modules_next_dist_compiled_next-devtools_index_0553esy.js GET /_next/static/chunks/node_modules_next_dist_compiled_next-devtools_index_0553esy.js
2026-04-07 00:34:10.6600|INFO|Incoming request GET /_next/static/chunks/%5Broot-of-the-server%5D__02nfq85._.css GET /_next/static/chunks/%5Broot-of-the-server%5D__02nfq85._.css
2026-04-07 00:34:11.0810|INFO|Incoming request GET /_next/static/chunks/node_modules_next_dist_compiled_react-dom_058-ah~._.js GET /_next/static/chunks/node_modules_next_dist_compiled_react-dom_058-ah~._.js
2026-04-07 00:34:11.1710|INFO|Incoming request GET /_next/static/chunks/node_modules_next_dist_compiled_react-server-dom-turbopack_0p3wegg._.js GET /_next/static/chunks/node_modules_next_dist_compiled_react-server-dom-turbopack_0p3wegg._.js
2026-04-07 00:34:11.1830|INFO|Incoming request GET /_next/static/chunks/node_modules_next_dist_compiled_0rpq4pf._.js GET /_next/static/chunks/node_modules_next_dist_compiled_0rpq4pf._.js
2026-04-07 00:34:11.1850|INFO|Incoming request GET /_next/static/chunks/node_modules_next_dist_client_0fhqo1d._.js GET /_next/static/chunks/node_modules_next_dist_client_0fhqo1d._.js
2026-04-07 00:34:11.1870|INFO|Incoming request GET /next.svg GET /next.svg
2026-04-07 00:34:11.1940|INFO|Incoming request GET /_next/static/chunks/%5Broot-of-the-server%5D__02nfq85._.css GET /_next/static/chunks/%5Broot-of-the-server%5D__02nfq85._.css
2026-04-07 00:34:11.1970|INFO|Incoming request GET /_next/static/chunks/%5Bturbopack%5D_browser_dev_hmr-client_hmr-client_ts_10z625~._.js GET /_next/static/chunks/%5Bturbopack%5D_browser_dev_hmr-client_hmr-client_ts_10z625~._.js
2026-04-07 00:34:11.1990|INFO|Incoming request GET / GET /
2026-04-07 00:34:11.2030|INFO|Incoming request GET /_next/static/chunks/node_modules_next_dist_compiled_next-devtools_index_0553esy.js GET /_next/static/chunks/node_modules_next_dist_compiled_next-devtools_index_0553esy.js
2026-04-07 00:34:11.3480|INFO|Incoming request GET /_next/static/chunks/node_modules_next_dist_compiled_react-dom_058-ah~._.js GET /_next/static/chunks/node_modules_next_dist_compiled_react-dom_058-ah~._.js
2026-04-07 00:34:11.3930|INFO|Incoming request GET /_next/static/chunks/node_modules_next_dist_compiled_react-server-dom-turbopack_0p3wegg._.js GET /_next/static/chunks/node_modules_next_dist_compiled_react-server-dom-turbopack_0p3wegg._.js
2026-04-07 00:34:11.4070|INFO|Incoming request GET /_next/static/chunks/node_modules_next_dist_compiled_0rpq4pf._.js GET /_next/static/chunks/node_modules_next_dist_compiled_0rpq4pf._.js
2026-04-07 00:34:11.4380|INFO|Incoming request GET /_next/static/chunks/node_modules_next_dist_client_0fhqo1d._.js GET /_next/static/chunks/node_modules_next_dist_client_0fhqo1d._.js
2026-04-07 00:34:11.4600|INFO|Incoming request GET /_next/static/chunks/node_modules_next_dist_115brz8._.js GET /_next/static/chunks/node_modules_next_dist_115brz8._.js
2026-04-07 00:34:11.4620|INFO|Incoming request GET /next.svg GET /next.svg
2026-04-07 00:34:11.4730|INFO|Incoming request GET /_next/static/chunks/node_modules_next_dist_compiled_next-devtools_index_0553esy.js GET /_next/static/chunks/node_modules_next_dist_compiled_next-devtools_index_0553esy.js
2026-04-07 00:34:11.4760|INFO|Incoming request GET /_next/static/chunks/%5Broot-of-the-server%5D__02nfq85._.css GET /_next/static/chunks/%5Broot-of-the-server%5D__02nfq85._.css
2026-04-07 00:34:11.4770|INFO|Incoming request GET /_next/static/chunks/node_modules_next_dist_compiled_react-dom_058-ah~._.js GET /_next/static/chunks/node_modules_next_dist_compiled_react-dom_058-ah~._.js
2026-04-07 00:34:11.4810|INFO|Incoming request GET /_next/static/chunks/node_modules_next_dist_compiled_react-server-dom-turbopack_0p3wegg._.js GET /_next/static/chunks/node_modules_next_dist_compiled_react-server-dom-turbopack_0p3wegg._.js
2026-04-07 00:34:11.5420|INFO|Incoming request GET /_next/static/chunks/%5Bturbopack%5D_browser_dev_hmr-client_hmr-client_ts_10z625~._.js GET /_next/static/chunks/%5Bturbopack%5D_browser_dev_hmr-client_hmr-client_ts_10z625~._.js
2026-04-07 00:34:11.5530|INFO|Incoming request GET / GET /
2026-04-07 00:34:11.6840|INFO|Incoming request GET /_next/static/chunks/node_modules_next_dist_compiled_0rpq4pf._.js GET /_next/static/chunks/node_modules_next_dist_compiled_0rpq4pf._.js
2026-04-07 00:34:11.7410|INFO|Incoming request GET /_next/static/chunks/node_modules_next_dist_client_0fhqo1d._.js GET /_next/static/chunks/node_modules_next_dist_client_0fhqo1d._.js
2026-04-07 00:34:11.8160|INFO|Incoming request GET /_next/static/chunks/node_modules_next_dist_115brz8._.js GET /_next/static/chunks/node_modules_next_dist_115brz8._.js
2026-04-07 00:34:11.8550|INFO|Incoming request GET /_next/static/chunks/node_modules_%40swc_helpers_cjs_0-4ujiy._.js GET /_next/static/chunks/node_modules_%40swc_helpers_cjs_0-4ujiy._.js
2026-04-07 00:34:11.8570|INFO|Incoming request GET / GET /
2026-04-07 00:34:11.8590|INFO|Incoming request GET /next.svg GET /next.svg
2026-04-07 00:34:11.8720|INFO|Incoming request GET /_next/static/chunks/node_modules_next_dist_compiled_next-devtools_index_0553esy.js GET /_next/static/chunks/node_modules_next_dist_compiled_next-devtools_index_0553esy.js
2026-04-07 00:34:11.8730|INFO|Incoming request GET /_next/static/chunks/node_modules_next_dist_compiled_react-dom_058-ah~._.js GET /_next/static/chunks/node_modules_next_dist_compiled_react-dom_058-ah~._.js
2026-04-07 00:34:11.8860|INFO|Incoming request GET /_next/static/chunks/%5Broot-of-the-server%5D__02nfq85._.css GET /_next/static/chunks/%5Broot-of-the-server%5D__02nfq85._.css
2026-04-07 00:34:12.0780|INFO|Incoming request GET /_next/static/chunks/%5Bturbopack%5D_browser_dev_hmr-client_hmr-client_ts_10z625~._.js GET /_next/static/chunks/%5Bturbopack%5D_browser_dev_hmr-client_hmr-client_ts_10z625~._.js
2026-04-07 00:34:12.1220|INFO|Incoming request GET /_next/static/chunks/node_modules_next_dist_compiled_react-server-dom-turbopack_0p3wegg._.js GET /_next/static/chunks/node_modules_next_dist_compiled_react-server-dom-turbopack_0p3wegg._.js
2026-04-07 00:34:12.1380|INFO|Incoming request GET /_next/static/chunks/node_modules_next_dist_compiled_0rpq4pf._.js GET /_next/static/chunks/node_modules_next_dist_compiled_0rpq4pf._.js
2026-04-07 00:34:12.1410|INFO|Incoming request GET /_next/static/chunks/node_modules_next_dist_client_0fhqo1d._.js GET /_next/static/chunks/node_modules_next_dist_client_0fhqo1d._.js
2026-04-07 00:34:12.1530|INFO|Incoming request GET /next.svg GET /next.svg
2026-04-07 00:34:12.1540|INFO|Incoming request GET /_next/static/chunks/%5Broot-of-the-server%5D__02nfq85._.css GET /_next/static/chunks/%5Broot-of-the-server%5D__02nfq85._.css
2026-04-07 00:34:12.1560|INFO|Incoming request GET /_next/static/chunks/%5Bturbopack%5D_browser_dev_hmr-client_hmr-client_ts_10z625~._.js GET /_next/static/chunks/%5Bturbopack%5D_browser_dev_hmr-client_hmr-client_ts_10z625~._.js
2026-04-07 00:34:12.1580|INFO|Incoming request GET /_next/static/chunks/node_modules_next_dist_compiled_next-devtools_index_0553esy.js GET /_next/static/chunks/node_modules_next_dist_compiled_next-devtools_index_0553esy.js
2026-04-07 00:34:12.1600|INFO|Incoming request GET /_next/static/chunks/node_modules_next_dist_compiled_react-dom_058-ah~._.js GET /_next/static/chunks/node_modules_next_dist_compiled_react-dom_058-ah~._.js
2026-04-07 00:34:12.1980|INFO|Incoming request GET /_next/static/chunks/node_modules_next_dist_compiled_react-server-dom-turbopack_0p3wegg._.js GET /_next/static/chunks/node_modules_next_dist_compiled_react-server-dom-turbopack_0p3wegg._.js
2026-04-07 00:34:12.2410|INFO|Incoming request GET /_next/static/chunks/node_modules_next_dist_compiled_0rpq4pf._.js GET /_next/static/chunks/node_modules_next_dist_compiled_0rpq4pf._.js
2026-04-07 00:34:12.2480|INFO|Incoming request GET /_next/static/chunks/node_modules_next_dist_client_0fhqo1d._.js GET /_next/static/chunks/node_modules_next_dist_client_0fhqo1d._.js
2026-04-07 00:34:12.2870|INFO|Incoming request GET / GET /
2026-04-07 00:34:12.4040|INFO|Incoming request GET /_next/static/chunks/node_modules_next_dist_115brz8._.js GET /_next/static/chunks/node_modules_next_dist_115brz8._.js
2026-04-07 00:34:12.4210|INFO|Incoming request GET /_next/static/chunks/node_modules_%40swc_helpers_cjs_0-4ujiy._.js GET /_next/static/chunks/node_modules_%40swc_helpers_cjs_0-4ujiy._.js
2026-04-07 00:34:12.4900|INFO|Incoming request GET /_next/static/chunks/_0rqeker._.js GET /_next/static/chunks/_0rqeker._.js
2026-04-07 00:34:12.4950|INFO|Incoming request GET /_next/static/chunks/node_modules_next_dist_0tt2wve._.js GET /_next/static/chunks/node_modules_next_dist_0tt2wve._.js
2026-04-07 00:34:12.4970|INFO|Incoming request GET /_next/static/chunks/node_modules_next_dist_07p5au~._.js GET /_next/static/chunks/node_modules_next_dist_07p5au~._.js
2026-04-07 00:34:12.4980|INFO|Incoming request GET /next.svg GET /next.svg
2026-04-07 00:34:12.5080|INFO|Incoming request GET /_next/static/chunks/%5Broot-of-the-server%5D__02nfq85._.css GET /_next/static/chunks/%5Broot-of-the-server%5D__02nfq85._.css
2026-04-07 00:34:12.5090|INFO|Incoming request GET / GET /
2026-04-07 00:34:12.5110|INFO|Incoming request GET /_next/static/chunks/node_modules_next_dist_compiled_next-devtools_index_0553esy.js GET /_next/static/chunks/node_modules_next_dist_compiled_next-devtools_index_0553esy.js
2026-04-07 00:34:12.5210|INFO|Incoming request GET /_next/static/chunks/node_modules_next_dist_compiled_react-dom_058-ah~._.js GET /_next/static/chunks/node_modules_next_dist_compiled_react-dom_058-ah~._.js
2026-04-07 00:34:12.6840|INFO|Incoming request GET /_next/static/chunks/%5Bturbopack%5D_browser_dev_hmr-client_hmr-client_ts_10z625~._.js GET /_next/static/chunks/%5Bturbopack%5D_browser_dev_hmr-client_hmr-client_ts_10z625~._.js
2026-04-07 00:34:12.7140|INFO|Incoming request GET /_next/static/chunks/node_modules_next_dist_compiled_react-server-dom-turbopack_0p3wegg._.js GET /_next/static/chunks/node_modules_next_dist_compiled_react-server-dom-turbopack_0p3wegg._.js
2026-04-07 00:34:12.7420|INFO|Incoming request GET /_next/static/chunks/node_modules_next_dist_compiled_0rpq4pf._.js GET /_next/static/chunks/node_modules_next_dist_compiled_0rpq4pf._.js
2026-04-07 00:34:12.7440|INFO|Incoming request GET /_next/static/chunks/node_modules_next_dist_client_0fhqo1d._.js GET /_next/static/chunks/node_modules_next_dist_client_0fhqo1d._.js
2026-04-07 00:34:12.7560|INFO|Incoming request GET /next.svg GET /next.svg
2026-04-07 00:34:12.7620|INFO|Incoming request GET /_next/static/chunks/%5Broot-of-the-server%5D__02nfq85._.css GET /_next/static/chunks/%5Broot-of-the-server%5D__02nfq85._.css
2026-04-07 00:34:12.7640|INFO|Incoming request GET /_next/static/chunks/%5Bturbopack%5D_browser_dev_hmr-client_hmr-client_ts_10z625~._.js GET /_next/static/chunks/%5Bturbopack%5D_browser_dev_hmr-client_hmr-client_ts_10z625~._.js
2026-04-07 00:34:12.7650|INFO|Incoming request GET /_next/static/chunks/node_modules_next_dist_compiled_next-devtools_index_0553esy.js GET /_next/static/chunks/node_modules_next_dist_compiled_next-devtools_index_0553esy.js
2026-04-07 00:34:12.7670|INFO|Incoming request GET /_next/static/chunks/node_modules_next_dist_compiled_react-dom_058-ah~._.js GET /_next/static/chunks/node_modules_next_dist_compiled_react-dom_058-ah~._.js
2026-04-07 00:34:12.7980|INFO|Incoming request GET /_next/static/chunks/node_modules_next_dist_compiled_react-server-dom-turbopack_0p3wegg._.js GET /_next/static/chunks/node_modules_next_dist_compiled_react-server-dom-turbopack_0p3wegg._.js
2026-04-07 00:34:12.8120|INFO|Incoming request GET /_next/static/chunks/node_modules_next_dist_compiled_0rpq4pf._.js GET /_next/static/chunks/node_modules_next_dist_compiled_0rpq4pf._.js
2026-04-07 00:34:12.8230|INFO|Incoming request GET /_next/static/chunks/node_modules_next_dist_client_0fhqo1d._.js GET /_next/static/chunks/node_modules_next_dist_client_0fhqo1d._.js
2026-04-07 00:34:12.8520|INFO|Incoming request GET / GET /
2026-04-07 00:34:13.0110|INFO|Incoming request GET /_next/static/chunks/node_modules_next_dist_115brz8._.js GET /_next/static/chunks/node_modules_next_dist_115brz8._.js
2026-04-07 00:34:13.0130|INFO|Incoming request GET /_next/static/chunks/node_modules_%40swc_helpers_cjs_0-4ujiy._.js GET /_next/static/chunks/node_modules_%40swc_helpers_cjs_0-4ujiy._.js
2026-04-07 00:34:13.0470|INFO|Incoming request GET /_next/static/chunks/_0rqeker._.js GET /_next/static/chunks/_0rqeker._.js
2026-04-07 00:34:13.0520|INFO|Incoming request GET /next.svg GET /next.svg
2026-04-07 00:34:13.0620|INFO|Incoming request GET /_next/static/chunks/%5Broot-of-the-server%5D__02nfq85._.css GET /_next/static/chunks/%5Broot-of-the-server%5D__02nfq85._.css
2026-04-07 00:34:13.0640|INFO|Incoming request GET /_next/static/chunks/node_modules_next_dist_compiled_next-devtools_index_0553esy.js GET /_next/static/chunks/node_modules_next_dist_compiled_next-devtools_index_0553esy.js
2026-04-07 00:34:13.0670|INFO|Incoming request GET /_next/static/chunks/node_modules_next_dist_compiled_react-dom_058-ah~._.js GET /_next/static/chunks/node_modules_next_dist_compiled_react-dom_058-ah~._.js
2026-04-07 00:34:13.0690|INFO|Incoming request GET /_next/static/chunks/%5Bturbopack%5D_browser_dev_hmr-client_hmr-client_ts_10z625~._.js GET /_next/static/chunks/%5Bturbopack%5D_browser_dev_hmr-client_hmr-client_ts_10z625~._.js
2026-04-07 00:34:13.1100|INFO|Incoming request GET / GET /
2026-04-07 00:34:13.1230|INFO|Incoming request GET /_next/static/chunks/node_modules_next_dist_compiled_react-server-dom-turbopack_0p3wegg._.js GET /_next/static/chunks/node_modules_next_dist_compiled_react-server-dom-turbopack_0p3wegg._.js
2026-04-07 00:34:13.1260|INFO|Incoming request GET /_next/static/chunks/node_modules_next_dist_compiled_0rpq4pf._.js GET /_next/static/chunks/node_modules_next_dist_compiled_0rpq4pf._.js
2026-04-07 00:34:13.2940|INFO|Incoming request GET /_next/static/chunks/node_modules_next_dist_client_0fhqo1d._.js GET /_next/static/chunks/node_modules_next_dist_client_0fhqo1d._.js
2026-04-07 00:34:13.3110|INFO|Incoming request GET /_next/static/chunks/node_modules_next_dist_115brz8._.js GET /_next/static/chunks/node_modules_next_dist_115brz8._.js
2026-04-07 00:34:13.3250|INFO|Incoming request GET /_next/static/chunks/node_modules_%40swc_helpers_cjs_0-4ujiy._.js GET /_next/static/chunks/node_modules_%40swc_helpers_cjs_0-4ujiy._.js
2026-04-07 00:34:13.3560|INFO|Incoming request GET /_next/static/chunks/_0rqeker._.js GET /_next/static/chunks/_0rqeker._.js
2026-04-07 00:34:13.3570|INFO|Incoming request GET /_next/static/chunks/turbopack-_0p44nws._.js GET /_next/static/chunks/turbopack-_0p44nws._.js
2026-04-07 00:34:13.3590|INFO|Incoming request GET /next.svg GET /next.svg
2026-04-07 00:34:13.3660|INFO|Incoming request GET / GET /
2026-04-07 00:34:13.3680|INFO|Incoming request GET /_next/static/chunks/%5Broot-of-the-server%5D__02nfq85._.css GET /_next/static/chunks/%5Broot-of-the-server%5D__02nfq85._.css
2026-04-07 00:34:13.3700|INFO|Incoming request GET /_next/static/chunks/node_modules_next_dist_compiled_next-devtools_index_0553esy.js GET /_next/static/chunks/node_modules_next_dist_compiled_next-devtools_index_0553esy.js
2026-04-07 00:34:13.3720|INFO|Incoming request GET /_next/static/chunks/node_modules_next_dist_compiled_react-dom_058-ah~._.js GET /_next/static/chunks/node_modules_next_dist_compiled_react-dom_058-ah~._.js
2026-04-07 00:34:13.5020|INFO|Incoming request GET /_next/static/chunks/%5Bturbopack%5D_browser_dev_hmr-client_hmr-client_ts_10z625~._.js GET /_next/static/chunks/%5Bturbopack%5D_browser_dev_hmr-client_hmr-client_ts_10z625~._.js
2026-04-07 00:34:13.5250|INFO|Incoming request GET /_next/static/chunks/node_modules_next_dist_compiled_react-server-dom-turbopack_0p3wegg._.js GET /_next/static/chunks/node_modules_next_dist_compiled_react-server-dom-turbopack_0p3wegg._.js
2026-04-07 00:34:13.5710|INFO|Incoming request GET /_next/static/chunks/node_modules_next_dist_compiled_0rpq4pf._.js GET /_next/static/chunks/node_modules_next_dist_compiled_0rpq4pf._.js
2026-04-07 00:34:13.5770|INFO|Incoming request GET / GET /
2026-04-07 00:34:13.5790|INFO|Incoming request GET /next.svg GET /next.svg
2026-04-07 00:34:13.5820|INFO|Incoming request GET /_next/static/chunks/%5Broot-of-the-server%5D__02nfq85._.css GET /_next/static/chunks/%5Broot-of-the-server%5D__02nfq85._.css
2026-04-07 00:34:13.5840|INFO|Incoming request GET /_next/static/chunks/%5Bturbopack%5D_browser_dev_hmr-client_hmr-client_ts_10z625~._.js GET /_next/static/chunks/%5Bturbopack%5D_browser_dev_hmr-client_hmr-client_ts_10z625~._.js
2026-04-07 00:34:13.5860|INFO|Incoming request GET /_next/static/chunks/node_modules_next_dist_compiled_next-devtools_index_0553esy.js GET /_next/static/chunks/node_modules_next_dist_compiled_next-devtools_index_0553esy.js
2026-04-07 00:34:13.7300|INFO|Incoming request GET /_next/static/chunks/node_modules_next_dist_compiled_react-dom_058-ah~._.js GET /_next/static/chunks/node_modules_next_dist_compiled_react-dom_058-ah~._.js
2026-04-07 00:34:13.7610|INFO|Incoming request GET /_next/static/chunks/node_modules_next_dist_compiled_react-server-dom-turbopack_0p3wegg._.js GET /_next/static/chunks/node_modules_next_dist_compiled_react-server-dom-turbopack_0p3wegg._.js
2026-04-07 00:34:13.7910|INFO|Incoming request GET /_next/static/chunks/node_modules_next_dist_compiled_0rpq4pf._.js GET /_next/static/chunks/node_modules_next_dist_compiled_0rpq4pf._.js
2026-04-07 00:34:13.7930|INFO|Incoming request GET /_next/static/chunks/node_modules_next_dist_client_0fhqo1d._.js GET /_next/static/chunks/node_modules_next_dist_client_0fhqo1d._.js
2026-04-07 00:34:13.7940|INFO|Incoming request GET /_next/static/chunks/node_modules_next_dist_115brz8._.js GET /_next/static/chunks/node_modules_next_dist_115brz8._.js
2026-04-07 00:34:13.8030|INFO|Incoming request GET /_next/static/chunks/node_modules_%40swc_helpers_cjs_0-4ujiy._.js GET /_next/static/chunks/node_modules_%40swc_helpers_cjs_0-4ujiy._.js
2026-04-07 00:34:13.8040|INFO|Incoming request GET / GET /
2026-04-07 00:34:13.8050|INFO|Incoming request GET /next.svg GET /next.svg
2026-04-07 00:34:13.8070|INFO|Incoming request GET /_next/static/chunks/%5Broot-of-the-server%5D__02nfq85._.css GET /_next/static/chunks/%5Broot-of-the-server%5D__02nfq85._.css
2026-04-07 00:34:13.8110|INFO|Incoming request GET /_next/static/chunks/node_modules_next_dist_compiled_next-devtools_index_0553esy.js GET /_next/static/chunks/node_modules_next_dist_compiled_next-devtools_index_0553esy.js
2026-04-07 00:34:13.8130|INFO|Incoming request GET /_next/static/chunks/node_modules_next_dist_compiled_react-dom_058-ah~._.js GET /_next/static/chunks/node_modules_next_dist_compiled_react-dom_058-ah~._.js
2026-04-07 00:34:13.9720|INFO|Incoming request GET /_next/static/chunks/node_modules_next_dist_compiled_react-server-dom-turbopack_0p3wegg._.js GET /_next/static/chunks/node_modules_next_dist_compiled_react-server-dom-turbopack_0p3wegg._.js
2026-04-07 00:34:13.9850|INFO|Incoming request GET /_next/static/chunks/%5Bturbopack%5D_browser_dev_hmr-client_hmr-client_ts_10z625~._.js GET /_next/static/chunks/%5Bturbopack%5D_browser_dev_hmr-client_hmr-client_ts_10z625~._.js
2026-04-07 00:34:14.0250|INFO|Incoming request GET /_next/static/chunks/node_modules_next_dist_compiled_0rpq4pf._.js GET /_next/static/chunks/node_modules_next_dist_compiled_0rpq4pf._.js
2026-04-07 00:34:14.0270|INFO|Incoming request GET /_next/static/chunks/node_modules_next_dist_client_0fhqo1d._.js GET /_next/static/chunks/node_modules_next_dist_client_0fhqo1d._.js
2026-04-07 00:34:14.0280|INFO|Incoming request GET /_next/static/chunks/node_modules_next_dist_0tt2wve._.js GET /_next/static/chunks/node_modules_next_dist_0tt2wve._.js
2026-04-07 00:34:14.0300|INFO|Incoming request GET /next.svg GET /next.svg
2026-04-07 00:34:14.0450|INFO|Incoming request GET /_next/static/chunks/%5Broot-of-the-server%5D__02nfq85._.css GET /_next/static/chunks/%5Broot-of-the-server%5D__02nfq85._.css
2026-04-07 00:34:14.0470|INFO|Incoming request GET /_next/static/chunks/%5Bturbopack%5D_browser_dev_hmr-client_hmr-client_ts_10z625~._.js GET /_next/static/chunks/%5Bturbopack%5D_browser_dev_hmr-client_hmr-client_ts_10z625~._.js
2026-04-07 00:34:14.0490|INFO|Incoming request GET /_next/static/chunks/node_modules_next_dist_compiled_next-devtools_index_0553esy.js GET /_next/static/chunks/node_modules_next_dist_compiled_next-devtools_index_0553esy.js
2026-04-07 00:34:14.0510|INFO|Incoming request GET /_next/static/chunks/node_modules_next_dist_compiled_react-dom_058-ah~._.js GET /_next/static/chunks/node_modules_next_dist_compiled_react-dom_058-ah~._.js
2026-04-07 00:34:14.0770|INFO|Incoming request GET /_next/static/chunks/node_modules_next_dist_compiled_react-server-dom-turbopack_0p3wegg._.js GET /_next/static/chunks/node_modules_next_dist_compiled_react-server-dom-turbopack_0p3wegg._.js
2026-04-07 00:34:14.0930|INFO|Incoming request GET /_next/static/chunks/node_modules_next_dist_compiled_0rpq4pf._.js GET /_next/static/chunks/node_modules_next_dist_compiled_0rpq4pf._.js
2026-04-07 00:34:14.1240|INFO|Incoming request GET /_next/static/chunks/node_modules_next_dist_client_0fhqo1d._.js GET /_next/static/chunks/node_modules_next_dist_client_0fhqo1d._.js
2026-04-07 00:34:14.1710|INFO|Incoming request GET / GET /
2026-04-07 00:34:14.3230|INFO|Incoming request GET /_next/static/chunks/node_modules_next_dist_115brz8._.js GET /_next/static/chunks/node_modules_next_dist_115brz8._.js
2026-04-07 00:34:14.3550|INFO|Incoming request GET /_next/static/chunks/node_modules_%40swc_helpers_cjs_0-4ujiy._.js GET /_next/static/chunks/node_modules_%40swc_helpers_cjs_0-4ujiy._.js
2026-04-07 00:34:14.4570|INFO|Incoming request GET /_next/static/chunks/_0rqeker._.js GET /_next/static/chunks/_0rqeker._.js
2026-04-07 00:34:14.4590|INFO|Incoming request GET /next.svg GET /next.svg
2026-04-07 00:34:14.4770|INFO|Incoming request GET /_next/static/chunks/%5Broot-of-the-server%5D__02nfq85._.css GET /_next/static/chunks/%5Broot-of-the-server%5D__02nfq85._.css
2026-04-07 00:34:14.4800|INFO|Incoming request GET /_next/static/chunks/node_modules_next_dist_compiled_next-devtools_index_0553esy.js GET /_next/static/chunks/node_modules_next_dist_compiled_next-devtools_index_0553esy.js
2026-04-07 00:34:14.4820|INFO|Incoming request GET /_next/static/chunks/node_modules_next_dist_compiled_react-dom_058-ah~._.js GET /_next/static/chunks/node_modules_next_dist_compiled_react-dom_058-ah~._.js
2026-04-07 00:34:14.4880|INFO|Incoming request GET /_next/static/chunks/%5Bturbopack%5D_browser_dev_hmr-client_hmr-client_ts_10z625~._.js GET /_next/static/chunks/%5Bturbopack%5D_browser_dev_hmr-client_hmr-client_ts_10z625~._.js
2026-04-07 00:34:14.5370|INFO|Incoming request GET / GET /
2026-04-07 00:34:14.5580|INFO|Incoming request GET /_next/static/chunks/node_modules_next_dist_compiled_react-server-dom-turbopack_0p3wegg._.js GET /_next/static/chunks/node_modules_next_dist_compiled_react-server-dom-turbopack_0p3wegg._.js
2026-04-07 00:34:14.5640|INFO|Incoming request GET /_next/static/chunks/node_modules_next_dist_compiled_0rpq4pf._.js GET /_next/static/chunks/node_modules_next_dist_compiled_0rpq4pf._.js
2026-04-07 00:34:14.7360|INFO|Incoming request GET /_next/static/chunks/node_modules_next_dist_client_0fhqo1d._.js GET /_next/static/chunks/node_modules_next_dist_client_0fhqo1d._.js
2026-04-07 00:34:14.7480|INFO|Incoming request GET /_next/static/chunks/node_modules_next_dist_115brz8._.js GET /_next/static/chunks/node_modules_next_dist_115brz8._.js
2026-04-07 00:34:14.7530|INFO|Incoming request GET /_next/static/chunks/node_modules_%40swc_helpers_cjs_0-4ujiy._.js GET /_next/static/chunks/node_modules_%40swc_helpers_cjs_0-4ujiy._.js
2026-04-07 00:34:14.7610|INFO|Incoming request GET /_next/static/chunks/_0rqeker._.js GET /_next/static/chunks/_0rqeker._.js
2026-04-07 00:34:14.7620|INFO|Incoming request GET /next.svg GET /next.svg
2026-04-07 00:34:14.7700|INFO|Incoming request GET /_next/static/chunks/%5Broot-of-the-server%5D__02nfq85._.css GET /_next/static/chunks/%5Broot-of-the-server%5D__02nfq85._.css
2026-04-07 00:34:14.7710|INFO|Incoming request GET /_next/static/chunks/node_modules_next_dist_compiled_next-devtools_index_0553esy.js GET /_next/static/chunks/node_modules_next_dist_compiled_next-devtools_index_0553esy.js
2026-04-07 00:34:14.7730|INFO|Incoming request GET /_next/static/chunks/node_modules_next_dist_compiled_react-dom_058-ah~._.js GET /_next/static/chunks/node_modules_next_dist_compiled_react-dom_058-ah~._.js
2026-04-07 00:34:14.7740|INFO|Incoming request GET /_next/static/chunks/%5Bturbopack%5D_browser_dev_hmr-client_hmr-client_ts_10z625~._.js GET /_next/static/chunks/%5Bturbopack%5D_browser_dev_hmr-client_hmr-client_ts_10z625~._.js
2026-04-07 00:34:14.8200|INFO|Incoming request GET /_next/static/chunks/node_modules_next_dist_compiled_react-server-dom-turbopack_0p3wegg._.js GET /_next/static/chunks/node_modules_next_dist_compiled_react-server-dom-turbopack_0p3wegg._.js
2026-04-07 00:34:14.8260|INFO|Incoming request GET /_next/static/chunks/node_modules_next_dist_compiled_0rpq4pf._.js GET /_next/static/chunks/node_modules_next_dist_compiled_0rpq4pf._.js
2026-04-07 00:34:14.8370|INFO|Incoming request GET /_next/static/chunks/node_modules_next_dist_client_0fhqo1d._.js GET /_next/static/chunks/node_modules_next_dist_client_0fhqo1d._.js
2026-04-07 00:34:14.8890|INFO|Incoming request GET /_next/static/chunks/node_modules_next_dist_115brz8._.js GET /_next/static/chunks/node_modules_next_dist_115brz8._.js
2026-04-07 00:34:14.8970|INFO|Incoming request GET /_next/static/chunks/node_modules_%40swc_helpers_cjs_0-4ujiy._.js GET /_next/static/chunks/node_modules_%40swc_helpers_cjs_0-4ujiy._.js
2026-04-07 00:34:14.9090|INFO|Incoming request GET /_next/static/chunks/_0rqeker._.js GET /_next/static/chunks/_0rqeker._.js
2026-04-07 00:34:14.9650|INFO|Incoming request GET / GET /
2026-04-07 00:34:15.0650|INFO|Incoming request GET /_next/static/chunks/turbopack-_0p44nws._.js GET /_next/static/chunks/turbopack-_0p44nws._.js
2026-04-07 00:34:15.1150|INFO|Incoming request GET /_next/static/chunks/node_modules_next_dist_0tt2wve._.js GET /_next/static/chunks/node_modules_next_dist_0tt2wve._.js
2026-04-07 00:34:15.1510|INFO|Incoming request GET /_next/static/chunks/node_modules_next_dist_07p5au~._.js GET /_next/static/chunks/node_modules_next_dist_07p5au~._.js
2026-04-07 00:34:15.1540|INFO|Incoming request GET /_next/static/chunks/src_app_page_tsx_002ye8~._.js GET /_next/static/chunks/src_app_page_tsx_002ye8~._.js
2026-04-07 00:34:15.1960|INFO|Incoming request GET /_next/static/chunks/src_app_layout_tsx_004glpo._.js GET /_next/static/chunks/src_app_layout_tsx_004glpo._.js
2026-04-07 00:34:15.1980|INFO|Incoming request GET /next.svg GET /next.svg
2026-04-07 00:34:15.2130|INFO|Incoming request GET /_next/static/chunks/%5Broot-of-the-server%5D__02nfq85._.css GET /_next/static/chunks/%5Broot-of-the-server%5D__02nfq85._.css
2026-04-07 00:34:15.2140|INFO|Incoming request GET /_next/static/chunks/%5Bturbopack%5D_browser_dev_hmr-client_hmr-client_ts_10z625~._.js GET /_next/static/chunks/%5Bturbopack%5D_browser_dev_hmr-client_hmr-client_ts_10z625~._.js
2026-04-07 00:34:15.2160|INFO|Incoming request GET /_next/static/chunks/node_modules_next_dist_compiled_react-dom_058-ah~._.js GET /_next/static/chunks/node_modules_next_dist_compiled_react-dom_058-ah~._.js
2026-04-07 00:34:15.2180|INFO|Incoming request GET /_next/static/chunks/node_modules_next_dist_compiled_next-devtools_index_0553esy.js GET /_next/static/chunks/node_modules_next_dist_compiled_next-devtools_index_0553esy.js
2026-04-07 00:34:15.2780|INFO|Incoming request GET /_next/static/chunks/node_modules_next_dist_compiled_react-server-dom-turbopack_0p3wegg._.js GET /_next/static/chunks/node_modules_next_dist_compiled_react-server-dom-turbopack_0p3wegg._.js
2026-04-07 00:34:15.2880|INFO|Incoming request GET /_next/static/chunks/node_modules_next_dist_compiled_0rpq4pf._.js GET /_next/static/chunks/node_modules_next_dist_compiled_0rpq4pf._.js
2026-04-07 00:34:15.2940|INFO|Incoming request GET /_next/static/chunks/node_modules_next_dist_client_0fhqo1d._.js GET /_next/static/chunks/node_modules_next_dist_client_0fhqo1d._.js
2026-04-07 00:34:15.3020|INFO|Incoming request GET /_next/static/chunks/node_modules_next_dist_115brz8._.js GET /_next/static/chunks/node_modules_next_dist_115brz8._.js
2026-04-07 00:34:15.3720|INFO|Incoming request GET / GET /
2026-04-07 00:34:15.3750|INFO|Incoming request GET /_next/static/chunks/node_modules_%40swc_helpers_cjs_0-4ujiy._.js GET /_next/static/chunks/node_modules_%40swc_helpers_cjs_0-4ujiy._.js
2026-04-07 00:34:15.3820|INFO|Incoming request GET /_next/static/chunks/_0rqeker._.js GET /_next/static/chunks/_0rqeker._.js
2026-04-07 00:34:15.3850|INFO|Incoming request GET /_next/static/chunks/turbopack-_0p44nws._.js GET /_next/static/chunks/turbopack-_0p44nws._.js
2026-04-07 00:34:15.3870|INFO|Incoming request GET /_next/static/chunks/node_modules_next_dist_0tt2wve._.js GET /_next/static/chunks/node_modules_next_dist_0tt2wve._.js
2026-04-07 00:34:15.5450|INFO|Incoming request GET /_next/static/chunks/src_app_layout_tsx_004glpo._.js GET /_next/static/chunks/src_app_layout_tsx_004glpo._.js
2026-04-07 00:34:15.5480|INFO|Incoming request GET /_next/static/chunks/node_modules_next_dist_07p5au~._.js GET /_next/static/chunks/node_modules_next_dist_07p5au~._.js
2026-04-07 00:34:15.5890|INFO|Incoming request GET /vercel.svg GET /vercel.svg
2026-04-07 00:34:15.5910|INFO|Incoming request GET /next.svg GET /next.svg
2026-04-07 00:34:15.5970|INFO|Incoming request GET /_next/static/chunks/%5Broot-of-the-server%5D__02nfq85._.css GET /_next/static/chunks/%5Broot-of-the-server%5D__02nfq85._.css
2026-04-07 00:34:15.6000|INFO|Incoming request GET /_next/static/chunks/node_modules_next_dist_compiled_react-dom_058-ah~._.js GET /_next/static/chunks/node_modules_next_dist_compiled_react-dom_058-ah~._.js
2026-04-07 00:34:15.6030|INFO|Incoming request GET /_next/static/chunks/%5Bturbopack%5D_browser_dev_hmr-client_hmr-client_ts_10z625~._.js GET /_next/static/chunks/%5Bturbopack%5D_browser_dev_hmr-client_hmr-client_ts_10z625~._.js
2026-04-07 00:34:15.6050|INFO|Incoming request GET /_next/static/chunks/node_modules_next_dist_compiled_next-devtools_index_0553esy.js GET /_next/static/chunks/node_modules_next_dist_compiled_next-devtools_index_0553esy.js
2026-04-07 00:34:15.6550|INFO|Incoming request GET /_next/static/chunks/node_modules_next_dist_compiled_react-server-dom-turbopack_0p3wegg._.js GET /_next/static/chunks/node_modules_next_dist_compiled_react-server-dom-turbopack_0p3wegg._.js
2026-04-07 00:34:15.6650|INFO|Incoming request GET /_next/static/chunks/node_modules_next_dist_compiled_0rpq4pf._.js GET /_next/static/chunks/node_modules_next_dist_compiled_0rpq4pf._.js
2026-04-07 00:34:15.6730|INFO|Incoming request GET /_next/static/chunks/node_modules_next_dist_client_0fhqo1d._.js GET /_next/static/chunks/node_modules_next_dist_client_0fhqo1d._.js
2026-04-07 00:34:15.6790|INFO|Incoming request GET /_next/static/chunks/node_modules_next_dist_115brz8._.js GET /_next/static/chunks/node_modules_next_dist_115brz8._.js
2026-04-07 00:34:15.7220|INFO|Incoming request GET / GET /
2026-04-07 00:34:15.7300|INFO|Incoming request GET /_next/static/chunks/node_modules_%40swc_helpers_cjs_0-4ujiy._.js GET /_next/static/chunks/node_modules_%40swc_helpers_cjs_0-4ujiy._.js
2026-04-07 00:34:15.7400|INFO|Incoming request GET /_next/static/chunks/_0rqeker._.js GET /_next/static/chunks/_0rqeker._.js
2026-04-07 00:34:15.7420|INFO|Incoming request GET /_next/static/chunks/turbopack-_0p44nws._.js GET /_next/static/chunks/turbopack-_0p44nws._.js
2026-04-07 00:34:15.7430|INFO|Incoming request GET /_next/static/chunks/node_modules_next_dist_0tt2wve._.js GET /_next/static/chunks/node_modules_next_dist_0tt2wve._.js
2026-04-07 00:34:15.9220|INFO|Incoming request GET /_next/static/chunks/src_app_layout_tsx_004glpo._.js GET /_next/static/chunks/src_app_layout_tsx_004glpo._.js
2026-04-07 00:34:15.9250|INFO|Incoming request GET /_next/static/chunks/node_modules_next_dist_07p5au~._.js GET /_next/static/chunks/node_modules_next_dist_07p5au~._.js
2026-04-07 00:34:15.9440|INFO|Incoming request GET /next.svg GET /next.svg
2026-04-07 00:34:15.9560|INFO|Incoming request GET /_next/static/chunks/%5Broot-of-the-server%5D__02nfq85._.css GET /_next/static/chunks/%5Broot-of-the-server%5D__02nfq85._.css
2026-04-07 00:34:15.9590|INFO|Incoming request GET /_next/static/chunks/%5Bturbopack%5D_browser_dev_hmr-client_hmr-client_ts_10z625~._.js GET /_next/static/chunks/%5Bturbopack%5D_browser_dev_hmr-client_hmr-client_ts_10z625~._.js
2026-04-07 00:34:15.9620|INFO|Incoming request GET /_next/static/chunks/node_modules_next_dist_compiled_next-devtools_index_0553esy.js GET /_next/static/chunks/node_modules_next_dist_compiled_next-devtools_index_0553esy.js
2026-04-07 00:34:15.9700|INFO|Incoming request GET /_next/static/chunks/node_modules_next_dist_compiled_react-dom_058-ah~._.js GET /_next/static/chunks/node_modules_next_dist_compiled_react-dom_058-ah~._.js
2026-04-07 00:34:16.0160|INFO|Incoming request GET /_next/static/chunks/node_modules_next_dist_compiled_react-server-dom-turbopack_0p3wegg._.js GET /_next/static/chunks/node_modules_next_dist_compiled_react-server-dom-turbopack_0p3wegg._.js
2026-04-07 00:34:16.0250|INFO|Incoming request GET /_next/static/chunks/node_modules_next_dist_compiled_0rpq4pf._.js GET /_next/static/chunks/node_modules_next_dist_compiled_0rpq4pf._.js
2026-04-07 00:34:16.0280|INFO|Incoming request GET /_next/static/chunks/node_modules_next_dist_client_0fhqo1d._.js GET /_next/static/chunks/node_modules_next_dist_client_0fhqo1d._.js
2026-04-07 00:34:16.0300|INFO|Incoming request GET /_next/static/chunks/node_modules_next_dist_115brz8._.js GET /_next/static/chunks/node_modules_next_dist_115brz8._.js
2026-04-07 00:34:16.0850|INFO|Incoming request GET /_next/static/chunks/node_modules_%40swc_helpers_cjs_0-4ujiy._.js GET /_next/static/chunks/node_modules_%40swc_helpers_cjs_0-4ujiy._.js
2026-04-07 00:34:16.0890|INFO|Incoming request GET /_next/static/chunks/turbopack-_0p44nws._.js GET /_next/static/chunks/turbopack-_0p44nws._.js
2026-04-07 00:34:16.1040|INFO|Incoming request GET /_next/static/chunks/node_modules_next_dist_0tt2wve._.js GET /_next/static/chunks/node_modules_next_dist_0tt2wve._.js
2026-04-07 00:34:16.1060|INFO|Incoming request GET /_next/static/chunks/src_app_layout_tsx_004glpo._.js GET /_next/static/chunks/src_app_layout_tsx_004glpo._.js
2026-04-07 00:34:16.1080|INFO|Incoming request GET /_next/static/chunks/_0rqeker._.js GET /_next/static/chunks/_0rqeker._.js
2026-04-07 00:34:16.1460|INFO|Incoming request GET / GET /
2026-04-07 00:34:16.1820|INFO|Incoming request GET /_next/static/chunks/node_modules_next_dist_07p5au~._.js GET /_next/static/chunks/node_modules_next_dist_07p5au~._.js
2026-04-07 00:34:16.1920|INFO|Incoming request GET /_next/static/chunks/src_app_page_tsx_002ye8~._.js GET /_next/static/chunks/src_app_page_tsx_002ye8~._.js
2026-04-07 00:34:16.2750|INFO|Incoming request GET /_next/static/chunks/node_modules_next_dist_client_components_builtin_global-error_002ye8~.js GET /_next/static/chunks/node_modules_next_dist_client_components_builtin_global-error_002ye8~.js
2026-04-07 00:34:16.3710|INFO|Incoming request GET /vercel.svg GET /vercel.svg
2026-04-07 00:34:16.4000|INFO|Incoming request GET /next.svg GET /next.svg
2026-04-07 00:34:16.4050|INFO|Incoming request GET /_next/static/chunks/%5Broot-of-the-server%5D__02nfq85._.css GET /_next/static/chunks/%5Broot-of-the-server%5D__02nfq85._.css
2026-04-07 00:34:16.4080|INFO|Incoming request GET /_next/static/chunks/node_modules_next_dist_compiled_react-dom_058-ah~._.js GET /_next/static/chunks/node_modules_next_dist_compiled_react-dom_058-ah~._.js
2026-04-07 00:34:16.4120|INFO|Incoming request GET /_next/static/chunks/%5Bturbopack%5D_browser_dev_hmr-client_hmr-client_ts_10z625~._.js GET /_next/static/chunks/%5Bturbopack%5D_browser_dev_hmr-client_hmr-client_ts_10z625~._.js
2026-04-07 00:34:16.4150|INFO|Incoming request GET /_next/static/chunks/node_modules_next_dist_compiled_next-devtools_index_0553esy.js GET /_next/static/chunks/node_modules_next_dist_compiled_next-devtools_index_0553esy.js
2026-04-07 00:34:16.5280|INFO|Incoming request GET /_next/static/chunks/node_modules_next_dist_compiled_react-server-dom-turbopack_0p3wegg._.js GET /_next/static/chunks/node_modules_next_dist_compiled_react-server-dom-turbopack_0p3wegg._.js
2026-04-07 00:34:16.5520|INFO|Incoming request GET /_next/static/chunks/node_modules_next_dist_compiled_0rpq4pf._.js GET /_next/static/chunks/node_modules_next_dist_compiled_0rpq4pf._.js
2026-04-07 00:34:16.5600|INFO|Incoming request GET / GET /
2026-04-07 00:34:16.5630|INFO|Incoming request GET /_next/static/chunks/node_modules_next_dist_client_0fhqo1d._.js GET /_next/static/chunks/node_modules_next_dist_client_0fhqo1d._.js
2026-04-07 00:34:16.8110|INFO|Incoming request GET /_next/static/chunks/node_modules_next_dist_115brz8._.js GET /_next/static/chunks/node_modules_next_dist_115brz8._.js
2026-04-07 00:34:16.8140|INFO|Incoming request GET /_next/static/chunks/node_modules_%40swc_helpers_cjs_0-4ujiy._.js GET /_next/static/chunks/node_modules_%40swc_helpers_cjs_0-4ujiy._.js
2026-04-07 00:34:16.8360|INFO|Incoming request GET /_next/static/chunks/_0rqeker._.js GET /_next/static/chunks/_0rqeker._.js
2026-04-07 00:34:16.8380|INFO|Incoming request GET /_next/static/chunks/turbopack-_0p44nws._.js GET /_next/static/chunks/turbopack-_0p44nws._.js
2026-04-07 00:34:16.8790|INFO|Incoming request GET /_next/static/chunks/node_modules_next_dist_0tt2wve._.js GET /_next/static/chunks/node_modules_next_dist_0tt2wve._.js
2026-04-07 00:34:16.8820|INFO|Incoming request GET /next.svg GET /next.svg
2026-04-07 00:34:16.8910|INFO|Incoming request GET /_next/static/chunks/%5Broot-of-the-server%5D__02nfq85._.css GET /_next/static/chunks/%5Broot-of-the-server%5D__02nfq85._.css
2026-04-07 00:34:16.8930|INFO|Incoming request GET /_next/static/chunks/node_modules_next_dist_compiled_react-dom_058-ah~._.js GET /_next/static/chunks/node_modules_next_dist_compiled_react-dom_058-ah~._.js
2026-04-07 00:34:16.8940|INFO|Incoming request GET /_next/static/chunks/%5Bturbopack%5D_browser_dev_hmr-client_hmr-client_ts_10z625~._.js GET /_next/static/chunks/%5Bturbopack%5D_browser_dev_hmr-client_hmr-client_ts_10z625~._.js
2026-04-07 00:34:16.8960|INFO|Incoming request GET /_next/static/chunks/node_modules_next_dist_compiled_next-devtools_index_0553esy.js GET /_next/static/chunks/node_modules_next_dist_compiled_next-devtools_index_0553esy.js
2026-04-07 00:34:16.9880|INFO|Incoming request GET /_next/static/chunks/node_modules_next_dist_compiled_react-server-dom-turbopack_0p3wegg._.js GET /_next/static/chunks/node_modules_next_dist_compiled_react-server-dom-turbopack_0p3wegg._.js
2026-04-07 00:34:17.0030|INFO|Incoming request GET /_next/static/chunks/node_modules_next_dist_compiled_0rpq4pf._.js GET /_next/static/chunks/node_modules_next_dist_compiled_0rpq4pf._.js
2026-04-07 00:34:17.0100|INFO|Incoming request GET /_next/static/chunks/node_modules_next_dist_client_0fhqo1d._.js GET /_next/static/chunks/node_modules_next_dist_client_0fhqo1d._.js
2026-04-07 00:34:17.0210|INFO|Incoming request GET /_next/static/chunks/node_modules_next_dist_115brz8._.js GET /_next/static/chunks/node_modules_next_dist_115brz8._.js
2026-04-07 00:34:17.0550|INFO|Incoming request GET /_next/static/chunks/node_modules_%40swc_helpers_cjs_0-4ujiy._.js GET /_next/static/chunks/node_modules_%40swc_helpers_cjs_0-4ujiy._.js
2026-04-07 00:34:17.0620|INFO|Incoming request GET /_next/static/chunks/_0rqeker._.js GET /_next/static/chunks/_0rqeker._.js
2026-04-07 00:34:17.0640|INFO|Incoming request GET /_next/static/chunks/turbopack-_0p44nws._.js GET /_next/static/chunks/turbopack-_0p44nws._.js
2026-04-07 00:34:17.0870|INFO|Incoming request GET /_next/static/chunks/node_modules_next_dist_0tt2wve._.js GET /_next/static/chunks/node_modules_next_dist_0tt2wve._.js
2026-04-07 00:34:17.1160|INFO|Incoming request GET /_next/static/chunks/src_app_layout_tsx_004glpo._.js GET /_next/static/chunks/src_app_layout_tsx_004glpo._.js
2026-04-07 00:34:17.1540|INFO|Incoming request GET /_next/static/chunks/node_modules_next_dist_07p5au~._.js GET /_next/static/chunks/node_modules_next_dist_07p5au~._.js
2026-04-07 00:34:17.1600|INFO|Incoming request GET /_next/static/chunks/src_app_page_tsx_002ye8~._.js GET /_next/static/chunks/src_app_page_tsx_002ye8~._.js
2026-04-07 00:34:17.1830|INFO|Incoming request GET /_next/static/chunks/node_modules_next_dist_client_components_builtin_global-error_002ye8~.js GET /_next/static/chunks/node_modules_next_dist_client_components_builtin_global-error_002ye8~.js
2026-04-07 00:34:17.1860|INFO|Incoming request GET /vercel.svg GET /vercel.svg
2026-04-07 00:34:17.2310|INFO|Incoming request GET /_next/static/chunks/%5Bturbopack%5D_browser_dev_hmr-client_hmr-client_ts_0yjw1oe._.js GET /_next/static/chunks/%5Bturbopack%5D_browser_dev_hmr-client_hmr-client_ts_0yjw1oe._.js
2026-04-07 00:34:17.2390|INFO|Incoming request GET /_next/static/chunks/%5Bturbopack%5D_browser_dev_hmr-client_hmr-client_ts_10mygs7._.js GET /_next/static/chunks/%5Bturbopack%5D_browser_dev_hmr-client_hmr-client_ts_10mygs7._.js
2026-04-07 00:34:19.6060|INFO|Incoming request GET / GET /
2026-04-07 00:34:19.7800|INFO|Incoming request GET /next.svg GET /next.svg
2026-04-07 00:34:19.7850|INFO|Incoming request GET /_next/static/chunks/%5Broot-of-the-server%5D__02nfq85._.css GET /_next/static/chunks/%5Broot-of-the-server%5D__02nfq85._.css
2026-04-07 00:34:19.7900|INFO|Incoming request GET /_next/static/chunks/%5Bturbopack%5D_browser_dev_hmr-client_hmr-client_ts_10z625~._.js GET /_next/static/chunks/%5Bturbopack%5D_browser_dev_hmr-client_hmr-client_ts_10z625~._.js
2026-04-07 00:34:19.7920|INFO|Incoming request GET /_next/static/chunks/node_modules_next_dist_compiled_next-devtools_index_0553esy.js GET /_next/static/chunks/node_modules_next_dist_compiled_next-devtools_index_0553esy.js
2026-04-07 00:34:19.7960|INFO|Incoming request GET /_next/static/chunks/node_modules_next_dist_compiled_react-dom_058-ah~._.js GET /_next/static/chunks/node_modules_next_dist_compiled_react-dom_058-ah~._.js
2026-04-07 00:34:19.8470|INFO|Incoming request GET /_next/static/chunks/node_modules_next_dist_compiled_react-server-dom-turbopack_0p3wegg._.js GET /_next/static/chunks/node_modules_next_dist_compiled_react-server-dom-turbopack_0p3wegg._.js
2026-04-07 00:34:19.8740|INFO|Incoming request GET /_next/static/chunks/node_modules_next_dist_compiled_0rpq4pf._.js GET /_next/static/chunks/node_modules_next_dist_compiled_0rpq4pf._.js
2026-04-07 00:34:19.8800|INFO|Incoming request GET /_next/static/chunks/node_modules_next_dist_client_0fhqo1d._.js GET /_next/static/chunks/node_modules_next_dist_client_0fhqo1d._.js
2026-04-07 00:34:19.8860|INFO|Incoming request GET /_next/static/chunks/node_modules_next_dist_115brz8._.js GET /_next/static/chunks/node_modules_next_dist_115brz8._.js
2026-04-07 00:34:19.8880|INFO|Incoming request GET /_next/static/chunks/node_modules_%40swc_helpers_cjs_0-4ujiy._.js GET /_next/static/chunks/node_modules_%40swc_helpers_cjs_0-4ujiy._.js
2026-04-07 00:34:19.8900|INFO|Incoming request GET /_next/static/chunks/_0rqeker._.js GET /_next/static/chunks/_0rqeker._.js
2026-04-07 00:34:19.9230|INFO|Incoming request GET /vercel.svg GET /vercel.svg
2026-04-07 00:34:19.9550|INFO|Incoming request GET /_next/static/chunks/turbopack-_0p44nws._.js GET /_next/static/chunks/turbopack-_0p44nws._.js
2026-04-07 00:34:19.9580|INFO|Incoming request GET /_next/static/chunks/node_modules_next_dist_0tt2wve._.js GET /_next/static/chunks/node_modules_next_dist_0tt2wve._.js
2026-04-07 00:34:19.9590|INFO|Incoming request GET /_next/static/chunks/src_app_layout_tsx_004glpo._.js GET /_next/static/chunks/src_app_layout_tsx_004glpo._.js
2026-04-07 00:34:19.9710|INFO|Incoming request GET /_next/static/chunks/node_modules_next_dist_07p5au~._.js GET /_next/static/chunks/node_modules_next_dist_07p5au~._.js
2026-04-07 00:34:19.9810|INFO|Incoming request GET /_next/static/chunks/src_app_page_tsx_002ye8~._.js GET /_next/static/chunks/src_app_page_tsx_002ye8~._.js
2026-04-07 00:34:19.9900|INFO|Incoming request GET /_next/static/chunks/node_modules_next_dist_client_components_builtin_global-error_002ye8~.js GET /_next/static/chunks/node_modules_next_dist_client_components_builtin_global-error_002ye8~.js
2026-04-07 00:34:20.0380|INFO|Incoming request GET /_next/static/chunks/%5Bturbopack%5D_browser_dev_hmr-client_hmr-client_ts_0yjw1oe._.js GET /_next/static/chunks/%5Bturbopack%5D_browser_dev_hmr-client_hmr-client_ts_0yjw1oe._.js
2026-04-07 00:34:20.0440|INFO|Incoming request GET /_next/static/chunks/%5Bturbopack%5D_browser_dev_hmr-client_hmr-client_ts_10mygs7._.js GET /_next/static/chunks/%5Bturbopack%5D_browser_dev_hmr-client_hmr-client_ts_10mygs7._.js
2026-04-07 00:34:21.8070|INFO|Incoming request GET / GET /
2026-04-07 00:34:22.0210|INFO|Incoming request GET /next.svg GET /next.svg
2026-04-07 00:34:22.0240|INFO|Incoming request GET /_next/static/chunks/%5Broot-of-the-server%5D__02nfq85._.css GET /_next/static/chunks/%5Broot-of-the-server%5D__02nfq85._.css
2026-04-07 00:34:22.0250|INFO|Incoming request GET /_next/static/chunks/%5Bturbopack%5D_browser_dev_hmr-client_hmr-client_ts_10z625~._.js GET /_next/static/chunks/%5Bturbopack%5D_browser_dev_hmr-client_hmr-client_ts_10z625~._.js
2026-04-07 00:34:22.0270|INFO|Incoming request GET /_next/static/chunks/node_modules_next_dist_compiled_next-devtools_index_0553esy.js GET /_next/static/chunks/node_modules_next_dist_compiled_next-devtools_index_0553esy.js
2026-04-07 00:34:22.0300|INFO|Incoming request GET /_next/static/chunks/node_modules_next_dist_compiled_react-dom_058-ah~._.js GET /_next/static/chunks/node_modules_next_dist_compiled_react-dom_058-ah~._.js
2026-04-07 00:34:22.1130|INFO|Incoming request GET / GET /
2026-04-07 00:34:22.1240|INFO|Incoming request GET /_next/static/chunks/node_modules_next_dist_compiled_react-server-dom-turbopack_0p3wegg._.js GET /_next/static/chunks/node_modules_next_dist_compiled_react-server-dom-turbopack_0p3wegg._.js
2026-04-07 00:34:22.1260|INFO|Incoming request GET /_next/static/chunks/node_modules_next_dist_compiled_0rpq4pf._.js GET /_next/static/chunks/node_modules_next_dist_compiled_0rpq4pf._.js
2026-04-07 00:34:22.1340|INFO|Incoming request GET /_next/static/chunks/node_modules_next_dist_client_0fhqo1d._.js GET /_next/static/chunks/node_modules_next_dist_client_0fhqo1d._.js
2026-04-07 00:34:22.1420|INFO|Incoming request GET /_next/static/chunks/node_modules_next_dist_115brz8._.js GET /_next/static/chunks/node_modules_next_dist_115brz8._.js
2026-04-07 00:34:22.3110|INFO|Incoming request GET /vercel.svg GET /vercel.svg
2026-04-07 00:34:22.3420|INFO|Incoming request GET /_next/static/chunks/node_modules_%40swc_helpers_cjs_0-4ujiy._.js GET /_next/static/chunks/node_modules_%40swc_helpers_cjs_0-4ujiy._.js
2026-04-07 00:34:22.3620|INFO|Incoming request GET /_next/static/chunks/_0rqeker._.js GET /_next/static/chunks/_0rqeker._.js
2026-04-07 00:34:22.3660|INFO|Incoming request GET /_next/static/chunks/turbopack-_0p44nws._.js GET /_next/static/chunks/turbopack-_0p44nws._.js
2026-04-07 00:34:22.3840|INFO|Incoming request GET /_next/static/chunks/node_modules_next_dist_0tt2wve._.js GET /_next/static/chunks/node_modules_next_dist_0tt2wve._.js
2026-04-07 00:34:22.4080|INFO|Incoming request GET /_next/static/chunks/src_app_layout_tsx_004glpo._.js GET /_next/static/chunks/src_app_layout_tsx_004glpo._.js
2026-04-07 00:34:22.4100|INFO|Incoming request GET /next.svg GET /next.svg
2026-04-07 00:34:22.4380|INFO|Incoming request GET /_next/static/chunks/%5Broot-of-the-server%5D__02nfq85._.css GET /_next/static/chunks/%5Broot-of-the-server%5D__02nfq85._.css
2026-04-07 00:34:22.4440|INFO|Incoming request GET /_next/static/chunks/%5Bturbopack%5D_browser_dev_hmr-client_hmr-client_ts_10z625~._.js GET /_next/static/chunks/%5Bturbopack%5D_browser_dev_hmr-client_hmr-client_ts_10z625~._.js
2026-04-07 00:34:22.4480|INFO|Incoming request GET /_next/static/chunks/node_modules_next_dist_compiled_next-devtools_index_0553esy.js GET /_next/static/chunks/node_modules_next_dist_compiled_next-devtools_index_0553esy.js
2026-04-07 00:34:22.4530|INFO|Incoming request GET /_next/static/chunks/node_modules_next_dist_compiled_react-dom_058-ah~._.js GET /_next/static/chunks/node_modules_next_dist_compiled_react-dom_058-ah~._.js
2026-04-07 00:34:22.4910|INFO|Incoming request GET /_next/static/chunks/node_modules_next_dist_compiled_react-server-dom-turbopack_0p3wegg._.js GET /_next/static/chunks/node_modules_next_dist_compiled_react-server-dom-turbopack_0p3wegg._.js
2026-04-07 00:34:22.5180|INFO|Incoming request GET / GET /
2026-04-07 00:34:22.5280|INFO|Incoming request GET /_next/static/chunks/node_modules_next_dist_compiled_0rpq4pf._.js GET /_next/static/chunks/node_modules_next_dist_compiled_0rpq4pf._.js
2026-04-07 00:34:22.5410|INFO|Incoming request GET /_next/static/chunks/node_modules_next_dist_client_0fhqo1d._.js GET /_next/static/chunks/node_modules_next_dist_client_0fhqo1d._.js
2026-04-07 00:34:22.5430|INFO|Incoming request GET /_next/static/chunks/node_modules_%40swc_helpers_cjs_0-4ujiy._.js GET /_next/static/chunks/node_modules_%40swc_helpers_cjs_0-4ujiy._.js
2026-04-07 00:34:22.7530|INFO|Incoming request GET /_next/static/chunks/_0rqeker._.js GET /_next/static/chunks/_0rqeker._.js
2026-04-07 00:34:22.8040|INFO|Incoming request GET /_next/static/chunks/node_modules_next_dist_115brz8._.js GET /_next/static/chunks/node_modules_next_dist_115brz8._.js
2026-04-07 00:34:22.8060|INFO|Incoming request GET /_next/static/chunks/turbopack-_0p44nws._.js GET /_next/static/chunks/turbopack-_0p44nws._.js
2026-04-07 00:34:22.8270|INFO|Incoming request GET /_next/static/chunks/node_modules_next_dist_0tt2wve._.js GET /_next/static/chunks/node_modules_next_dist_0tt2wve._.js
2026-04-07 00:34:22.8630|INFO|Incoming request GET /_next/static/chunks/src_app_layout_tsx_004glpo._.js GET /_next/static/chunks/src_app_layout_tsx_004glpo._.js
2026-04-07 00:34:22.8660|INFO|Incoming request GET /_next/static/chunks/node_modules_next_dist_07p5au~._.js GET /_next/static/chunks/node_modules_next_dist_07p5au~._.js
2026-04-07 00:34:22.8690|INFO|Incoming request GET /_next/static/chunks/node_modules_next_dist_client_components_builtin_global-error_002ye8~.js GET /_next/static/chunks/node_modules_next_dist_client_components_builtin_global-error_002ye8~.js
2026-04-07 00:34:22.8720|INFO|Incoming request GET /next.svg GET /next.svg
2026-04-07 00:34:22.8870|INFO|Incoming request GET /_next/static/chunks/%5Broot-of-the-server%5D__02nfq85._.css GET /_next/static/chunks/%5Broot-of-the-server%5D__02nfq85._.css
2026-04-07 00:34:22.8900|INFO|Incoming request GET /_next/static/chunks/%5Bturbopack%5D_browser_dev_hmr-client_hmr-client_ts_10z625~._.js GET /_next/static/chunks/%5Bturbopack%5D_browser_dev_hmr-client_hmr-client_ts_10z625~._.js
2026-04-07 00:34:22.8930|INFO|Incoming request GET /_next/static/chunks/node_modules_next_dist_compiled_next-devtools_index_0553esy.js GET /_next/static/chunks/node_modules_next_dist_compiled_next-devtools_index_0553esy.js
2026-04-07 00:34:22.8960|INFO|Incoming request GET /_next/static/chunks/node_modules_next_dist_compiled_react-dom_058-ah~._.js GET /_next/static/chunks/node_modules_next_dist_compiled_react-dom_058-ah~._.js
2026-04-07 00:34:22.9450|INFO|Incoming request GET / GET /
2026-04-07 00:34:22.9640|INFO|Incoming request GET /_next/static/chunks/node_modules_next_dist_compiled_react-server-dom-turbopack_0p3wegg._.js GET /_next/static/chunks/node_modules_next_dist_compiled_react-server-dom-turbopack_0p3wegg._.js
2026-04-07 00:34:22.9670|INFO|Incoming request GET /_next/static/chunks/node_modules_next_dist_compiled_0rpq4pf._.js GET /_next/static/chunks/node_modules_next_dist_compiled_0rpq4pf._.js
2026-04-07 00:34:22.9680|INFO|Incoming request GET /_next/static/chunks/node_modules_next_dist_client_0fhqo1d._.js GET /_next/static/chunks/node_modules_next_dist_client_0fhqo1d._.js
2026-04-07 00:34:22.9700|INFO|Incoming request GET /_next/static/chunks/node_modules_next_dist_115brz8._.js GET /_next/static/chunks/node_modules_next_dist_115brz8._.js
2026-04-07 00:34:23.1220|INFO|Incoming request GET /_next/static/chunks/node_modules_%40swc_helpers_cjs_0-4ujiy._.js GET /_next/static/chunks/node_modules_%40swc_helpers_cjs_0-4ujiy._.js
2026-04-07 00:34:23.1330|INFO|Incoming request GET /_next/static/chunks/turbopack-_0p44nws._.js GET /_next/static/chunks/turbopack-_0p44nws._.js
2026-04-07 00:34:23.1350|INFO|Incoming request GET /_next/static/chunks/_0rqeker._.js GET /_next/static/chunks/_0rqeker._.js
2026-04-07 00:34:23.1540|INFO|Incoming request GET /_next/static/chunks/node_modules_next_dist_0tt2wve._.js GET /_next/static/chunks/node_modules_next_dist_0tt2wve._.js
2026-04-07 00:34:23.1560|INFO|Incoming request GET /next.svg GET /next.svg
2026-04-07 00:34:23.2170|INFO|Incoming request GET /_next/static/chunks/%5Broot-of-the-server%5D__02nfq85._.css GET /_next/static/chunks/%5Broot-of-the-server%5D__02nfq85._.css
2026-04-07 00:34:23.2220|INFO|Incoming request GET /_next/static/chunks/%5Bturbopack%5D_browser_dev_hmr-client_hmr-client_ts_10z625~._.js GET /_next/static/chunks/%5Bturbopack%5D_browser_dev_hmr-client_hmr-client_ts_10z625~._.js
2026-04-07 00:34:23.2240|INFO|Incoming request GET /_next/static/chunks/node_modules_next_dist_compiled_next-devtools_index_0553esy.js GET /_next/static/chunks/node_modules_next_dist_compiled_next-devtools_index_0553esy.js
2026-04-07 00:34:23.2280|INFO|Incoming request GET /_next/static/chunks/node_modules_next_dist_compiled_react-dom_058-ah~._.js GET /_next/static/chunks/node_modules_next_dist_compiled_react-dom_058-ah~._.js
2026-04-07 00:34:23.2610|INFO|Incoming request GET /_next/static/chunks/node_modules_next_dist_compiled_react-server-dom-turbopack_0p3wegg._.js GET /_next/static/chunks/node_modules_next_dist_compiled_react-server-dom-turbopack_0p3wegg._.js
2026-04-07 00:34:23.3080|INFO|Incoming request GET /_next/static/chunks/node_modules_next_dist_compiled_0rpq4pf._.js GET /_next/static/chunks/node_modules_next_dist_compiled_0rpq4pf._.js
2026-04-07 00:34:23.3120|INFO|Incoming request GET /_next/static/chunks/node_modules_next_dist_client_0fhqo1d._.js GET /_next/static/chunks/node_modules_next_dist_client_0fhqo1d._.js
2026-04-07 00:34:23.3140|INFO|Incoming request GET /_next/static/chunks/node_modules_next_dist_115brz8._.js GET /_next/static/chunks/node_modules_next_dist_115brz8._.js
2026-04-07 00:34:23.3370|INFO|Incoming request GET /_next/static/chunks/node_modules_%40swc_helpers_cjs_0-4ujiy._.js GET /_next/static/chunks/node_modules_%40swc_helpers_cjs_0-4ujiy._.js
2026-04-07 00:34:23.3660|INFO|Incoming request GET /_next/static/chunks/_0rqeker._.js GET /_next/static/chunks/_0rqeker._.js
2026-04-07 00:34:23.3800|INFO|Incoming request GET / GET /
2026-04-07 00:34:23.3840|INFO|Incoming request GET /_next/static/chunks/turbopack-_0p44nws._.js GET /_next/static/chunks/turbopack-_0p44nws._.js
2026-04-07 00:34:23.3880|INFO|Incoming request GET /_next/static/chunks/node_modules_next_dist_0tt2wve._.js GET /_next/static/chunks/node_modules_next_dist_0tt2wve._.js
2026-04-07 00:34:23.5440|INFO|Incoming request GET /_next/static/chunks/src_app_layout_tsx_004glpo._.js GET /_next/static/chunks/src_app_layout_tsx_004glpo._.js
2026-04-07 00:34:23.5620|INFO|Incoming request GET /_next/static/chunks/node_modules_next_dist_07p5au~._.js GET /_next/static/chunks/node_modules_next_dist_07p5au~._.js
2026-04-07 00:34:23.6130|INFO|Incoming request GET /_next/static/chunks/src_app_page_tsx_002ye8~._.js GET /_next/static/chunks/src_app_page_tsx_002ye8~._.js
2026-04-07 00:34:23.6340|INFO|Incoming request GET /_next/static/chunks/node_modules_next_dist_client_components_builtin_global-error_002ye8~.js GET /_next/static/chunks/node_modules_next_dist_client_components_builtin_global-error_002ye8~.js
2026-04-07 00:34:23.6360|INFO|Incoming request GET /next.svg GET /next.svg
2026-04-07 00:34:23.6420|INFO|Incoming request GET / GET /
2026-04-07 00:34:23.6440|INFO|Incoming request GET /_next/static/chunks/%5Broot-of-the-server%5D__02nfq85._.css GET /_next/static/chunks/%5Broot-of-the-server%5D__02nfq85._.css
2026-04-07 00:34:23.6450|INFO|Incoming request GET /_next/static/chunks/%5Bturbopack%5D_browser_dev_hmr-client_hmr-client_ts_10z625~._.js GET /_next/static/chunks/%5Bturbopack%5D_browser_dev_hmr-client_hmr-client_ts_10z625~._.js
2026-04-07 00:34:23.6470|INFO|Incoming request GET /_next/static/chunks/node_modules_next_dist_compiled_next-devtools_index_0553esy.js GET /_next/static/chunks/node_modules_next_dist_compiled_next-devtools_index_0553esy.js
2026-04-07 00:34:23.7960|INFO|Incoming request GET /_next/static/chunks/node_modules_next_dist_compiled_react-dom_058-ah~._.js GET /_next/static/chunks/node_modules_next_dist_compiled_react-dom_058-ah~._.js
2026-04-07 00:34:23.8500|INFO|Incoming request GET /_next/static/chunks/node_modules_next_dist_compiled_react-server-dom-turbopack_0p3wegg._.js GET /_next/static/chunks/node_modules_next_dist_compiled_react-server-dom-turbopack_0p3wegg._.js
2026-04-07 00:34:23.8840|INFO|Incoming request GET /_next/static/chunks/node_modules_next_dist_compiled_0rpq4pf._.js GET /_next/static/chunks/node_modules_next_dist_compiled_0rpq4pf._.js
2026-04-07 00:34:23.8860|INFO|Incoming request GET /_next/static/chunks/node_modules_next_dist_client_0fhqo1d._.js GET /_next/static/chunks/node_modules_next_dist_client_0fhqo1d._.js
2026-04-07 00:34:23.9140|INFO|Incoming request GET /_next/static/chunks/node_modules_next_dist_115brz8._.js GET /_next/static/chunks/node_modules_next_dist_115brz8._.js
2026-04-07 00:34:23.9160|INFO|Incoming request GET /_next/static/chunks/node_modules_%40swc_helpers_cjs_0-4ujiy._.js GET /_next/static/chunks/node_modules_%40swc_helpers_cjs_0-4ujiy._.js
2026-04-07 00:34:23.9250|INFO|Incoming request GET /next.svg GET /next.svg
2026-04-07 00:34:23.9260|INFO|Incoming request GET / GET /
2026-04-07 00:34:23.9270|INFO|Incoming request GET /_next/static/chunks/%5Broot-of-the-server%5D__02nfq85._.css GET /_next/static/chunks/%5Broot-of-the-server%5D__02nfq85._.css
2026-04-07 00:34:23.9290|INFO|Incoming request GET /_next/static/chunks/node_modules_next_dist_compiled_react-dom_058-ah~._.js GET /_next/static/chunks/node_modules_next_dist_compiled_react-dom_058-ah~._.js
2026-04-07 00:34:23.9300|INFO|Incoming request GET /_next/static/chunks/node_modules_next_dist_compiled_react-server-dom-turbopack_0p3wegg._.js GET /_next/static/chunks/node_modules_next_dist_compiled_react-server-dom-turbopack_0p3wegg._.js
2026-04-07 00:34:24.0300|INFO|Incoming request GET /_next/static/chunks/%5Bturbopack%5D_browser_dev_hmr-client_hmr-client_ts_10z625~._.js GET /_next/static/chunks/%5Bturbopack%5D_browser_dev_hmr-client_hmr-client_ts_10z625~._.js
2026-04-07 00:34:24.0970|INFO|Incoming request GET /_next/static/chunks/node_modules_next_dist_compiled_next-devtools_index_0553esy.js GET /_next/static/chunks/node_modules_next_dist_compiled_next-devtools_index_0553esy.js
2026-04-07 00:34:24.1640|INFO|Incoming request GET /_next/static/chunks/node_modules_next_dist_compiled_0rpq4pf._.js GET /_next/static/chunks/node_modules_next_dist_compiled_0rpq4pf._.js
2026-04-07 00:34:24.1680|INFO|Incoming request GET / GET /
2026-04-07 00:34:24.1700|INFO|Incoming request GET /_next/static/chunks/node_modules_next_dist_115brz8._.js GET /_next/static/chunks/node_modules_next_dist_115brz8._.js
2026-04-07 00:34:24.1720|INFO|Incoming request GET /_next/static/chunks/node_modules_%40swc_helpers_cjs_0-4ujiy._.js GET /_next/static/chunks/node_modules_%40swc_helpers_cjs_0-4ujiy._.js
2026-04-07 00:34:24.1740|INFO|Incoming request GET /_next/static/chunks/node_modules_next_dist_07p5au~._.js GET /_next/static/chunks/node_modules_next_dist_07p5au~._.js
2026-04-07 00:34:24.1760|INFO|Incoming request GET /_next/static/chunks/src_app_page_tsx_002ye8~._.js GET /_next/static/chunks/src_app_page_tsx_002ye8~._.js
2026-04-07 00:34:24.1780|INFO|Incoming request GET /next.svg GET /next.svg
2026-04-07 00:34:24.1940|INFO|Incoming request GET /_next/static/chunks/%5Broot-of-the-server%5D__02nfq85._.css GET /_next/static/chunks/%5Broot-of-the-server%5D__02nfq85._.css
2026-04-07 00:34:24.1960|INFO|Incoming request GET /_next/static/chunks/%5Bturbopack%5D_browser_dev_hmr-client_hmr-client_ts_10z625~._.js GET /_next/static/chunks/%5Bturbopack%5D_browser_dev_hmr-client_hmr-client_ts_10z625~._.js
2026-04-07 00:34:24.1980|INFO|Incoming request GET /_next/static/chunks/node_modules_next_dist_compiled_next-devtools_index_0553esy.js GET /_next/static/chunks/node_modules_next_dist_compiled_next-devtools_index_0553esy.js
2026-04-07 00:34:24.3270|INFO|Incoming request GET /_next/static/chunks/node_modules_next_dist_compiled_react-dom_058-ah~._.js GET /_next/static/chunks/node_modules_next_dist_compiled_react-dom_058-ah~._.js
2026-04-07 00:34:24.3950|INFO|Incoming request GET /_next/static/chunks/node_modules_next_dist_compiled_react-server-dom-turbopack_0p3wegg._.js GET /_next/static/chunks/node_modules_next_dist_compiled_react-server-dom-turbopack_0p3wegg._.js
2026-04-07 00:34:24.4070|INFO|Incoming request GET /_next/static/chunks/node_modules_next_dist_compiled_0rpq4pf._.js GET /_next/static/chunks/node_modules_next_dist_compiled_0rpq4pf._.js
2026-04-07 00:34:24.4080|INFO|Incoming request GET /_next/static/chunks/node_modules_next_dist_client_0fhqo1d._.js GET /_next/static/chunks/node_modules_next_dist_client_0fhqo1d._.js
2026-04-07 00:34:24.4150|INFO|Incoming request GET /next.svg GET /next.svg
2026-04-07 00:34:24.4170|INFO|Incoming request GET /_next/static/chunks/%5Broot-of-the-server%5D__02nfq85._.css GET /_next/static/chunks/%5Broot-of-the-server%5D__02nfq85._.css
2026-04-07 00:34:24.4190|INFO|Incoming request GET /_next/static/chunks/%5Bturbopack%5D_browser_dev_hmr-client_hmr-client_ts_10z625~._.js GET /_next/static/chunks/%5Bturbopack%5D_browser_dev_hmr-client_hmr-client_ts_10z625~._.js
2026-04-07 00:34:24.4200|INFO|Incoming request GET /_next/static/chunks/node_modules_next_dist_compiled_next-devtools_index_0553esy.js GET /_next/static/chunks/node_modules_next_dist_compiled_next-devtools_index_0553esy.js
2026-04-07 00:34:24.4220|INFO|Incoming request GET /_next/static/chunks/node_modules_next_dist_compiled_react-dom_058-ah~._.js GET /_next/static/chunks/node_modules_next_dist_compiled_react-dom_058-ah~._.js
2026-04-07 00:34:24.4680|INFO|Incoming request GET /_next/static/chunks/node_modules_next_dist_compiled_react-server-dom-turbopack_0p3wegg._.js GET /_next/static/chunks/node_modules_next_dist_compiled_react-server-dom-turbopack_0p3wegg._.js
2026-04-07 00:34:24.4790|INFO|Incoming request GET /_next/static/chunks/node_modules_next_dist_compiled_0rpq4pf._.js GET /_next/static/chunks/node_modules_next_dist_compiled_0rpq4pf._.js
2026-04-07 00:34:24.4920|INFO|Incoming request GET /_next/static/chunks/node_modules_next_dist_client_0fhqo1d._.js GET /_next/static/chunks/node_modules_next_dist_client_0fhqo1d._.js
2026-04-07 00:34:24.5140|INFO|Incoming request GET / GET /
2026-04-07 00:34:24.7600|INFO|Incoming request GET /_next/static/chunks/node_modules_next_dist_115brz8._.js GET /_next/static/chunks/node_modules_next_dist_115brz8._.js
2026-04-07 00:34:24.7620|INFO|Incoming request GET /_next/static/chunks/node_modules_%40swc_helpers_cjs_0-4ujiy._.js GET /_next/static/chunks/node_modules_%40swc_helpers_cjs_0-4ujiy._.js
2026-04-07 00:34:24.7630|INFO|Incoming request GET /_next/static/chunks/_0rqeker._.js GET /_next/static/chunks/_0rqeker._.js
2026-04-07 00:34:24.7900|INFO|Incoming request GET /_next/static/chunks/turbopack-_0p44nws._.js GET /_next/static/chunks/turbopack-_0p44nws._.js
2026-04-07 00:34:24.7920|INFO|Incoming request GET /next.svg GET /next.svg
2026-04-07 00:34:24.7980|INFO|Incoming request GET /_next/static/chunks/%5Broot-of-the-server%5D__02nfq85._.css GET /_next/static/chunks/%5Broot-of-the-server%5D__02nfq85._.css
2026-04-07 00:34:24.8010|INFO|Incoming request GET /_next/static/chunks/node_modules_next_dist_compiled_react-dom_058-ah~._.js GET /_next/static/chunks/node_modules_next_dist_compiled_react-dom_058-ah~._.js
2026-04-07 00:34:24.8030|INFO|Incoming request GET /_next/static/chunks/%5Bturbopack%5D_browser_dev_hmr-client_hmr-client_ts_10z625~._.js GET /_next/static/chunks/%5Bturbopack%5D_browser_dev_hmr-client_hmr-client_ts_10z625~._.js
2026-04-07 00:34:24.8040|INFO|Incoming request GET /_next/static/chunks/node_modules_next_dist_compiled_next-devtools_index_0553esy.js GET /_next/static/chunks/node_modules_next_dist_compiled_next-devtools_index_0553esy.js
2026-04-07 00:34:24.8600|INFO|Incoming request GET /_next/static/chunks/node_modules_next_dist_compiled_react-server-dom-turbopack_0p3wegg._.js GET /_next/static/chunks/node_modules_next_dist_compiled_react-server-dom-turbopack_0p3wegg._.js
2026-04-07 00:34:24.8730|INFO|Incoming request GET /_next/static/chunks/node_modules_next_dist_compiled_0rpq4pf._.js GET /_next/static/chunks/node_modules_next_dist_compiled_0rpq4pf._.js
2026-04-07 00:34:24.8760|INFO|Incoming request GET /_next/static/chunks/node_modules_next_dist_client_0fhqo1d._.js GET /_next/static/chunks/node_modules_next_dist_client_0fhqo1d._.js
2026-04-07 00:34:24.8790|INFO|Incoming request GET /_next/static/chunks/node_modules_next_dist_115brz8._.js GET /_next/static/chunks/node_modules_next_dist_115brz8._.js
2026-04-07 00:34:24.9380|INFO|Incoming request GET /_next/static/chunks/node_modules_%40swc_helpers_cjs_0-4ujiy._.js GET /_next/static/chunks/node_modules_%40swc_helpers_cjs_0-4ujiy._.js
2026-04-07 00:34:24.9450|INFO|Incoming request GET /_next/static/chunks/_0rqeker._.js GET /_next/static/chunks/_0rqeker._.js
2026-04-07 00:34:24.9540|INFO|Incoming request GET /_next/static/chunks/turbopack-_0p44nws._.js GET /_next/static/chunks/turbopack-_0p44nws._.js
2026-04-07 00:34:25.0060|INFO|Incoming request GET / GET /
2026-04-07 00:34:25.0240|INFO|Incoming request GET /_next/static/chunks/node_modules_next_dist_0tt2wve._.js GET /_next/static/chunks/node_modules_next_dist_0tt2wve._.js
2026-04-07 00:34:25.0370|INFO|Incoming request GET /_next/static/chunks/src_app_layout_tsx_004glpo._.js GET /_next/static/chunks/src_app_layout_tsx_004glpo._.js
2026-04-07 00:34:25.1130|INFO|Incoming request GET /_next/static/chunks/node_modules_next_dist_07p5au~._.js GET /_next/static/chunks/node_modules_next_dist_07p5au~._.js
2026-04-07 00:34:25.2020|INFO|Incoming request GET /_next/static/chunks/src_app_page_tsx_002ye8~._.js GET /_next/static/chunks/src_app_page_tsx_002ye8~._.js
2026-04-07 00:34:25.2090|INFO|Incoming request GET /next.svg GET /next.svg
2026-04-07 00:34:25.2110|INFO|Incoming request GET /_next/static/chunks/%5Broot-of-the-server%5D__02nfq85._.css GET /_next/static/chunks/%5Broot-of-the-server%5D__02nfq85._.css
2026-04-07 00:34:25.2130|INFO|Incoming request GET /_next/static/chunks/node_modules_next_dist_compiled_react-dom_058-ah~._.js GET /_next/static/chunks/node_modules_next_dist_compiled_react-dom_058-ah~._.js
2026-04-07 00:34:25.2150|INFO|Incoming request GET /_next/static/chunks/%5Bturbopack%5D_browser_dev_hmr-client_hmr-client_ts_10z625~._.js GET /_next/static/chunks/%5Bturbopack%5D_browser_dev_hmr-client_hmr-client_ts_10z625~._.js
2026-04-07 00:34:25.2170|INFO|Incoming request GET /_next/static/chunks/node_modules_next_dist_compiled_next-devtools_index_0553esy.js GET /_next/static/chunks/node_modules_next_dist_compiled_next-devtools_index_0553esy.js
2026-04-07 00:34:25.2690|INFO|Incoming request GET /_next/static/chunks/node_modules_next_dist_compiled_react-server-dom-turbopack_0p3wegg._.js GET /_next/static/chunks/node_modules_next_dist_compiled_react-server-dom-turbopack_0p3wegg._.js
2026-04-07 00:34:25.2760|INFO|Incoming request GET /_next/static/chunks/node_modules_next_dist_compiled_0rpq4pf._.js GET /_next/static/chunks/node_modules_next_dist_compiled_0rpq4pf._.js
2026-04-07 00:34:25.2780|INFO|Incoming request GET /_next/static/chunks/node_modules_next_dist_client_0fhqo1d._.js GET /_next/static/chunks/node_modules_next_dist_client_0fhqo1d._.js
2026-04-07 00:34:25.2800|INFO|Incoming request GET /_next/static/chunks/node_modules_next_dist_115brz8._.js GET /_next/static/chunks/node_modules_next_dist_115brz8._.js
2026-04-07 00:34:25.3240|INFO|Incoming request GET /_next/static/chunks/node_modules_%40swc_helpers_cjs_0-4ujiy._.js GET /_next/static/chunks/node_modules_%40swc_helpers_cjs_0-4ujiy._.js
2026-04-07 00:34:25.3330|INFO|Incoming request GET /_next/static/chunks/_0rqeker._.js GET /_next/static/chunks/_0rqeker._.js
2026-04-07 00:34:25.3360|INFO|Incoming request GET /_next/static/chunks/turbopack-_0p44nws._.js GET /_next/static/chunks/turbopack-_0p44nws._.js
2026-04-07 00:34:25.3410|INFO|Incoming request GET /_next/static/chunks/node_modules_next_dist_0tt2wve._.js GET /_next/static/chunks/node_modules_next_dist_0tt2wve._.js
2026-04-07 00:34:25.4000|INFO|Incoming request GET /_next/static/chunks/src_app_layout_tsx_004glpo._.js GET /_next/static/chunks/src_app_layout_tsx_004glpo._.js
2026-04-07 00:34:25.4130|INFO|Incoming request GET /_next/static/chunks/node_modules_next_dist_07p5au~._.js GET /_next/static/chunks/node_modules_next_dist_07p5au~._.js
2026-04-07 00:34:25.4210|INFO|Incoming request GET /_next/static/chunks/src_app_page_tsx_002ye8~._.js GET /_next/static/chunks/src_app_page_tsx_002ye8~._.js
2026-04-07 00:34:25.5170|INFO|Incoming request GET / GET /
2026-04-07 00:34:25.5290|INFO|Incoming request GET /_next/static/chunks/node_modules_next_dist_client_components_builtin_global-error_002ye8~.js GET /_next/static/chunks/node_modules_next_dist_client_components_builtin_global-error_002ye8~.js
2026-04-07 00:34:25.5680|INFO|Incoming request GET /vercel.svg GET /vercel.svg
2026-04-07 00:34:25.6770|INFO|Incoming request GET /_next/static/chunks/%5Bturbopack%5D_browser_dev_hmr-client_hmr-client_ts_0yjw1oe._.js GET /_next/static/chunks/%5Bturbopack%5D_browser_dev_hmr-client_hmr-client_ts_0yjw1oe._.js
2026-04-07 00:34:25.6890|INFO|Incoming request GET /_next/static/chunks/%5Bturbopack%5D_browser_dev_hmr-client_hmr-client_ts_10mygs7._.js GET /_next/static/chunks/%5Bturbopack%5D_browser_dev_hmr-client_hmr-client_ts_10mygs7._.js
2026-04-07 00:34:25.7940|INFO|Incoming request GET /next.svg GET /next.svg
2026-04-07 00:34:25.8070|INFO|Incoming request GET /_next/static/chunks/%5Broot-of-the-server%5D__02nfq85._.css GET /_next/static/chunks/%5Broot-of-the-server%5D__02nfq85._.css
2026-04-07 00:34:25.8160|INFO|Incoming request GET /_next/static/chunks/%5Bturbopack%5D_browser_dev_hmr-client_hmr-client_ts_10z625~._.js GET /_next/static/chunks/%5Bturbopack%5D_browser_dev_hmr-client_hmr-client_ts_10z625~._.js
2026-04-07 00:34:25.8200|INFO|Incoming request GET /_next/static/chunks/node_modules_next_dist_compiled_next-devtools_index_0553esy.js GET /_next/static/chunks/node_modules_next_dist_compiled_next-devtools_index_0553esy.js
2026-04-07 00:34:25.8210|INFO|Incoming request GET /_next/static/chunks/node_modules_next_dist_compiled_react-dom_058-ah~._.js GET /_next/static/chunks/node_modules_next_dist_compiled_react-dom_058-ah~._.js
2026-04-07 00:34:25.8970|INFO|Incoming request GET /_next/static/chunks/node_modules_next_dist_compiled_react-server-dom-turbopack_0p3wegg._.js GET /_next/static/chunks/node_modules_next_dist_compiled_react-server-dom-turbopack_0p3wegg._.js
2026-04-07 00:34:25.9080|INFO|Incoming request GET /_next/static/chunks/node_modules_next_dist_compiled_0rpq4pf._.js GET /_next/static/chunks/node_modules_next_dist_compiled_0rpq4pf._.js
2026-04-07 00:34:25.9230|INFO|Incoming request GET /_next/static/chunks/node_modules_next_dist_client_0fhqo1d._.js GET /_next/static/chunks/node_modules_next_dist_client_0fhqo1d._.js
2026-04-07 00:34:25.9260|INFO|Incoming request GET /_next/static/chunks/node_modules_next_dist_115brz8._.js GET /_next/static/chunks/node_modules_next_dist_115brz8._.js
2026-04-07 00:34:25.9270|INFO|Incoming request GET /_next/static/chunks/node_modules_%40swc_helpers_cjs_0-4ujiy._.js GET /_next/static/chunks/node_modules_%40swc_helpers_cjs_0-4ujiy._.js
2026-04-07 00:34:25.9860|INFO|Incoming request GET / GET /
2026-04-07 00:34:25.9960|INFO|Incoming request GET /_next/static/chunks/_0rqeker._.js GET /_next/static/chunks/_0rqeker._.js
2026-04-07 00:34:26.0050|INFO|Incoming request GET /_next/static/chunks/turbopack-_0p44nws._.js GET /_next/static/chunks/turbopack-_0p44nws._.js
2026-04-07 00:34:26.0090|INFO|Incoming request GET /_next/static/chunks/node_modules_next_dist_0tt2wve._.js GET /_next/static/chunks/node_modules_next_dist_0tt2wve._.js
2026-04-07 00:34:26.0130|INFO|Incoming request GET /_next/static/chunks/src_app_layout_tsx_004glpo._.js GET /_next/static/chunks/src_app_layout_tsx_004glpo._.js
2026-04-07 00:34:26.0960|INFO|Incoming request GET /_next/static/chunks/node_modules_next_dist_07p5au~._.js GET /_next/static/chunks/node_modules_next_dist_07p5au~._.js
2026-04-07 00:34:26.2140|INFO|Incoming request GET /_next/static/chunks/src_app_page_tsx_002ye8~._.js GET /_next/static/chunks/src_app_page_tsx_002ye8~._.js
2026-04-07 00:34:26.2380|INFO|Incoming request GET /_next/static/chunks/node_modules_next_dist_client_components_builtin_global-error_002ye8~.js GET /_next/static/chunks/node_modules_next_dist_client_components_builtin_global-error_002ye8~.js
2026-04-07 00:34:26.2410|INFO|Incoming request GET /vercel.svg GET /vercel.svg
2026-04-07 00:34:26.2780|INFO|Incoming request GET /_next/static/chunks/%5Bturbopack%5D_browser_dev_hmr-client_hmr-client_ts_0yjw1oe._.js GET /_next/static/chunks/%5Bturbopack%5D_browser_dev_hmr-client_hmr-client_ts_0yjw1oe._.js
2026-04-07 00:34:26.2810|INFO|Incoming request GET /_next/static/chunks/%5Bturbopack%5D_browser_dev_hmr-client_hmr-client_ts_10mygs7._.js GET /_next/static/chunks/%5Bturbopack%5D_browser_dev_hmr-client_hmr-client_ts_10mygs7._.js
2026-04-07 00:34:26.2830|INFO|Incoming request GET /next.svg GET /next.svg
2026-04-07 00:34:26.2950|INFO|Incoming request GET /_next/static/chunks/%5Broot-of-the-server%5D__02nfq85._.css GET /_next/static/chunks/%5Broot-of-the-server%5D__02nfq85._.css
2026-04-07 00:34:26.2970|INFO|Incoming request GET /_next/static/chunks/%5Bturbopack%5D_browser_dev_hmr-client_hmr-client_ts_10z625~._.js GET /_next/static/chunks/%5Bturbopack%5D_browser_dev_hmr-client_hmr-client_ts_10z625~._.js
2026-04-07 00:34:26.3010|INFO|Incoming request GET /_next/static/chunks/node_modules_next_dist_compiled_next-devtools_index_0553esy.js GET /_next/static/chunks/node_modules_next_dist_compiled_next-devtools_index_0553esy.js
2026-04-07 00:34:26.3030|INFO|Incoming request GET /_next/static/chunks/node_modules_next_dist_compiled_react-dom_058-ah~._.js GET /_next/static/chunks/node_modules_next_dist_compiled_react-dom_058-ah~._.js
2026-04-07 00:34:26.3760|INFO|Incoming request GET /_next/static/chunks/node_modules_next_dist_compiled_react-server-dom-turbopack_0p3wegg._.js GET /_next/static/chunks/node_modules_next_dist_compiled_react-server-dom-turbopack_0p3wegg._.js
2026-04-07 00:34:26.3910|INFO|Incoming request GET / GET /
2026-04-07 00:34:26.3930|INFO|Incoming request GET /_next/static/chunks/node_modules_next_dist_compiled_0rpq4pf._.js GET /_next/static/chunks/node_modules_next_dist_compiled_0rpq4pf._.js
2026-04-07 00:34:26.3940|INFO|Incoming request GET /_next/static/chunks/node_modules_next_dist_client_0fhqo1d._.js GET /_next/static/chunks/node_modules_next_dist_client_0fhqo1d._.js
2026-04-07 00:34:26.3960|INFO|Incoming request GET /_next/static/chunks/node_modules_next_dist_115brz8._.js GET /_next/static/chunks/node_modules_next_dist_115brz8._.js
2026-04-07 00:34:26.5620|INFO|Incoming request GET /_next/static/chunks/node_modules_%40swc_helpers_cjs_0-4ujiy._.js GET /_next/static/chunks/node_modules_%40swc_helpers_cjs_0-4ujiy._.js
2026-04-07 00:34:26.6050|INFO|Incoming request GET /_next/static/chunks/_0rqeker._.js GET /_next/static/chunks/_0rqeker._.js
2026-04-07 00:34:26.6090|INFO|Incoming request GET /_next/static/chunks/turbopack-_0p44nws._.js GET /_next/static/chunks/turbopack-_0p44nws._.js
2026-04-07 00:34:26.6120|INFO|Incoming request GET /_next/static/chunks/node_modules_next_dist_0tt2wve._.js GET /_next/static/chunks/node_modules_next_dist_0tt2wve._.js
2026-04-07 00:34:26.6420|INFO|Incoming request GET /_next/static/chunks/src_app_layout_tsx_004glpo._.js GET /_next/static/chunks/src_app_layout_tsx_004glpo._.js
2026-04-07 00:34:26.6700|INFO|Incoming request GET /_next/static/chunks/node_modules_next_dist_07p5au~._.js GET /_next/static/chunks/node_modules_next_dist_07p5au~._.js
2026-04-07 00:34:26.6720|INFO|Incoming request GET / GET /
2026-04-07 00:34:26.6740|INFO|Incoming request GET /vercel.svg GET /vercel.svg
2026-04-07 00:34:26.6750|INFO|Incoming request GET /next.svg GET /next.svg
2026-04-07 00:34:26.6860|INFO|Incoming request GET /_next/static/chunks/%5Broot-of-the-server%5D__02nfq85._.css GET /_next/static/chunks/%5Broot-of-the-server%5D__02nfq85._.css
2026-04-07 00:34:26.6880|INFO|Incoming request GET /_next/static/chunks/%5Bturbopack%5D_browser_dev_hmr-client_hmr-client_ts_10z625~._.js GET /_next/static/chunks/%5Bturbopack%5D_browser_dev_hmr-client_hmr-client_ts_10z625~._.js
2026-04-07 00:34:26.6900|INFO|Incoming request GET /_next/static/chunks/node_modules_next_dist_compiled_next-devtools_index_0553esy.js GET /_next/static/chunks/node_modules_next_dist_compiled_next-devtools_index_0553esy.js
2026-04-07 00:34:26.8620|INFO|Incoming request GET /_next/static/chunks/node_modules_next_dist_compiled_react-dom_058-ah~._.js GET /_next/static/chunks/node_modules_next_dist_compiled_react-dom_058-ah~._.js
2026-04-07 00:34:26.9060|INFO|Incoming request GET /_next/static/chunks/node_modules_next_dist_compiled_react-server-dom-turbopack_0p3wegg._.js GET /_next/static/chunks/node_modules_next_dist_compiled_react-server-dom-turbopack_0p3wegg._.js
2026-04-07 00:34:26.9080|INFO|Incoming request GET /_next/static/chunks/node_modules_next_dist_compiled_0rpq4pf._.js GET /_next/static/chunks/node_modules_next_dist_compiled_0rpq4pf._.js
2026-04-07 00:34:26.9100|INFO|Incoming request GET /_next/static/chunks/node_modules_next_dist_client_0fhqo1d._.js GET /_next/static/chunks/node_modules_next_dist_client_0fhqo1d._.js
2026-04-07 00:34:26.9970|INFO|Incoming request GET /_next/static/chunks/node_modules_next_dist_115brz8._.js GET /_next/static/chunks/node_modules_next_dist_115brz8._.js
2026-04-07 00:34:27.0000|INFO|Incoming request GET /_next/static/chunks/node_modules_%40swc_helpers_cjs_0-4ujiy._.js GET /_next/static/chunks/node_modules_%40swc_helpers_cjs_0-4ujiy._.js
2026-04-07 00:34:27.0020|INFO|Incoming request GET /next.svg GET /next.svg
2026-04-07 00:34:27.0160|INFO|Incoming request GET /_next/static/chunks/%5Broot-of-the-server%5D__02nfq85._.css GET /_next/static/chunks/%5Broot-of-the-server%5D__02nfq85._.css
2026-04-07 00:34:27.0180|INFO|Incoming request GET /_next/static/chunks/node_modules_next_dist_compiled_react-dom_058-ah~._.js GET /_next/static/chunks/node_modules_next_dist_compiled_react-dom_058-ah~._.js
2026-04-07 00:34:27.0200|INFO|Incoming request GET /_next/static/chunks/node_modules_next_dist_compiled_react-server-dom-turbopack_0p3wegg._.js GET /_next/static/chunks/node_modules_next_dist_compiled_react-server-dom-turbopack_0p3wegg._.js
2026-04-07 00:34:27.0630|INFO|Incoming request GET / GET /
2026-04-07 00:34:27.0680|INFO|Incoming request GET /_next/static/chunks/%5Bturbopack%5D_browser_dev_hmr-client_hmr-client_ts_10z625~._.js GET /_next/static/chunks/%5Bturbopack%5D_browser_dev_hmr-client_hmr-client_ts_10z625~._.js
2026-04-07 00:34:27.0750|INFO|Incoming request GET /_next/static/chunks/node_modules_next_dist_compiled_next-devtools_index_0553esy.js GET /_next/static/chunks/node_modules_next_dist_compiled_next-devtools_index_0553esy.js
2026-04-07 00:34:27.2250|INFO|Incoming request GET /_next/static/chunks/node_modules_next_dist_compiled_0rpq4pf._.js GET /_next/static/chunks/node_modules_next_dist_compiled_0rpq4pf._.js
2026-04-07 00:34:27.2410|INFO|Incoming request GET /_next/static/chunks/node_modules_next_dist_client_0fhqo1d._.js GET /_next/static/chunks/node_modules_next_dist_client_0fhqo1d._.js
2026-04-07 00:34:27.2430|INFO|Incoming request GET /_next/static/chunks/node_modules_next_dist_115brz8._.js GET /_next/static/chunks/node_modules_next_dist_115brz8._.js
2026-04-07 00:34:27.2550|INFO|Incoming request GET /_next/static/chunks/node_modules_%40swc_helpers_cjs_0-4ujiy._.js GET /_next/static/chunks/node_modules_%40swc_helpers_cjs_0-4ujiy._.js
2026-04-07 00:34:27.2640|INFO|Incoming request GET /_next/static/chunks/_0rqeker._.js GET /_next/static/chunks/_0rqeker._.js
2026-04-07 00:34:27.2670|INFO|Incoming request GET / GET /
2026-04-07 00:34:27.2700|INFO|Incoming request GET /next.svg GET /next.svg
2026-04-07 00:34:27.2850|INFO|Incoming request GET /_next/static/chunks/%5Broot-of-the-server%5D__02nfq85._.css GET /_next/static/chunks/%5Broot-of-the-server%5D__02nfq85._.css
2026-04-07 00:34:27.2870|INFO|Incoming request GET /_next/static/chunks/%5Bturbopack%5D_browser_dev_hmr-client_hmr-client_ts_10z625~._.js GET /_next/static/chunks/%5Bturbopack%5D_browser_dev_hmr-client_hmr-client_ts_10z625~._.js
2026-04-07 00:34:27.2880|INFO|Incoming request GET /_next/static/chunks/node_modules_next_dist_compiled_react-dom_058-ah~._.js GET /_next/static/chunks/node_modules_next_dist_compiled_react-dom_058-ah~._.js
2026-04-07 00:34:27.4440|INFO|Incoming request GET /_next/static/chunks/node_modules_next_dist_compiled_next-devtools_index_0553esy.js GET /_next/static/chunks/node_modules_next_dist_compiled_next-devtools_index_0553esy.js
2026-04-07 00:34:27.4730|INFO|Incoming request GET /_next/static/chunks/node_modules_next_dist_compiled_react-server-dom-turbopack_0p3wegg._.js GET /_next/static/chunks/node_modules_next_dist_compiled_react-server-dom-turbopack_0p3wegg._.js
2026-04-07 00:34:27.4750|INFO|Incoming request GET /_next/static/chunks/node_modules_next_dist_compiled_0rpq4pf._.js GET /_next/static/chunks/node_modules_next_dist_compiled_0rpq4pf._.js
2026-04-07 00:34:27.5000|INFO|Incoming request GET /_next/static/chunks/node_modules_next_dist_client_0fhqo1d._.js GET /_next/static/chunks/node_modules_next_dist_client_0fhqo1d._.js
2026-04-07 00:34:27.5020|INFO|Incoming request GET /_next/static/chunks/node_modules_next_dist_115brz8._.js GET /_next/static/chunks/node_modules_next_dist_115brz8._.js
2026-04-07 00:34:27.5030|INFO|Incoming request GET /next.svg GET /next.svg
2026-04-07 00:34:27.5120|INFO|Incoming request GET /_next/static/chunks/%5Broot-of-the-server%5D__02nfq85._.css GET /_next/static/chunks/%5Broot-of-the-server%5D__02nfq85._.css
2026-04-07 00:34:27.5140|INFO|Incoming request GET /_next/static/chunks/node_modules_next_dist_compiled_next-devtools_index_0553esy.js GET /_next/static/chunks/node_modules_next_dist_compiled_next-devtools_index_0553esy.js
2026-04-07 00:34:27.5160|INFO|Incoming request GET /_next/static/chunks/node_modules_next_dist_compiled_react-dom_058-ah~._.js GET /_next/static/chunks/node_modules_next_dist_compiled_react-dom_058-ah~._.js
2026-04-07 00:34:27.5170|INFO|Incoming request GET /_next/static/chunks/node_modules_next_dist_compiled_react-server-dom-turbopack_0p3wegg._.js GET /_next/static/chunks/node_modules_next_dist_compiled_react-server-dom-turbopack_0p3wegg._.js
2026-04-07 00:34:27.5530|INFO|Incoming request GET /_next/static/chunks/%5Bturbopack%5D_browser_dev_hmr-client_hmr-client_ts_10z625~._.js GET /_next/static/chunks/%5Bturbopack%5D_browser_dev_hmr-client_hmr-client_ts_10z625~._.js
2026-04-07 00:34:27.5700|INFO|Incoming request GET /_next/static/chunks/node_modules_next_dist_compiled_0rpq4pf._.js GET /_next/static/chunks/node_modules_next_dist_compiled_0rpq4pf._.js
2026-04-07 00:34:27.6080|INFO|Incoming request GET /_next/static/chunks/node_modules_next_dist_client_0fhqo1d._.js GET /_next/static/chunks/node_modules_next_dist_client_0fhqo1d._.js
2026-04-07 00:34:27.6190|INFO|Incoming request GET /_next/static/chunks/node_modules_next_dist_115brz8._.js GET /_next/static/chunks/node_modules_next_dist_115brz8._.js
2026-04-07 00:34:27.6250|INFO|Incoming request GET /_next/static/chunks/node_modules_%40swc_helpers_cjs_0-4ujiy._.js GET /_next/static/chunks/node_modules_%40swc_helpers_cjs_0-4ujiy._.js
2026-04-07 00:34:27.6440|INFO|Incoming request GET /_next/static/chunks/_0rqeker._.js GET /_next/static/chunks/_0rqeker._.js
2026-04-07 00:34:27.7130|INFO|Incoming request GET /_next/static/chunks/turbopack-_0p44nws._.js GET /_next/static/chunks/turbopack-_0p44nws._.js
2026-04-07 00:34:27.7350|INFO|Incoming request GET /_next/static/chunks/node_modules_next_dist_0tt2wve._.js GET /_next/static/chunks/node_modules_next_dist_0tt2wve._.js
2026-04-07 00:34:27.7430|INFO|Incoming request GET /_next/static/chunks/src_app_layout_tsx_004glpo._.js GET /_next/static/chunks/src_app_layout_tsx_004glpo._.js
2026-04-07 00:34:27.8090|INFO|Incoming request GET / GET /
2026-04-07 00:34:27.8160|INFO|Incoming request GET /_next/static/chunks/src_app_page_tsx_002ye8~._.js GET /_next/static/chunks/src_app_page_tsx_002ye8~._.js
2026-04-07 00:34:27.8190|INFO|Incoming request GET /_next/static/chunks/node_modules_next_dist_07p5au~._.js GET /_next/static/chunks/node_modules_next_dist_07p5au~._.js
2026-04-07 00:34:27.8250|INFO|Incoming request GET /_next/static/chunks/node_modules_next_dist_client_components_builtin_global-error_002ye8~.js GET /_next/static/chunks/node_modules_next_dist_client_components_builtin_global-error_002ye8~.js
2026-04-07 00:34:27.9330|INFO|Incoming request GET /vercel.svg GET /vercel.svg
2026-04-07 00:34:28.0320|INFO|Incoming request GET /_next/static/chunks/%5Bturbopack%5D_browser_dev_hmr-client_hmr-client_ts_0yjw1oe._.js GET /_next/static/chunks/%5Bturbopack%5D_browser_dev_hmr-client_hmr-client_ts_0yjw1oe._.js
2026-04-07 00:34:28.0360|INFO|Incoming request GET /_next/static/chunks/%5Bturbopack%5D_browser_dev_hmr-client_hmr-client_ts_10mygs7._.js GET /_next/static/chunks/%5Bturbopack%5D_browser_dev_hmr-client_hmr-client_ts_10mygs7._.js
2026-04-07 00:34:28.0440|INFO|Incoming request GET /next.svg GET /next.svg
2026-04-07 00:34:28.0450|INFO|Incoming request GET /_next/static/chunks/%5Broot-of-the-server%5D__02nfq85._.css GET /_next/static/chunks/%5Broot-of-the-server%5D__02nfq85._.css
2026-04-07 00:34:28.0460|INFO|Incoming request GET /_next/static/chunks/%5Bturbopack%5D_browser_dev_hmr-client_hmr-client_ts_10z625~._.js GET /_next/static/chunks/%5Bturbopack%5D_browser_dev_hmr-client_hmr-client_ts_10z625~._.js
2026-04-07 00:34:28.0480|INFO|Incoming request GET /_next/static/chunks/node_modules_next_dist_compiled_next-devtools_index_0553esy.js GET /_next/static/chunks/node_modules_next_dist_compiled_next-devtools_index_0553esy.js
2026-04-07 00:34:28.0520|INFO|Incoming request GET /_next/static/chunks/node_modules_next_dist_compiled_react-dom_058-ah~._.js GET /_next/static/chunks/node_modules_next_dist_compiled_react-dom_058-ah~._.js
2026-04-07 00:34:28.1240|INFO|Incoming request GET /_next/static/chunks/node_modules_next_dist_compiled_react-server-dom-turbopack_0p3wegg._.js GET /_next/static/chunks/node_modules_next_dist_compiled_react-server-dom-turbopack_0p3wegg._.js
2026-04-07 00:34:28.1270|INFO|Incoming request GET /_next/static/chunks/node_modules_next_dist_compiled_0rpq4pf._.js GET /_next/static/chunks/node_modules_next_dist_compiled_0rpq4pf._.js
2026-04-07 00:34:28.1300|INFO|Incoming request GET /_next/static/chunks/node_modules_next_dist_client_0fhqo1d._.js GET /_next/static/chunks/node_modules_next_dist_client_0fhqo1d._.js
2026-04-07 00:34:28.1320|INFO|Incoming request GET /_next/static/chunks/node_modules_next_dist_115brz8._.js GET /_next/static/chunks/node_modules_next_dist_115brz8._.js
2026-04-07 00:34:28.1350|INFO|Incoming request GET /_next/static/chunks/node_modules_%40swc_helpers_cjs_0-4ujiy._.js GET /_next/static/chunks/node_modules_%40swc_helpers_cjs_0-4ujiy._.js
2026-04-07 00:34:28.2120|INFO|Incoming request GET /_next/static/chunks/_0rqeker._.js GET /_next/static/chunks/_0rqeker._.js
2026-04-07 00:34:28.2190|INFO|Incoming request GET /_next/static/chunks/turbopack-_0p44nws._.js GET /_next/static/chunks/turbopack-_0p44nws._.js
2026-04-07 00:34:28.2210|INFO|Incoming request GET /_next/static/chunks/node_modules_next_dist_0tt2wve._.js GET /_next/static/chunks/node_modules_next_dist_0tt2wve._.js
2026-04-07 00:34:28.2230|INFO|Incoming request GET /_next/static/chunks/src_app_layout_tsx_004glpo._.js GET /_next/static/chunks/src_app_layout_tsx_004glpo._.js
2026-04-07 00:34:28.2260|INFO|Incoming request GET /_next/static/chunks/node_modules_next_dist_07p5au~._.js GET /_next/static/chunks/node_modules_next_dist_07p5au~._.js
2026-04-07 00:34:28.2310|INFO|Incoming request GET /_next/static/chunks/src_app_page_tsx_002ye8~._.js GET /_next/static/chunks/src_app_page_tsx_002ye8~._.js
2026-04-07 00:34:28.2670|INFO|Incoming request GET / GET /
2026-04-07 00:34:28.3000|INFO|Incoming request GET /_next/static/chunks/node_modules_next_dist_client_components_builtin_global-error_002ye8~.js GET /_next/static/chunks/node_modules_next_dist_client_components_builtin_global-error_002ye8~.js
2026-04-07 00:34:28.3040|INFO|Incoming request GET /vercel.svg GET /vercel.svg
2026-04-07 00:34:28.3770|INFO|Incoming request GET /_next/static/chunks/%5Bturbopack%5D_browser_dev_hmr-client_hmr-client_ts_0yjw1oe._.js GET /_next/static/chunks/%5Bturbopack%5D_browser_dev_hmr-client_hmr-client_ts_0yjw1oe._.js
2026-04-07 00:34:28.3810|INFO|Incoming request GET /_next/static/chunks/%5Bturbopack%5D_browser_dev_hmr-client_hmr-client_ts_10mygs7._.js GET /_next/static/chunks/%5Bturbopack%5D_browser_dev_hmr-client_hmr-client_ts_10mygs7._.js
2026-04-07 00:34:28.4670|INFO|Incoming request GET /next.svg GET /next.svg
2026-04-07 00:34:28.4750|INFO|Incoming request GET /_next/static/chunks/%5Broot-of-the-server%5D__02nfq85._.css GET /_next/static/chunks/%5Broot-of-the-server%5D__02nfq85._.css
2026-04-07 00:34:28.4920|INFO|Incoming request GET /_next/static/chunks/%5Bturbopack%5D_browser_dev_hmr-client_hmr-client_ts_10z625~._.js GET /_next/static/chunks/%5Bturbopack%5D_browser_dev_hmr-client_hmr-client_ts_10z625~._.js
2026-04-07 00:34:28.4940|INFO|Incoming request GET /_next/static/chunks/node_modules_next_dist_compiled_next-devtools_index_0553esy.js GET /_next/static/chunks/node_modules_next_dist_compiled_next-devtools_index_0553esy.js
2026-04-07 00:34:28.4950|INFO|Incoming request GET /_next/static/chunks/node_modules_next_dist_compiled_react-dom_058-ah~._.js GET /_next/static/chunks/node_modules_next_dist_compiled_react-dom_058-ah~._.js
2026-04-07 00:34:28.5250|INFO|Incoming request GET /_next/static/chunks/node_modules_next_dist_compiled_react-server-dom-turbopack_0p3wegg._.js GET /_next/static/chunks/node_modules_next_dist_compiled_react-server-dom-turbopack_0p3wegg._.js
2026-04-07 00:34:28.5450|INFO|Incoming request GET /_next/static/chunks/node_modules_next_dist_compiled_0rpq4pf._.js GET /_next/static/chunks/node_modules_next_dist_compiled_0rpq4pf._.js
2026-04-07 00:34:28.5480|INFO|Incoming request GET /_next/static/chunks/node_modules_next_dist_client_0fhqo1d._.js GET /_next/static/chunks/node_modules_next_dist_client_0fhqo1d._.js
2026-04-07 00:34:28.5560|INFO|Incoming request GET /_next/static/chunks/node_modules_next_dist_115brz8._.js GET /_next/static/chunks/node_modules_next_dist_115brz8._.js
2026-04-07 00:34:28.5850|INFO|Incoming request GET /_next/static/chunks/node_modules_%40swc_helpers_cjs_0-4ujiy._.js GET /_next/static/chunks/node_modules_%40swc_helpers_cjs_0-4ujiy._.js
2026-04-07 00:34:28.6110|INFO|Incoming request GET /_next/static/chunks/_0rqeker._.js GET /_next/static/chunks/_0rqeker._.js
2026-04-07 00:34:28.6360|INFO|Incoming request GET / GET /
2026-04-07 00:34:28.6380|INFO|Incoming request GET /_next/static/chunks/turbopack-_0p44nws._.js GET /_next/static/chunks/turbopack-_0p44nws._.js
2026-04-07 00:34:28.6430|INFO|Incoming request GET /_next/static/chunks/node_modules_next_dist_0tt2wve._.js GET /_next/static/chunks/node_modules_next_dist_0tt2wve._.js
2026-04-07 00:34:28.6480|INFO|Incoming request GET /_next/static/chunks/src_app_layout_tsx_004glpo._.js GET /_next/static/chunks/src_app_layout_tsx_004glpo._.js
2026-04-07 00:34:28.6610|INFO|Incoming request GET /_next/static/chunks/node_modules_next_dist_07p5au~._.js GET /_next/static/chunks/node_modules_next_dist_07p5au~._.js
2026-04-07 00:34:28.7360|INFO|Incoming request GET /_next/static/chunks/src_app_page_tsx_002ye8~._.js GET /_next/static/chunks/src_app_page_tsx_002ye8~._.js
2026-04-07 00:34:28.8440|INFO|Incoming request GET /_next/static/chunks/node_modules_next_dist_client_components_builtin_global-error_002ye8~.js GET /_next/static/chunks/node_modules_next_dist_client_components_builtin_global-error_002ye8~.js
2026-04-07 00:34:28.8670|INFO|Incoming request GET /vercel.svg GET /vercel.svg
2026-04-07 00:34:28.8830|INFO|Incoming request GET /_next/static/chunks/%5Bturbopack%5D_browser_dev_hmr-client_hmr-client_ts_0yjw1oe._.js GET /_next/static/chunks/%5Bturbopack%5D_browser_dev_hmr-client_hmr-client_ts_0yjw1oe._.js
2026-04-07 00:34:28.8960|INFO|Incoming request GET /_next/static/chunks/%5Bturbopack%5D_browser_dev_hmr-client_hmr-client_ts_10mygs7._.js GET /_next/static/chunks/%5Bturbopack%5D_browser_dev_hmr-client_hmr-client_ts_10mygs7._.js
2026-04-07 00:34:28.9130|INFO|Incoming request GET /next.svg GET /next.svg
2026-04-07 00:34:28.9210|INFO|Incoming request GET / GET /
2026-04-07 00:34:28.9230|INFO|Incoming request GET /_next/static/chunks/%5Broot-of-the-server%5D__02nfq85._.css GET /_next/static/chunks/%5Broot-of-the-server%5D__02nfq85._.css
2026-04-07 00:34:28.9240|INFO|Incoming request GET /_next/static/chunks/%5Bturbopack%5D_browser_dev_hmr-client_hmr-client_ts_10z625~._.js GET /_next/static/chunks/%5Bturbopack%5D_browser_dev_hmr-client_hmr-client_ts_10z625~._.js
2026-04-07 00:34:28.9260|INFO|Incoming request GET /_next/static/chunks/node_modules_next_dist_compiled_next-devtools_index_0553esy.js GET /_next/static/chunks/node_modules_next_dist_compiled_next-devtools_index_0553esy.js
2026-04-07 00:34:29.0620|INFO|Incoming request GET /_next/static/chunks/node_modules_next_dist_compiled_react-dom_058-ah~._.js GET /_next/static/chunks/node_modules_next_dist_compiled_react-dom_058-ah~._.js
2026-04-07 00:34:29.1020|INFO|Incoming request GET /_next/static/chunks/node_modules_next_dist_compiled_react-server-dom-turbopack_0p3wegg._.js GET /_next/static/chunks/node_modules_next_dist_compiled_react-server-dom-turbopack_0p3wegg._.js
2026-04-07 00:34:29.1050|INFO|Incoming request GET /_next/static/chunks/node_modules_next_dist_compiled_0rpq4pf._.js GET /_next/static/chunks/node_modules_next_dist_compiled_0rpq4pf._.js
2026-04-07 00:34:29.1100|INFO|Incoming request GET /_next/static/chunks/node_modules_next_dist_client_0fhqo1d._.js GET /_next/static/chunks/node_modules_next_dist_client_0fhqo1d._.js
2026-04-07 00:34:29.1610|INFO|Incoming request GET /_next/static/chunks/node_modules_next_dist_115brz8._.js GET /_next/static/chunks/node_modules_next_dist_115brz8._.js
2026-04-07 00:34:29.1630|INFO|Incoming request GET /_next/static/chunks/node_modules_%40swc_helpers_cjs_0-4ujiy._.js GET /_next/static/chunks/node_modules_%40swc_helpers_cjs_0-4ujiy._.js
2026-04-07 00:34:29.1640|INFO|Incoming request GET /_next/static/chunks/src_app_layout_tsx_004glpo._.js GET /_next/static/chunks/src_app_layout_tsx_004glpo._.js
2026-04-07 00:34:29.1720|INFO|Incoming request GET /next.svg GET /next.svg
2026-04-07 00:34:29.1730|INFO|Incoming request GET / GET /
2026-04-07 00:34:29.1740|INFO|Incoming request GET /_next/static/chunks/%5Broot-of-the-server%5D__02nfq85._.css GET /_next/static/chunks/%5Broot-of-the-server%5D__02nfq85._.css
2026-04-07 00:34:29.1760|INFO|Incoming request GET /_next/static/chunks/node_modules_next_dist_compiled_react-dom_058-ah~._.js GET /_next/static/chunks/node_modules_next_dist_compiled_react-dom_058-ah~._.js
2026-04-07 00:34:29.1870|INFO|Incoming request GET /_next/static/chunks/node_modules_next_dist_compiled_react-server-dom-turbopack_0p3wegg._.js GET /_next/static/chunks/node_modules_next_dist_compiled_react-server-dom-turbopack_0p3wegg._.js
2026-04-07 00:34:29.3240|INFO|Incoming request GET /_next/static/chunks/%5Bturbopack%5D_browser_dev_hmr-client_hmr-client_ts_10z625~._.js GET /_next/static/chunks/%5Bturbopack%5D_browser_dev_hmr-client_hmr-client_ts_10z625~._.js
2026-04-07 00:34:29.3710|INFO|Incoming request GET /_next/static/chunks/node_modules_next_dist_compiled_next-devtools_index_0553esy.js GET /_next/static/chunks/node_modules_next_dist_compiled_next-devtools_index_0553esy.js
2026-04-07 00:34:29.4010|INFO|Incoming request GET /_next/static/chunks/node_modules_next_dist_compiled_0rpq4pf._.js GET /_next/static/chunks/node_modules_next_dist_compiled_0rpq4pf._.js
2026-04-07 00:34:29.4030|INFO|Incoming request GET /_next/static/chunks/node_modules_next_dist_115brz8._.js GET /_next/static/chunks/node_modules_next_dist_115brz8._.js
2026-04-07 00:34:29.4040|INFO|Incoming request GET /_next/static/chunks/turbopack-_0p44nws._.js GET /_next/static/chunks/turbopack-_0p44nws._.js
2026-04-07 00:34:29.4050|INFO|Incoming request GET / GET /
2026-04-07 00:34:29.4060|INFO|Incoming request GET /_next/static/chunks/node_modules_next_dist_0tt2wve._.js GET /_next/static/chunks/node_modules_next_dist_0tt2wve._.js
2026-04-07 00:34:29.4080|INFO|Incoming request GET /_next/static/chunks/src_app_layout_tsx_004glpo._.js GET /_next/static/chunks/src_app_layout_tsx_004glpo._.js
2026-04-07 00:34:29.4160|INFO|Incoming request GET /next.svg GET /next.svg
2026-04-07 00:34:29.4220|INFO|Incoming request GET /_next/static/chunks/%5Broot-of-the-server%5D__02nfq85._.css GET /_next/static/chunks/%5Broot-of-the-server%5D__02nfq85._.css
2026-04-07 00:34:29.4250|INFO|Incoming request GET /_next/static/chunks/%5Bturbopack%5D_browser_dev_hmr-client_hmr-client_ts_10z625~._.js GET /_next/static/chunks/%5Bturbopack%5D_browser_dev_hmr-client_hmr-client_ts_10z625~._.js
2026-04-07 00:34:29.4260|INFO|Incoming request GET /_next/static/chunks/node_modules_next_dist_compiled_next-devtools_index_0553esy.js GET /_next/static/chunks/node_modules_next_dist_compiled_next-devtools_index_0553esy.js
2026-04-07 00:34:29.5960|INFO|Incoming request GET /_next/static/chunks/node_modules_next_dist_compiled_react-dom_058-ah~._.js GET /_next/static/chunks/node_modules_next_dist_compiled_react-dom_058-ah~._.js
2026-04-07 00:34:29.6780|INFO|Incoming request GET /_next/static/chunks/node_modules_next_dist_compiled_react-server-dom-turbopack_0p3wegg._.js GET /_next/static/chunks/node_modules_next_dist_compiled_react-server-dom-turbopack_0p3wegg._.js
2026-04-07 00:34:29.6890|INFO|Incoming request GET /_next/static/chunks/node_modules_next_dist_compiled_0rpq4pf._.js GET /_next/static/chunks/node_modules_next_dist_compiled_0rpq4pf._.js
2026-04-07 00:34:29.6910|INFO|Incoming request GET /_next/static/chunks/node_modules_next_dist_115brz8._.js GET /_next/static/chunks/node_modules_next_dist_115brz8._.js
2026-04-07 00:34:29.6920|INFO|Incoming request GET /next.svg GET /next.svg
2026-04-07 00:34:29.7000|INFO|Incoming request GET /_next/static/chunks/%5Broot-of-the-server%5D__02nfq85._.css GET /_next/static/chunks/%5Broot-of-the-server%5D__02nfq85._.css
2026-04-07 00:34:29.7030|INFO|Incoming request GET /_next/static/chunks/%5Bturbopack%5D_browser_dev_hmr-client_hmr-client_ts_10z625~._.js GET /_next/static/chunks/%5Bturbopack%5D_browser_dev_hmr-client_hmr-client_ts_10z625~._.js
2026-04-07 00:34:29.7040|INFO|Incoming request GET /_next/static/chunks/node_modules_next_dist_compiled_next-devtools_index_0553esy.js GET /_next/static/chunks/node_modules_next_dist_compiled_next-devtools_index_0553esy.js
2026-04-07 00:34:29.7060|INFO|Incoming request GET /_next/static/chunks/node_modules_next_dist_compiled_react-dom_058-ah~._.js GET /_next/static/chunks/node_modules_next_dist_compiled_react-dom_058-ah~._.js
2026-04-07 00:34:29.7460|INFO|Incoming request GET /_next/static/chunks/node_modules_next_dist_compiled_react-server-dom-turbopack_0p3wegg._.js GET /_next/static/chunks/node_modules_next_dist_compiled_react-server-dom-turbopack_0p3wegg._.js
2026-04-07 00:34:29.7590|INFO|Incoming request GET /_next/static/chunks/node_modules_next_dist_compiled_0rpq4pf._.js GET /_next/static/chunks/node_modules_next_dist_compiled_0rpq4pf._.js
2026-04-07 00:34:29.7700|INFO|Incoming request GET /_next/static/chunks/node_modules_next_dist_client_0fhqo1d._.js GET /_next/static/chunks/node_modules_next_dist_client_0fhqo1d._.js
2026-04-07 00:34:29.7930|INFO|Incoming request GET / GET /
2026-04-07 00:34:29.9830|INFO|Incoming request GET /_next/static/chunks/node_modules_next_dist_115brz8._.js GET /_next/static/chunks/node_modules_next_dist_115brz8._.js
2026-04-07 00:34:29.9870|INFO|Incoming request GET /_next/static/chunks/node_modules_%40swc_helpers_cjs_0-4ujiy._.js GET /_next/static/chunks/node_modules_%40swc_helpers_cjs_0-4ujiy._.js
2026-04-07 00:34:30.0390|INFO|Incoming request GET /_next/static/chunks/node_modules_next_dist_0tt2wve._.js GET /_next/static/chunks/node_modules_next_dist_0tt2wve._.js
2026-04-07 00:34:30.0420|INFO|Incoming request GET /_next/static/chunks/src_app_layout_tsx_004glpo._.js GET /_next/static/chunks/src_app_layout_tsx_004glpo._.js
2026-04-07 00:34:30.0430|INFO|Incoming request GET /next.svg GET /next.svg
2026-04-07 00:34:30.0530|INFO|Incoming request GET /_next/static/chunks/%5Broot-of-the-server%5D__02nfq85._.css GET /_next/static/chunks/%5Broot-of-the-server%5D__02nfq85._.css
2026-04-07 00:34:30.0540|INFO|Incoming request GET /_next/static/chunks/node_modules_next_dist_compiled_next-devtools_index_0553esy.js GET /_next/static/chunks/node_modules_next_dist_compiled_next-devtools_index_0553esy.js
2026-04-07 00:34:30.0560|INFO|Incoming request GET /_next/static/chunks/node_modules_next_dist_compiled_react-dom_058-ah~._.js GET /_next/static/chunks/node_modules_next_dist_compiled_react-dom_058-ah~._.js
2026-04-07 00:34:30.0590|INFO|Incoming request GET /_next/static/chunks/%5Bturbopack%5D_browser_dev_hmr-client_hmr-client_ts_10z625~._.js GET /_next/static/chunks/%5Bturbopack%5D_browser_dev_hmr-client_hmr-client_ts_10z625~._.js
2026-04-07 00:34:30.1190|INFO|Incoming request GET / GET /
2026-04-07 00:34:30.1280|INFO|Incoming request GET /_next/static/chunks/node_modules_next_dist_compiled_react-server-dom-turbopack_0p3wegg._.js GET /_next/static/chunks/node_modules_next_dist_compiled_react-server-dom-turbopack_0p3wegg._.js
2026-04-07 00:34:30.1320|INFO|Incoming request GET /_next/static/chunks/node_modules_next_dist_compiled_0rpq4pf._.js GET /_next/static/chunks/node_modules_next_dist_compiled_0rpq4pf._.js
2026-04-07 00:34:30.3180|INFO|Incoming request GET /_next/static/chunks/node_modules_next_dist_client_0fhqo1d._.js GET /_next/static/chunks/node_modules_next_dist_client_0fhqo1d._.js
2026-04-07 00:34:30.3210|INFO|Incoming request GET /_next/static/chunks/node_modules_next_dist_115brz8._.js GET /_next/static/chunks/node_modules_next_dist_115brz8._.js
2026-04-07 00:34:30.3230|INFO|Incoming request GET /_next/static/chunks/node_modules_%40swc_helpers_cjs_0-4ujiy._.js GET /_next/static/chunks/node_modules_%40swc_helpers_cjs_0-4ujiy._.js
2026-04-07 00:34:30.3550|INFO|Incoming request GET /_next/static/chunks/_0rqeker._.js GET /_next/static/chunks/_0rqeker._.js
2026-04-07 00:34:30.3570|INFO|Incoming request GET /_next/static/chunks/node_modules_next_dist_0tt2wve._.js GET /_next/static/chunks/node_modules_next_dist_0tt2wve._.js
2026-04-07 00:34:30.3590|INFO|Incoming request GET /_next/static/chunks/src_app_layout_tsx_004glpo._.js GET /_next/static/chunks/src_app_layout_tsx_004glpo._.js
2026-04-07 00:34:30.3610|INFO|Incoming request GET /_next/static/chunks/src_app_page_tsx_002ye8~._.js GET /_next/static/chunks/src_app_page_tsx_002ye8~._.js
2026-04-07 00:34:30.3630|INFO|Incoming request GET /vercel.svg GET /vercel.svg
2026-04-07 00:34:30.3660|INFO|Incoming request GET /next.svg GET /next.svg
2026-04-07 00:34:30.3780|INFO|Incoming request GET /_next/static/chunks/%5Broot-of-the-server%5D__02nfq85._.css GET /_next/static/chunks/%5Broot-of-the-server%5D__02nfq85._.css
2026-04-07 00:34:30.3800|INFO|Incoming request GET /_next/static/chunks/node_modules_next_dist_compiled_next-devtools_index_0553esy.js GET /_next/static/chunks/node_modules_next_dist_compiled_next-devtools_index_0553esy.js
2026-04-07 00:34:30.3820|INFO|Incoming request GET /_next/static/chunks/node_modules_next_dist_compiled_react-dom_058-ah~._.js GET /_next/static/chunks/node_modules_next_dist_compiled_react-dom_058-ah~._.js
2026-04-07 00:34:30.4070|INFO|Incoming request GET / GET /
2026-04-07 00:34:30.4280|INFO|Incoming request GET /_next/static/chunks/%5Bturbopack%5D_browser_dev_hmr-client_hmr-client_ts_10z625~._.js GET /_next/static/chunks/%5Bturbopack%5D_browser_dev_hmr-client_hmr-client_ts_10z625~._.js
2026-04-07 00:34:30.6120|INFO|Incoming request GET /_next/static/chunks/node_modules_next_dist_compiled_react-server-dom-turbopack_0p3wegg._.js GET /_next/static/chunks/node_modules_next_dist_compiled_react-server-dom-turbopack_0p3wegg._.js
2026-04-07 00:34:30.7680|INFO|Incoming request GET /_next/static/chunks/node_modules_next_dist_compiled_0rpq4pf._.js GET /_next/static/chunks/node_modules_next_dist_compiled_0rpq4pf._.js
2026-04-07 00:34:30.7710|INFO|Incoming request GET /_next/static/chunks/node_modules_next_dist_client_0fhqo1d._.js GET /_next/static/chunks/node_modules_next_dist_client_0fhqo1d._.js
2026-04-07 00:34:30.7730|INFO|Incoming request GET /next.svg GET /next.svg
2026-04-07 00:34:30.7790|INFO|Incoming request GET /_next/static/chunks/%5Broot-of-the-server%5D__02nfq85._.css GET /_next/static/chunks/%5Broot-of-the-server%5D__02nfq85._.css
2026-04-07 00:34:30.7820|INFO|Incoming request GET /_next/static/chunks/node_modules_next_dist_compiled_next-devtools_index_0553esy.js GET /_next/static/chunks/node_modules_next_dist_compiled_next-devtools_index_0553esy.js
2026-04-07 00:34:30.7850|INFO|Incoming request GET /_next/static/chunks/node_modules_next_dist_compiled_react-dom_058-ah~._.js GET /_next/static/chunks/node_modules_next_dist_compiled_react-dom_058-ah~._.js
2026-04-07 00:34:30.7870|INFO|Incoming request GET /_next/static/chunks/node_modules_next_dist_compiled_react-server-dom-turbopack_0p3wegg._.js GET /_next/static/chunks/node_modules_next_dist_compiled_react-server-dom-turbopack_0p3wegg._.js
2026-04-07 00:34:30.8240|INFO|Incoming request GET / GET /
2026-04-07 00:34:30.8370|INFO|Incoming request GET /_next/static/chunks/%5Bturbopack%5D_browser_dev_hmr-client_hmr-client_ts_10z625~._.js GET /_next/static/chunks/%5Bturbopack%5D_browser_dev_hmr-client_hmr-client_ts_10z625~._.js
2026-04-07 00:34:31.0960|INFO|Incoming request GET /_next/static/chunks/node_modules_next_dist_compiled_0rpq4pf._.js GET /_next/static/chunks/node_modules_next_dist_compiled_0rpq4pf._.js
2026-04-07 00:34:31.1010|INFO|Incoming request GET /_next/static/chunks/node_modules_next_dist_client_0fhqo1d._.js GET /_next/static/chunks/node_modules_next_dist_client_0fhqo1d._.js
2026-04-07 00:34:31.1030|INFO|Incoming request GET /_next/static/chunks/node_modules_next_dist_115brz8._.js GET /_next/static/chunks/node_modules_next_dist_115brz8._.js
2026-04-07 00:34:31.1420|INFO|Incoming request GET /_next/static/chunks/node_modules_%40swc_helpers_cjs_0-4ujiy._.js GET /_next/static/chunks/node_modules_%40swc_helpers_cjs_0-4ujiy._.js
2026-04-07 00:34:31.1440|INFO|Incoming request GET /_next/static/chunks/_0rqeker._.js GET /_next/static/chunks/_0rqeker._.js
2026-04-07 00:34:31.1460|INFO|Incoming request GET /_next/static/chunks/turbopack-_0p44nws._.js GET /_next/static/chunks/turbopack-_0p44nws._.js
2026-04-07 00:34:31.1560|INFO|Incoming request GET /_next/static/chunks/node_modules_next_dist_0tt2wve._.js GET /_next/static/chunks/node_modules_next_dist_0tt2wve._.js
2026-04-07 00:34:31.1580|INFO|Incoming request GET /_next/static/chunks/src_app_layout_tsx_004glpo._.js GET /_next/static/chunks/src_app_layout_tsx_004glpo._.js
2026-04-07 00:34:31.1620|INFO|Incoming request GET /next.svg GET /next.svg
2026-04-07 00:34:31.1740|INFO|Incoming request GET /_next/static/chunks/%5Broot-of-the-server%5D__02nfq85._.css GET /_next/static/chunks/%5Broot-of-the-server%5D__02nfq85._.css
2026-04-07 00:34:31.1760|INFO|Incoming request GET /_next/static/chunks/node_modules_next_dist_compiled_next-devtools_index_0553esy.js GET /_next/static/chunks/node_modules_next_dist_compiled_next-devtools_index_0553esy.js
2026-04-07 00:34:31.1770|INFO|Incoming request GET /_next/static/chunks/node_modules_next_dist_compiled_react-dom_058-ah~._.js GET /_next/static/chunks/node_modules_next_dist_compiled_react-dom_058-ah~._.js
2026-04-07 00:34:31.1790|INFO|Incoming request GET /_next/static/chunks/%5Bturbopack%5D_browser_dev_hmr-client_hmr-client_ts_10z625~._.js GET /_next/static/chunks/%5Bturbopack%5D_browser_dev_hmr-client_hmr-client_ts_10z625~._.js
2026-04-07 00:34:31.2410|INFO|Incoming request GET / GET /
2026-04-07 00:34:31.2590|INFO|Incoming request GET /_next/static/chunks/node_modules_next_dist_compiled_react-server-dom-turbopack_0p3wegg._.js GET /_next/static/chunks/node_modules_next_dist_compiled_react-server-dom-turbopack_0p3wegg._.js
2026-04-07 00:34:31.2630|INFO|Incoming request GET /_next/static/chunks/node_modules_next_dist_compiled_0rpq4pf._.js GET /_next/static/chunks/node_modules_next_dist_compiled_0rpq4pf._.js
2026-04-07 00:34:31.4270|INFO|Incoming request GET /_next/static/chunks/node_modules_next_dist_client_0fhqo1d._.js GET /_next/static/chunks/node_modules_next_dist_client_0fhqo1d._.js
2026-04-07 00:34:31.4420|INFO|Incoming request GET /_next/static/chunks/node_modules_next_dist_115brz8._.js GET /_next/static/chunks/node_modules_next_dist_115brz8._.js
2026-04-07 00:34:31.5180|INFO|Incoming request GET /_next/static/chunks/node_modules_%40swc_helpers_cjs_0-4ujiy._.js GET /_next/static/chunks/node_modules_%40swc_helpers_cjs_0-4ujiy._.js
2026-04-07 00:34:31.5410|INFO|Incoming request GET /next.svg GET /next.svg
2026-04-07 00:34:31.5430|INFO|Incoming request GET /_next/static/chunks/node_modules_next_dist_compiled_next-devtools_index_0553esy.js GET /_next/static/chunks/node_modules_next_dist_compiled_next-devtools_index_0553esy.js
2026-04-07 00:34:31.5450|INFO|Incoming request GET /_next/static/chunks/node_modules_next_dist_compiled_react-dom_058-ah~._.js GET /_next/static/chunks/node_modules_next_dist_compiled_react-dom_058-ah~._.js
2026-04-07 00:34:31.5480|INFO|Incoming request GET /_next/static/chunks/%5Broot-of-the-server%5D__02nfq85._.css GET /_next/static/chunks/%5Broot-of-the-server%5D__02nfq85._.css
2026-04-07 00:34:31.5550|INFO|Incoming request GET /_next/static/chunks/%5Bturbopack%5D_browser_dev_hmr-client_hmr-client_ts_10z625~._.js GET /_next/static/chunks/%5Bturbopack%5D_browser_dev_hmr-client_hmr-client_ts_10z625~._.js
2026-04-07 00:34:31.6130|INFO|Incoming request GET /_next/static/chunks/node_modules_next_dist_compiled_react-server-dom-turbopack_0p3wegg._.js GET /_next/static/chunks/node_modules_next_dist_compiled_react-server-dom-turbopack_0p3wegg._.js
2026-04-07 00:34:31.6250|INFO|Incoming request GET /_next/static/chunks/node_modules_next_dist_compiled_0rpq4pf._.js GET /_next/static/chunks/node_modules_next_dist_compiled_0rpq4pf._.js
2026-04-07 00:34:31.6310|INFO|Incoming request GET /_next/static/chunks/node_modules_next_dist_client_0fhqo1d._.js GET /_next/static/chunks/node_modules_next_dist_client_0fhqo1d._.js
2026-04-07 00:34:31.6790|INFO|Incoming request GET /_next/static/chunks/node_modules_next_dist_115brz8._.js GET /_next/static/chunks/node_modules_next_dist_115brz8._.js
2026-04-07 00:34:31.6850|INFO|Incoming request GET /_next/static/chunks/node_modules_%40swc_helpers_cjs_0-4ujiy._.js GET /_next/static/chunks/node_modules_%40swc_helpers_cjs_0-4ujiy._.js
2026-04-07 00:34:31.7550|INFO|Incoming request GET /_next/static/chunks/_0rqeker._.js GET /_next/static/chunks/_0rqeker._.js
2026-04-07 00:34:31.8130|INFO|Incoming request GET /_next/static/chunks/turbopack-_0p44nws._.js GET /_next/static/chunks/turbopack-_0p44nws._.js
2026-04-07 00:34:31.8460|INFO|Incoming request GET / GET /
2026-04-07 00:34:31.8720|INFO|Incoming request GET /_next/static/chunks/node_modules_next_dist_0tt2wve._.js GET /_next/static/chunks/node_modules_next_dist_0tt2wve._.js
2026-04-07 00:34:31.8830|INFO|Incoming request GET /_next/static/chunks/src_app_layout_tsx_004glpo._.js GET /_next/static/chunks/src_app_layout_tsx_004glpo._.js
2026-04-07 00:34:32.1450|INFO|Incoming request GET /_next/static/chunks/node_modules_next_dist_07p5au~._.js GET /_next/static/chunks/node_modules_next_dist_07p5au~._.js
2026-04-07 00:34:32.2150|INFO|Incoming request GET /_next/static/chunks/src_app_page_tsx_002ye8~._.js GET /_next/static/chunks/src_app_page_tsx_002ye8~._.js
2026-04-07 00:34:32.2260|INFO|Incoming request GET /_next/static/chunks/node_modules_next_dist_client_components_builtin_global-error_002ye8~.js GET /_next/static/chunks/node_modules_next_dist_client_components_builtin_global-error_002ye8~.js
2026-04-07 00:34:32.2490|INFO|Incoming request GET /vercel.svg GET /vercel.svg
2026-04-07 00:34:32.2510|INFO|Incoming request GET /_next/static/chunks/%5Bturbopack%5D_browser_dev_hmr-client_hmr-client_ts_0yjw1oe._.js GET /_next/static/chunks/%5Bturbopack%5D_browser_dev_hmr-client_hmr-client_ts_0yjw1oe._.js
2026-04-07 00:34:32.2530|INFO|Incoming request GET /_next/static/chunks/%5Bturbopack%5D_browser_dev_hmr-client_hmr-client_ts_10mygs7._.js GET /_next/static/chunks/%5Bturbopack%5D_browser_dev_hmr-client_hmr-client_ts_10mygs7._.js
2026-04-07 00:34:32.2660|INFO|Incoming request GET /next.svg GET /next.svg
2026-04-07 00:34:32.2700|INFO|Incoming request GET /_next/static/chunks/%5Broot-of-the-server%5D__02nfq85._.css GET /_next/static/chunks/%5Broot-of-the-server%5D__02nfq85._.css
2026-04-07 00:34:32.2720|INFO|Incoming request GET /_next/static/chunks/%5Bturbopack%5D_browser_dev_hmr-client_hmr-client_ts_10z625~._.js GET /_next/static/chunks/%5Bturbopack%5D_browser_dev_hmr-client_hmr-client_ts_10z625~._.js
2026-04-07 00:34:32.2740|INFO|Incoming request GET /_next/static/chunks/node_modules_next_dist_compiled_next-devtools_index_0553esy.js GET /_next/static/chunks/node_modules_next_dist_compiled_next-devtools_index_0553esy.js
2026-04-07 00:34:32.2760|INFO|Incoming request GET /_next/static/chunks/node_modules_next_dist_compiled_react-dom_058-ah~._.js GET /_next/static/chunks/node_modules_next_dist_compiled_react-dom_058-ah~._.js
2026-04-07 00:34:32.3600|INFO|Incoming request GET / GET /
2026-04-07 00:34:32.3730|INFO|Incoming request GET /_next/static/chunks/node_modules_next_dist_compiled_react-server-dom-turbopack_0p3wegg._.js GET /_next/static/chunks/node_modules_next_dist_compiled_react-server-dom-turbopack_0p3wegg._.js
2026-04-07 00:34:32.3750|INFO|Incoming request GET /_next/static/chunks/node_modules_next_dist_compiled_0rpq4pf._.js GET /_next/static/chunks/node_modules_next_dist_compiled_0rpq4pf._.js
2026-04-07 00:34:32.3770|INFO|Incoming request GET /_next/static/chunks/node_modules_next_dist_client_0fhqo1d._.js GET /_next/static/chunks/node_modules_next_dist_client_0fhqo1d._.js
2026-04-07 00:34:32.3790|INFO|Incoming request GET /_next/static/chunks/node_modules_next_dist_115brz8._.js GET /_next/static/chunks/node_modules_next_dist_115brz8._.js
2026-04-07 00:34:32.6120|INFO|Incoming request GET /_next/static/chunks/node_modules_%40swc_helpers_cjs_0-4ujiy._.js GET /_next/static/chunks/node_modules_%40swc_helpers_cjs_0-4ujiy._.js
2026-04-07 00:34:32.6460|INFO|Incoming request GET /_next/static/chunks/_0rqeker._.js GET /_next/static/chunks/_0rqeker._.js
2026-04-07 00:34:32.6510|INFO|Incoming request GET /_next/static/chunks/turbopack-_0p44nws._.js GET /_next/static/chunks/turbopack-_0p44nws._.js
2026-04-07 00:34:32.6540|INFO|Incoming request GET /_next/static/chunks/node_modules_next_dist_0tt2wve._.js GET /_next/static/chunks/node_modules_next_dist_0tt2wve._.js
2026-04-07 00:34:32.6710|INFO|Incoming request GET /_next/static/chunks/src_app_layout_tsx_004glpo._.js GET /_next/static/chunks/src_app_layout_tsx_004glpo._.js
2026-04-07 00:34:32.6870|INFO|Incoming request GET /_next/static/chunks/node_modules_next_dist_07p5au~._.js GET /_next/static/chunks/node_modules_next_dist_07p5au~._.js
2026-04-07 00:34:32.6880|INFO|Incoming request GET /next.svg GET /next.svg
2026-04-07 00:34:32.7000|INFO|Incoming request GET /_next/static/chunks/%5Broot-of-the-server%5D__02nfq85._.css GET /_next/static/chunks/%5Broot-of-the-server%5D__02nfq85._.css
2026-04-07 00:34:32.7020|INFO|Incoming request GET /_next/static/chunks/%5Bturbopack%5D_browser_dev_hmr-client_hmr-client_ts_10z625~._.js GET /_next/static/chunks/%5Bturbopack%5D_browser_dev_hmr-client_hmr-client_ts_10z625~._.js
2026-04-07 00:34:32.7040|INFO|Incoming request GET /_next/static/chunks/node_modules_next_dist_compiled_next-devtools_index_0553esy.js GET /_next/static/chunks/node_modules_next_dist_compiled_next-devtools_index_0553esy.js
2026-04-07 00:34:32.7060|INFO|Incoming request GET /_next/static/chunks/node_modules_next_dist_compiled_react-dom_058-ah~._.js GET /_next/static/chunks/node_modules_next_dist_compiled_react-dom_058-ah~._.js
2026-04-07 00:34:32.7670|INFO|Incoming request GET / GET /
2026-04-07 00:34:32.7740|INFO|Incoming request GET /_next/static/chunks/node_modules_next_dist_compiled_react-server-dom-turbopack_0p3wegg._.js GET /_next/static/chunks/node_modules_next_dist_compiled_react-server-dom-turbopack_0p3wegg._.js
2026-04-07 00:34:32.7770|INFO|Incoming request GET /_next/static/chunks/node_modules_next_dist_compiled_0rpq4pf._.js GET /_next/static/chunks/node_modules_next_dist_compiled_0rpq4pf._.js
2026-04-07 00:34:32.7780|INFO|Incoming request GET /_next/static/chunks/node_modules_next_dist_client_0fhqo1d._.js GET /_next/static/chunks/node_modules_next_dist_client_0fhqo1d._.js
2026-04-07 00:34:32.7790|INFO|Incoming request GET /_next/static/chunks/node_modules_next_dist_115brz8._.js GET /_next/static/chunks/node_modules_next_dist_115brz8._.js
2026-04-07 00:34:32.9720|INFO|Incoming request GET /_next/static/chunks/node_modules_%40swc_helpers_cjs_0-4ujiy._.js GET /_next/static/chunks/node_modules_%40swc_helpers_cjs_0-4ujiy._.js
2026-04-07 00:34:32.9960|INFO|Incoming request GET /_next/static/chunks/_0rqeker._.js GET /_next/static/chunks/_0rqeker._.js
2026-04-07 00:34:33.0010|INFO|Incoming request GET /_next/static/chunks/turbopack-_0p44nws._.js GET /_next/static/chunks/turbopack-_0p44nws._.js
2026-04-07 00:34:33.0030|INFO|Incoming request GET /_next/static/chunks/node_modules_next_dist_0tt2wve._.js GET /_next/static/chunks/node_modules_next_dist_0tt2wve._.js
2026-04-07 00:34:33.0130|INFO|Incoming request GET /_next/static/chunks/src_app_layout_tsx_004glpo._.js GET /_next/static/chunks/src_app_layout_tsx_004glpo._.js
2026-04-07 00:34:33.0240|INFO|Incoming request GET /_next/static/chunks/node_modules_next_dist_07p5au~._.js GET /_next/static/chunks/node_modules_next_dist_07p5au~._.js
2026-04-07 00:34:33.0250|INFO|Incoming request GET /next.svg GET /next.svg
2026-04-07 00:34:33.0310|INFO|Incoming request GET /_next/static/chunks/%5Broot-of-the-server%5D__02nfq85._.css GET /_next/static/chunks/%5Broot-of-the-server%5D__02nfq85._.css
2026-04-07 00:34:33.0340|INFO|Incoming request GET /_next/static/chunks/%5Bturbopack%5D_browser_dev_hmr-client_hmr-client_ts_10z625~._.js GET /_next/static/chunks/%5Bturbopack%5D_browser_dev_hmr-client_hmr-client_ts_10z625~._.js
2026-04-07 00:34:33.0360|INFO|Incoming request GET /_next/static/chunks/node_modules_next_dist_compiled_next-devtools_index_0553esy.js GET /_next/static/chunks/node_modules_next_dist_compiled_next-devtools_index_0553esy.js
2026-04-07 00:34:33.0370|INFO|Incoming request GET /_next/static/chunks/node_modules_next_dist_compiled_react-dom_058-ah~._.js GET /_next/static/chunks/node_modules_next_dist_compiled_react-dom_058-ah~._.js
2026-04-07 00:34:33.0970|INFO|Incoming request GET /_next/static/chunks/node_modules_next_dist_compiled_react-server-dom-turbopack_0p3wegg._.js GET /_next/static/chunks/node_modules_next_dist_compiled_react-server-dom-turbopack_0p3wegg._.js
2026-04-07 00:34:33.1080|INFO|Incoming request GET /_next/static/chunks/node_modules_next_dist_compiled_0rpq4pf._.js GET /_next/static/chunks/node_modules_next_dist_compiled_0rpq4pf._.js
2026-04-07 00:34:33.1110|INFO|Incoming request GET /_next/static/chunks/node_modules_next_dist_client_0fhqo1d._.js GET /_next/static/chunks/node_modules_next_dist_client_0fhqo1d._.js
2026-04-07 00:34:33.1130|INFO|Incoming request GET /_next/static/chunks/node_modules_next_dist_115brz8._.js GET /_next/static/chunks/node_modules_next_dist_115brz8._.js
2026-04-07 00:34:33.1210|INFO|Incoming request GET /_next/static/chunks/node_modules_%40swc_helpers_cjs_0-4ujiy._.js GET /_next/static/chunks/node_modules_%40swc_helpers_cjs_0-4ujiy._.js
2026-04-07 00:34:33.1690|INFO|Incoming request GET / GET /
2026-04-07 00:34:33.1910|INFO|Incoming request GET /_next/static/chunks/_0rqeker._.js GET /_next/static/chunks/_0rqeker._.js
2026-04-07 00:34:33.1950|INFO|Incoming request GET /_next/static/chunks/turbopack-_0p44nws._.js GET /_next/static/chunks/turbopack-_0p44nws._.js
2026-04-07 00:34:33.2080|INFO|Incoming request GET /_next/static/chunks/node_modules_next_dist_0tt2wve._.js GET /_next/static/chunks/node_modules_next_dist_0tt2wve._.js
2026-04-07 00:34:33.2140|INFO|Incoming request GET /_next/static/chunks/src_app_layout_tsx_004glpo._.js GET /_next/static/chunks/src_app_layout_tsx_004glpo._.js
2026-04-07 00:34:33.3340|INFO|Incoming request GET /_next/static/chunks/node_modules_next_dist_07p5au~._.js GET /_next/static/chunks/node_modules_next_dist_07p5au~._.js
2026-04-07 00:34:33.3650|INFO|Incoming request GET /_next/static/chunks/src_app_page_tsx_002ye8~._.js GET /_next/static/chunks/src_app_page_tsx_002ye8~._.js
2026-04-07 00:34:33.3850|INFO|Incoming request GET /_next/static/chunks/node_modules_next_dist_client_components_builtin_global-error_002ye8~.js GET /_next/static/chunks/node_modules_next_dist_client_components_builtin_global-error_002ye8~.js
2026-04-07 00:34:33.3870|INFO|Incoming request GET /next.svg GET /next.svg
2026-04-07 00:34:33.4070|INFO|Incoming request GET /_next/static/chunks/%5Broot-of-the-server%5D__02nfq85._.css GET /_next/static/chunks/%5Broot-of-the-server%5D__02nfq85._.css
2026-04-07 00:34:33.4100|INFO|Incoming request GET /_next/static/chunks/%5Bturbopack%5D_browser_dev_hmr-client_hmr-client_ts_10z625~._.js GET /_next/static/chunks/%5Bturbopack%5D_browser_dev_hmr-client_hmr-client_ts_10z625~._.js
2026-04-07 00:34:33.4130|INFO|Incoming request GET /_next/static/chunks/node_modules_next_dist_compiled_next-devtools_index_0553esy.js GET /_next/static/chunks/node_modules_next_dist_compiled_next-devtools_index_0553esy.js
2026-04-07 00:34:33.4170|INFO|Incoming request GET /_next/static/chunks/node_modules_next_dist_compiled_react-dom_058-ah~._.js GET /_next/static/chunks/node_modules_next_dist_compiled_react-dom_058-ah~._.js
2026-04-07 00:34:33.4690|INFO|Incoming request GET /_next/static/chunks/node_modules_next_dist_compiled_react-server-dom-turbopack_0p3wegg._.js GET /_next/static/chunks/node_modules_next_dist_compiled_react-server-dom-turbopack_0p3wegg._.js
2026-04-07 00:34:33.5020|INFO|Incoming request GET /_next/static/chunks/node_modules_next_dist_compiled_0rpq4pf._.js GET /_next/static/chunks/node_modules_next_dist_compiled_0rpq4pf._.js
2026-04-07 00:34:33.5050|INFO|Incoming request GET /_next/static/chunks/node_modules_next_dist_client_0fhqo1d._.js GET /_next/static/chunks/node_modules_next_dist_client_0fhqo1d._.js
2026-04-07 00:34:33.5080|INFO|Incoming request GET /_next/static/chunks/node_modules_next_dist_115brz8._.js GET /_next/static/chunks/node_modules_next_dist_115brz8._.js
2026-04-07 00:34:33.5120|INFO|Incoming request GET /_next/static/chunks/node_modules_%40swc_helpers_cjs_0-4ujiy._.js GET /_next/static/chunks/node_modules_%40swc_helpers_cjs_0-4ujiy._.js
2026-04-07 00:34:33.5470|INFO|Incoming request GET /_next/static/chunks/_0rqeker._.js GET /_next/static/chunks/_0rqeker._.js
2026-04-07 00:34:33.5720|INFO|Incoming request GET /_next/static/chunks/turbopack-_0p44nws._.js GET /_next/static/chunks/turbopack-_0p44nws._.js
2026-04-07 00:34:33.5770|INFO|Incoming request GET /_next/static/chunks/node_modules_next_dist_0tt2wve._.js GET /_next/static/chunks/node_modules_next_dist_0tt2wve._.js
2026-04-07 00:34:33.5790|INFO|Incoming request GET /_next/static/chunks/src_app_layout_tsx_004glpo._.js GET /_next/static/chunks/src_app_layout_tsx_004glpo._.js
2026-04-07 00:34:33.5860|INFO|Incoming request GET /_next/static/chunks/node_modules_next_dist_07p5au~._.js GET /_next/static/chunks/node_modules_next_dist_07p5au~._.js
2026-04-07 00:34:33.5890|INFO|Incoming request GET /_next/static/chunks/src_app_page_tsx_002ye8~._.js GET /_next/static/chunks/src_app_page_tsx_002ye8~._.js
2026-04-07 00:34:33.5970|INFO|Incoming request GET / GET /
2026-04-07 00:34:33.6880|INFO|Incoming request GET /_next/static/chunks/node_modules_next_dist_client_components_builtin_global-error_002ye8~.js GET /_next/static/chunks/node_modules_next_dist_client_components_builtin_global-error_002ye8~.js
2026-04-07 00:34:33.7010|INFO|Incoming request GET /vercel.svg GET /vercel.svg
2026-04-07 00:34:33.8430|INFO|Incoming request GET /_next/static/chunks/%5Bturbopack%5D_browser_dev_hmr-client_hmr-client_ts_0yjw1oe._.js GET /_next/static/chunks/%5Bturbopack%5D_browser_dev_hmr-client_hmr-client_ts_0yjw1oe._.js
2026-04-07 00:34:33.8460|INFO|Incoming request GET /_next/static/chunks/%5Bturbopack%5D_browser_dev_hmr-client_hmr-client_ts_10mygs7._.js GET /_next/static/chunks/%5Bturbopack%5D_browser_dev_hmr-client_hmr-client_ts_10mygs7._.js
2026-04-07 00:34:33.8540|INFO|Incoming request GET /next.svg GET /next.svg
2026-04-07 00:34:33.8560|INFO|Incoming request GET /_next/static/chunks/%5Broot-of-the-server%5D__02nfq85._.css GET /_next/static/chunks/%5Broot-of-the-server%5D__02nfq85._.css
2026-04-07 00:34:33.8570|INFO|Incoming request GET /_next/static/chunks/%5Bturbopack%5D_browser_dev_hmr-client_hmr-client_ts_10z625~._.js GET /_next/static/chunks/%5Bturbopack%5D_browser_dev_hmr-client_hmr-client_ts_10z625~._.js
2026-04-07 00:34:33.8580|INFO|Incoming request GET /_next/static/chunks/node_modules_next_dist_compiled_next-devtools_index_0553esy.js GET /_next/static/chunks/node_modules_next_dist_compiled_next-devtools_index_0553esy.js
2026-04-07 00:34:33.8610|INFO|Incoming request GET /_next/static/chunks/node_modules_next_dist_compiled_react-dom_058-ah~._.js GET /_next/static/chunks/node_modules_next_dist_compiled_react-dom_058-ah~._.js
2026-04-07 00:34:33.9130|INFO|Incoming request GET /_next/static/chunks/node_modules_next_dist_compiled_react-server-dom-turbopack_0p3wegg._.js GET /_next/static/chunks/node_modules_next_dist_compiled_react-server-dom-turbopack_0p3wegg._.js
2026-04-07 00:34:33.9210|INFO|Incoming request GET /_next/static/chunks/node_modules_next_dist_compiled_0rpq4pf._.js GET /_next/static/chunks/node_modules_next_dist_compiled_0rpq4pf._.js
2026-04-07 00:34:33.9230|INFO|Incoming request GET /_next/static/chunks/node_modules_next_dist_client_0fhqo1d._.js GET /_next/static/chunks/node_modules_next_dist_client_0fhqo1d._.js
2026-04-07 00:34:33.9260|INFO|Incoming request GET /_next/static/chunks/node_modules_next_dist_115brz8._.js GET /_next/static/chunks/node_modules_next_dist_115brz8._.js
2026-04-07 00:34:33.9300|INFO|Incoming request GET /_next/static/chunks/node_modules_%40swc_helpers_cjs_0-4ujiy._.js GET /_next/static/chunks/node_modules_%40swc_helpers_cjs_0-4ujiy._.js
2026-04-07 00:34:33.9650|INFO|Incoming request GET /_next/static/chunks/_0rqeker._.js GET /_next/static/chunks/_0rqeker._.js
2026-04-07 00:34:33.9890|INFO|Incoming request GET /_next/static/chunks/turbopack-_0p44nws._.js GET /_next/static/chunks/turbopack-_0p44nws._.js
2026-04-07 00:34:33.9930|INFO|Incoming request GET /_next/static/chunks/node_modules_next_dist_0tt2wve._.js GET /_next/static/chunks/node_modules_next_dist_0tt2wve._.js
2026-04-07 00:34:33.9940|INFO|Incoming request GET /_next/static/chunks/src_app_layout_tsx_004glpo._.js GET /_next/static/chunks/src_app_layout_tsx_004glpo._.js
2026-04-07 00:34:34.0040|INFO|Incoming request GET /_next/static/chunks/node_modules_next_dist_07p5au~._.js GET /_next/static/chunks/node_modules_next_dist_07p5au~._.js
2026-04-07 00:34:34.0110|INFO|Incoming request GET /_next/static/chunks/src_app_page_tsx_002ye8~._.js GET /_next/static/chunks/src_app_page_tsx_002ye8~._.js
2026-04-07 00:34:34.0400|INFO|Incoming request GET / GET /
2026-04-07 00:34:34.0860|INFO|Incoming request GET /_next/static/chunks/node_modules_next_dist_client_components_builtin_global-error_002ye8~.js GET /_next/static/chunks/node_modules_next_dist_client_components_builtin_global-error_002ye8~.js
2026-04-07 00:34:34.0940|INFO|Incoming request GET /vercel.svg GET /vercel.svg
2026-04-07 00:34:34.2090|INFO|Incoming request GET /_next/static/chunks/%5Bturbopack%5D_browser_dev_hmr-client_hmr-client_ts_0yjw1oe._.js GET /_next/static/chunks/%5Bturbopack%5D_browser_dev_hmr-client_hmr-client_ts_0yjw1oe._.js
2026-04-07 00:34:34.2140|INFO|Incoming request GET /_next/static/chunks/%5Bturbopack%5D_browser_dev_hmr-client_hmr-client_ts_10mygs7._.js GET /_next/static/chunks/%5Bturbopack%5D_browser_dev_hmr-client_hmr-client_ts_10mygs7._.js
2026-04-07 00:34:34.2980|INFO|Incoming request GET /next.svg GET /next.svg
2026-04-07 00:34:34.3170|INFO|Incoming request GET /_next/static/chunks/%5Broot-of-the-server%5D__02nfq85._.css GET /_next/static/chunks/%5Broot-of-the-server%5D__02nfq85._.css
2026-04-07 00:34:34.3210|INFO|Incoming request GET /_next/static/chunks/%5Bturbopack%5D_browser_dev_hmr-client_hmr-client_ts_10z625~._.js GET /_next/static/chunks/%5Bturbopack%5D_browser_dev_hmr-client_hmr-client_ts_10z625~._.js
2026-04-07 00:34:34.3240|INFO|Incoming request GET /_next/static/chunks/node_modules_next_dist_compiled_next-devtools_index_0553esy.js GET /_next/static/chunks/node_modules_next_dist_compiled_next-devtools_index_0553esy.js
2026-04-07 00:34:34.3260|INFO|Incoming request GET /_next/static/chunks/node_modules_next_dist_compiled_react-dom_058-ah~._.js GET /_next/static/chunks/node_modules_next_dist_compiled_react-dom_058-ah~._.js
2026-04-07 00:34:34.3930|INFO|Incoming request GET /_next/static/chunks/node_modules_next_dist_compiled_react-server-dom-turbopack_0p3wegg._.js GET /_next/static/chunks/node_modules_next_dist_compiled_react-server-dom-turbopack_0p3wegg._.js
2026-04-07 00:34:34.4060|INFO|Incoming request GET /_next/static/chunks/node_modules_next_dist_compiled_0rpq4pf._.js GET /_next/static/chunks/node_modules_next_dist_compiled_0rpq4pf._.js
2026-04-07 00:34:34.4100|INFO|Incoming request GET /_next/static/chunks/node_modules_next_dist_client_0fhqo1d._.js GET /_next/static/chunks/node_modules_next_dist_client_0fhqo1d._.js
2026-04-07 00:34:34.4210|INFO|Incoming request GET /_next/static/chunks/node_modules_next_dist_115brz8._.js GET /_next/static/chunks/node_modules_next_dist_115brz8._.js
2026-04-07 00:34:34.4240|INFO|Incoming request GET /_next/static/chunks/node_modules_%40swc_helpers_cjs_0-4ujiy._.js GET /_next/static/chunks/node_modules_%40swc_helpers_cjs_0-4ujiy._.js
2026-04-07 00:34:34.4850|INFO|Incoming request GET /_next/static/chunks/_0rqeker._.js GET /_next/static/chunks/_0rqeker._.js
2026-04-07 00:34:34.5020|INFO|Incoming request GET / GET /
2026-04-07 00:34:34.5070|INFO|Incoming request GET /_next/static/chunks/turbopack-_0p44nws._.js GET /_next/static/chunks/turbopack-_0p44nws._.js
2026-04-07 00:34:34.5200|INFO|Incoming request GET /_next/static/chunks/node_modules_next_dist_0tt2wve._.js GET /_next/static/chunks/node_modules_next_dist_0tt2wve._.js
2026-04-07 00:34:34.5360|INFO|Incoming request GET /_next/static/chunks/src_app_layout_tsx_004glpo._.js GET /_next/static/chunks/src_app_layout_tsx_004glpo._.js
2026-04-07 00:34:34.5510|INFO|Incoming request GET /_next/static/chunks/node_modules_next_dist_07p5au~._.js GET /_next/static/chunks/node_modules_next_dist_07p5au~._.js
2026-04-07 00:34:34.7340|INFO|Incoming request GET /_next/static/chunks/src_app_page_tsx_002ye8~._.js GET /_next/static/chunks/src_app_page_tsx_002ye8~._.js
2026-04-07 00:34:34.7970|INFO|Incoming request GET /_next/static/chunks/node_modules_next_dist_client_components_builtin_global-error_002ye8~.js GET /_next/static/chunks/node_modules_next_dist_client_components_builtin_global-error_002ye8~.js
2026-04-07 00:34:34.8010|INFO|Incoming request GET /vercel.svg GET /vercel.svg
2026-04-07 00:34:34.8200|INFO|Incoming request GET /_next/static/chunks/%5Bturbopack%5D_browser_dev_hmr-client_hmr-client_ts_0yjw1oe._.js GET /_next/static/chunks/%5Bturbopack%5D_browser_dev_hmr-client_hmr-client_ts_0yjw1oe._.js
2026-04-07 00:34:34.8360|INFO|Incoming request GET /_next/static/chunks/%5Bturbopack%5D_browser_dev_hmr-client_hmr-client_ts_10mygs7._.js GET /_next/static/chunks/%5Bturbopack%5D_browser_dev_hmr-client_hmr-client_ts_10mygs7._.js
2026-04-07 00:34:34.8520|INFO|Incoming request GET /next.svg GET /next.svg
2026-04-07 00:34:34.8620|INFO|Incoming request GET /_next/static/chunks/%5Broot-of-the-server%5D__02nfq85._.css GET /_next/static/chunks/%5Broot-of-the-server%5D__02nfq85._.css
2026-04-07 00:34:34.8650|INFO|Incoming request GET /_next/static/chunks/%5Bturbopack%5D_browser_dev_hmr-client_hmr-client_ts_10z625~._.js GET /_next/static/chunks/%5Bturbopack%5D_browser_dev_hmr-client_hmr-client_ts_10z625~._.js
2026-04-07 00:34:34.8680|INFO|Incoming request GET /_next/static/chunks/node_modules_next_dist_compiled_next-devtools_index_0553esy.js GET /_next/static/chunks/node_modules_next_dist_compiled_next-devtools_index_0553esy.js
2026-04-07 00:34:34.8710|INFO|Incoming request GET /_next/static/chunks/node_modules_next_dist_compiled_react-dom_058-ah~._.js GET /_next/static/chunks/node_modules_next_dist_compiled_react-dom_058-ah~._.js
2026-04-07 00:34:35.0070|INFO|Incoming request GET /_next/static/chunks/node_modules_next_dist_compiled_react-server-dom-turbopack_0p3wegg._.js GET /_next/static/chunks/node_modules_next_dist_compiled_react-server-dom-turbopack_0p3wegg._.js
2026-04-07 00:34:35.0500|INFO|Incoming request GET / GET /
2026-04-07 00:34:35.0550|INFO|Incoming request GET /_next/static/chunks/node_modules_next_dist_compiled_0rpq4pf._.js GET /_next/static/chunks/node_modules_next_dist_compiled_0rpq4pf._.js
2026-04-07 00:34:35.0570|INFO|Incoming request GET /_next/static/chunks/node_modules_next_dist_client_0fhqo1d._.js GET /_next/static/chunks/node_modules_next_dist_client_0fhqo1d._.js
2026-04-07 00:34:35.0600|INFO|Incoming request GET /_next/static/chunks/node_modules_next_dist_115brz8._.js GET /_next/static/chunks/node_modules_next_dist_115brz8._.js
2026-04-07 00:34:35.3180|INFO|Incoming request GET /_next/static/chunks/node_modules_%40swc_helpers_cjs_0-4ujiy._.js GET /_next/static/chunks/node_modules_%40swc_helpers_cjs_0-4ujiy._.js
2026-04-07 00:34:35.3510|INFO|Incoming request GET /_next/static/chunks/_0rqeker._.js GET /_next/static/chunks/_0rqeker._.js
2026-04-07 00:34:35.3540|INFO|Incoming request GET /_next/static/chunks/turbopack-_0p44nws._.js GET /_next/static/chunks/turbopack-_0p44nws._.js
2026-04-07 00:34:35.3560|INFO|Incoming request GET /_next/static/chunks/node_modules_next_dist_0tt2wve._.js GET /_next/static/chunks/node_modules_next_dist_0tt2wve._.js
2026-04-07 00:34:35.3710|INFO|Incoming request GET /_next/static/chunks/src_app_layout_tsx_004glpo._.js GET /_next/static/chunks/src_app_layout_tsx_004glpo._.js
2026-04-07 00:34:35.3950|INFO|Incoming request GET / GET /
2026-04-07 00:34:35.4030|INFO|Incoming request GET /next.svg GET /next.svg
2026-04-07 00:34:35.4050|INFO|Incoming request GET /_next/static/chunks/%5Broot-of-the-server%5D__02nfq85._.css GET /_next/static/chunks/%5Broot-of-the-server%5D__02nfq85._.css
2026-04-07 00:34:35.4060|INFO|Incoming request GET /_next/static/chunks/%5Bturbopack%5D_browser_dev_hmr-client_hmr-client_ts_10z625~._.js GET /_next/static/chunks/%5Bturbopack%5D_browser_dev_hmr-client_hmr-client_ts_10z625~._.js
2026-04-07 00:34:35.4080|INFO|Incoming request GET /_next/static/chunks/node_modules_next_dist_compiled_next-devtools_index_0553esy.js GET /_next/static/chunks/node_modules_next_dist_compiled_next-devtools_index_0553esy.js
2026-04-07 00:34:35.6170|INFO|Incoming request GET /_next/static/chunks/node_modules_next_dist_compiled_react-dom_058-ah~._.js GET /_next/static/chunks/node_modules_next_dist_compiled_react-dom_058-ah~._.js
2026-04-07 00:34:35.6210|INFO|Incoming request GET /_next/static/chunks/node_modules_next_dist_compiled_react-server-dom-turbopack_0p3wegg._.js GET /_next/static/chunks/node_modules_next_dist_compiled_react-server-dom-turbopack_0p3wegg._.js
2026-04-07 00:34:35.6230|INFO|Incoming request GET /_next/static/chunks/node_modules_next_dist_compiled_0rpq4pf._.js GET /_next/static/chunks/node_modules_next_dist_compiled_0rpq4pf._.js
2026-04-07 00:34:35.6620|INFO|Incoming request GET /_next/static/chunks/node_modules_next_dist_client_0fhqo1d._.js GET /_next/static/chunks/node_modules_next_dist_client_0fhqo1d._.js
2026-04-07 00:34:35.7030|INFO|Incoming request GET /_next/static/chunks/node_modules_next_dist_115brz8._.js GET /_next/static/chunks/node_modules_next_dist_115brz8._.js
2026-04-07 00:34:35.7050|INFO|Incoming request GET /_next/static/chunks/node_modules_%40swc_helpers_cjs_0-4ujiy._.js GET /_next/static/chunks/node_modules_%40swc_helpers_cjs_0-4ujiy._.js
2026-04-07 00:34:35.7070|INFO|Incoming request GET /_next/static/chunks/_0rqeker._.js GET /_next/static/chunks/_0rqeker._.js
2026-04-07 00:34:35.7080|INFO|Incoming request GET /_next/static/chunks/turbopack-_0p44nws._.js GET /_next/static/chunks/turbopack-_0p44nws._.js
2026-04-07 00:34:35.7100|INFO|Incoming request GET /_next/static/chunks/src_app_layout_tsx_004glpo._.js GET /_next/static/chunks/src_app_layout_tsx_004glpo._.js
2026-04-07 00:34:35.7120|INFO|Incoming request GET /next.svg GET /next.svg
2026-04-07 00:34:35.7220|INFO|Incoming request GET /_next/static/chunks/%5Broot-of-the-server%5D__02nfq85._.css GET /_next/static/chunks/%5Broot-of-the-server%5D__02nfq85._.css
2026-04-07 00:34:35.7230|INFO|Incoming request GET /_next/static/chunks/node_modules_next_dist_compiled_react-dom_058-ah~._.js GET /_next/static/chunks/node_modules_next_dist_compiled_react-dom_058-ah~._.js
2026-04-07 00:34:35.7250|INFO|Incoming request GET /_next/static/chunks/node_modules_next_dist_compiled_react-server-dom-turbopack_0p3wegg._.js GET /_next/static/chunks/node_modules_next_dist_compiled_react-server-dom-turbopack_0p3wegg._.js
2026-04-07 00:34:35.7260|INFO|Incoming request GET /_next/static/chunks/%5Bturbopack%5D_browser_dev_hmr-client_hmr-client_ts_10z625~._.js GET /_next/static/chunks/%5Bturbopack%5D_browser_dev_hmr-client_hmr-client_ts_10z625~._.js
2026-04-07 00:34:35.7880|INFO|Incoming request GET /_next/static/chunks/node_modules_next_dist_compiled_next-devtools_index_0553esy.js GET /_next/static/chunks/node_modules_next_dist_compiled_next-devtools_index_0553esy.js
2026-04-07 00:34:35.8020|INFO|Incoming request GET /_next/static/chunks/node_modules_next_dist_compiled_0rpq4pf._.js GET /_next/static/chunks/node_modules_next_dist_compiled_0rpq4pf._.js
2026-04-07 00:34:35.8130|INFO|Incoming request GET / GET /
2026-04-07 00:34:35.9290|INFO|Incoming request GET /_next/static/chunks/node_modules_next_dist_client_0fhqo1d._.js GET /_next/static/chunks/node_modules_next_dist_client_0fhqo1d._.js
2026-04-07 00:34:35.9530|INFO|Incoming request GET /_next/static/chunks/node_modules_next_dist_115brz8._.js GET /_next/static/chunks/node_modules_next_dist_115brz8._.js
2026-04-07 00:34:36.0030|INFO|Incoming request GET /_next/static/chunks/node_modules_%40swc_helpers_cjs_0-4ujiy._.js GET /_next/static/chunks/node_modules_%40swc_helpers_cjs_0-4ujiy._.js
2026-04-07 00:34:36.0890|INFO|Incoming request GET /_next/static/chunks/_0rqeker._.js GET /_next/static/chunks/_0rqeker._.js
2026-04-07 00:34:36.0930|INFO|Incoming request GET /_next/static/chunks/turbopack-_0p44nws._.js GET /_next/static/chunks/turbopack-_0p44nws._.js
2026-04-07 00:34:36.0950|INFO|Incoming request GET /_next/static/chunks/src_app_layout_tsx_004glpo._.js GET /_next/static/chunks/src_app_layout_tsx_004glpo._.js
2026-04-07 00:34:36.0970|INFO|Incoming request GET /next.svg GET /next.svg
2026-04-07 00:34:36.1210|INFO|Incoming request GET /_next/static/chunks/%5Broot-of-the-server%5D__02nfq85._.css GET /_next/static/chunks/%5Broot-of-the-server%5D__02nfq85._.css
2026-04-07 00:34:36.1230|INFO|Incoming request GET /_next/static/chunks/node_modules_next_dist_compiled_react-dom_058-ah~._.js GET /_next/static/chunks/node_modules_next_dist_compiled_react-dom_058-ah~._.js
2026-04-07 00:34:36.1260|INFO|Incoming request GET /_next/static/chunks/%5Bturbopack%5D_browser_dev_hmr-client_hmr-client_ts_10z625~._.js GET /_next/static/chunks/%5Bturbopack%5D_browser_dev_hmr-client_hmr-client_ts_10z625~._.js
2026-04-07 00:34:36.1280|INFO|Incoming request GET /_next/static/chunks/node_modules_next_dist_compiled_next-devtools_index_0553esy.js GET /_next/static/chunks/node_modules_next_dist_compiled_next-devtools_index_0553esy.js
2026-04-07 00:34:36.1820|INFO|Incoming request GET /_next/static/chunks/node_modules_next_dist_compiled_react-server-dom-turbopack_0p3wegg._.js GET /_next/static/chunks/node_modules_next_dist_compiled_react-server-dom-turbopack_0p3wegg._.js
2026-04-07 00:34:36.2070|INFO|Incoming request GET /_next/static/chunks/node_modules_next_dist_compiled_0rpq4pf._.js GET /_next/static/chunks/node_modules_next_dist_compiled_0rpq4pf._.js
2026-04-07 00:34:36.2100|INFO|Incoming request GET /_next/static/chunks/node_modules_next_dist_client_0fhqo1d._.js GET /_next/static/chunks/node_modules_next_dist_client_0fhqo1d._.js
2026-04-07 00:34:36.2140|INFO|Incoming request GET /_next/static/chunks/node_modules_next_dist_115brz8._.js GET /_next/static/chunks/node_modules_next_dist_115brz8._.js
2026-04-07 00:34:36.2380|INFO|Incoming request GET / GET /
2026-04-07 00:34:36.3700|INFO|Incoming request GET /_next/static/chunks/node_modules_%40swc_helpers_cjs_0-4ujiy._.js GET /_next/static/chunks/node_modules_%40swc_helpers_cjs_0-4ujiy._.js
2026-04-07 00:34:36.5240|INFO|Incoming request GET /_next/static/chunks/_0rqeker._.js GET /_next/static/chunks/_0rqeker._.js
2026-04-07 00:34:36.5270|INFO|Incoming request GET /_next/static/chunks/turbopack-_0p44nws._.js GET /_next/static/chunks/turbopack-_0p44nws._.js
2026-04-07 00:34:36.5620|INFO|Incoming request GET /_next/static/chunks/node_modules_next_dist_compiled_react-dom_058-ah~._.js GET /_next/static/chunks/node_modules_next_dist_compiled_react-dom_058-ah~._.js
2026-04-07 00:34:36.5650|INFO|Incoming request GET /next.svg GET /next.svg
2026-04-07 00:34:36.5680|INFO|Incoming request GET /_next/static/chunks/%5Broot-of-the-server%5D__02nfq85._.css GET /_next/static/chunks/%5Broot-of-the-server%5D__02nfq85._.css
2026-04-07 00:34:36.5710|INFO|Incoming request GET /_next/static/chunks/%5Bturbopack%5D_browser_dev_hmr-client_hmr-client_ts_10z625~._.js GET /_next/static/chunks/%5Bturbopack%5D_browser_dev_hmr-client_hmr-client_ts_10z625~._.js
2026-04-07 00:34:36.5750|INFO|Incoming request GET /_next/static/chunks/node_modules_next_dist_compiled_next-devtools_index_0553esy.js GET /_next/static/chunks/node_modules_next_dist_compiled_next-devtools_index_0553esy.js
2026-04-07 00:34:36.5880|INFO|Incoming request GET /_next/static/chunks/node_modules_next_dist_compiled_react-server-dom-turbopack_0p3wegg._.js GET /_next/static/chunks/node_modules_next_dist_compiled_react-server-dom-turbopack_0p3wegg._.js
2026-04-07 00:34:36.6710|INFO|Incoming request GET / GET /
2026-04-07 00:34:36.7010|INFO|Incoming request GET /_next/static/chunks/node_modules_next_dist_compiled_0rpq4pf._.js GET /_next/static/chunks/node_modules_next_dist_compiled_0rpq4pf._.js
2026-04-07 00:34:36.7040|INFO|Incoming request GET /_next/static/chunks/node_modules_next_dist_client_0fhqo1d._.js GET /_next/static/chunks/node_modules_next_dist_client_0fhqo1d._.js
2026-04-07 00:34:36.7130|INFO|Incoming request GET /_next/static/chunks/node_modules_%40swc_helpers_cjs_0-4ujiy._.js GET /_next/static/chunks/node_modules_%40swc_helpers_cjs_0-4ujiy._.js
2026-04-07 00:34:36.7200|INFO|Incoming request GET /_next/static/chunks/node_modules_next_dist_115brz8._.js GET /_next/static/chunks/node_modules_next_dist_115brz8._.js
2026-04-07 00:34:36.9640|INFO|Incoming request GET /_next/static/chunks/_0rqeker._.js GET /_next/static/chunks/_0rqeker._.js
2026-04-07 00:34:37.0090|INFO|Incoming request GET /_next/static/chunks/turbopack-_0p44nws._.js GET /_next/static/chunks/turbopack-_0p44nws._.js
2026-04-07 00:34:37.0550|INFO|Incoming request GET /next.svg GET /next.svg
2026-04-07 00:34:37.0580|INFO|Incoming request GET /_next/static/chunks/%5Broot-of-the-server%5D__02nfq85._.css GET /_next/static/chunks/%5Broot-of-the-server%5D__02nfq85._.css
2026-04-07 00:34:37.0620|INFO|Incoming request GET /_next/static/chunks/node_modules_next_dist_compiled_react-dom_058-ah~._.js GET /_next/static/chunks/node_modules_next_dist_compiled_react-dom_058-ah~._.js
2026-04-07 00:34:37.0750|INFO|Incoming request GET /_next/static/chunks/%5Bturbopack%5D_browser_dev_hmr-client_hmr-client_ts_10z625~._.js GET /_next/static/chunks/%5Bturbopack%5D_browser_dev_hmr-client_hmr-client_ts_10z625~._.js
2026-04-07 00:34:37.0780|INFO|Incoming request GET /_next/static/chunks/node_modules_next_dist_compiled_next-devtools_index_0553esy.js GET /_next/static/chunks/node_modules_next_dist_compiled_next-devtools_index_0553esy.js
2026-04-07 00:34:37.1890|INFO|Incoming request GET /_next/static/chunks/node_modules_next_dist_compiled_react-server-dom-turbopack_0p3wegg._.js GET /_next/static/chunks/node_modules_next_dist_compiled_react-server-dom-turbopack_0p3wegg._.js
2026-04-07 00:34:37.1930|INFO|Incoming request GET /_next/static/chunks/node_modules_next_dist_compiled_0rpq4pf._.js GET /_next/static/chunks/node_modules_next_dist_compiled_0rpq4pf._.js
2026-04-07 00:34:37.1970|INFO|Incoming request GET /_next/static/chunks/node_modules_next_dist_client_0fhqo1d._.js GET /_next/static/chunks/node_modules_next_dist_client_0fhqo1d._.js
2026-04-07 00:34:37.2070|INFO|Incoming request GET /_next/static/chunks/node_modules_next_dist_115brz8._.js GET /_next/static/chunks/node_modules_next_dist_115brz8._.js
2026-04-07 00:34:37.2820|INFO|Incoming request GET / GET /
2026-04-07 00:34:37.2870|INFO|Incoming request GET /_next/static/chunks/node_modules_%40swc_helpers_cjs_0-4ujiy._.js GET /_next/static/chunks/node_modules_%40swc_helpers_cjs_0-4ujiy._.js
2026-04-07 00:34:37.3020|INFO|Incoming request GET /_next/static/chunks/_0rqeker._.js GET /_next/static/chunks/_0rqeker._.js
2026-04-07 00:34:37.3120|INFO|Incoming request GET /_next/static/chunks/turbopack-_0p44nws._.js GET /_next/static/chunks/turbopack-_0p44nws._.js
2026-04-07 00:34:37.5960|INFO|Incoming request GET /_next/static/chunks/node_modules_next_dist_0tt2wve._.js GET /_next/static/chunks/node_modules_next_dist_0tt2wve._.js
2026-04-07 00:34:37.6690|INFO|Incoming request GET /_next/static/chunks/node_modules_next_dist_compiled_react-dom_058-ah~._.js GET /_next/static/chunks/node_modules_next_dist_compiled_react-dom_058-ah~._.js
2026-04-07 00:34:37.6730|INFO|Incoming request GET /_next/static/chunks/%5Broot-of-the-server%5D__02nfq85._.css GET /_next/static/chunks/%5Broot-of-the-server%5D__02nfq85._.css
2026-04-07 00:34:37.6760|INFO|Incoming request GET /next.svg GET /next.svg
2026-04-07 00:34:37.6780|INFO|Incoming request GET /_next/static/chunks/%5Bturbopack%5D_browser_dev_hmr-client_hmr-client_ts_10z625~._.js GET /_next/static/chunks/%5Bturbopack%5D_browser_dev_hmr-client_hmr-client_ts_10z625~._.js
2026-04-07 00:34:37.6810|INFO|Incoming request GET /_next/static/chunks/node_modules_next_dist_compiled_next-devtools_index_0553esy.js GET /_next/static/chunks/node_modules_next_dist_compiled_next-devtools_index_0553esy.js
2026-04-07 00:34:37.7740|INFO|Incoming request GET / GET /
2026-04-07 00:34:37.7950|INFO|Incoming request GET /_next/static/chunks/node_modules_next_dist_compiled_react-server-dom-turbopack_0p3wegg._.js GET /_next/static/chunks/node_modules_next_dist_compiled_react-server-dom-turbopack_0p3wegg._.js
2026-04-07 00:34:37.8130|INFO|Incoming request GET /_next/static/chunks/node_modules_next_dist_client_0fhqo1d._.js GET /_next/static/chunks/node_modules_next_dist_client_0fhqo1d._.js
2026-04-07 00:34:37.8210|INFO|Incoming request GET /_next/static/chunks/node_modules_next_dist_compiled_0rpq4pf._.js GET /_next/static/chunks/node_modules_next_dist_compiled_0rpq4pf._.js
2026-04-07 00:34:37.9500|INFO|Incoming request GET /_next/static/chunks/node_modules_%40swc_helpers_cjs_0-4ujiy._.js GET /_next/static/chunks/node_modules_%40swc_helpers_cjs_0-4ujiy._.js
2026-04-07 00:34:38.0070|INFO|Incoming request GET /_next/static/chunks/node_modules_next_dist_115brz8._.js GET /_next/static/chunks/node_modules_next_dist_115brz8._.js
2026-04-07 00:34:38.0190|INFO|Incoming request GET /_next/static/chunks/_0rqeker._.js GET /_next/static/chunks/_0rqeker._.js
2026-04-07 00:34:38.1500|INFO|Incoming request GET /_next/static/chunks/turbopack-_0p44nws._.js GET /_next/static/chunks/turbopack-_0p44nws._.js
2026-04-07 00:34:38.1900|INFO|Incoming request GET /_next/static/chunks/src_app_layout_tsx_004glpo._.js GET /_next/static/chunks/src_app_layout_tsx_004glpo._.js
2026-04-07 00:34:38.2110|INFO|Incoming request GET / GET /
2026-04-07 00:34:38.2130|INFO|Incoming request GET /_next/static/chunks/node_modules_next_dist_compiled_react-dom_058-ah~._.js GET /_next/static/chunks/node_modules_next_dist_compiled_react-dom_058-ah~._.js
2026-04-07 00:34:38.2150|INFO|Incoming request GET /_next/static/chunks/%5Broot-of-the-server%5D__02nfq85._.css GET /_next/static/chunks/%5Broot-of-the-server%5D__02nfq85._.css
2026-04-07 00:34:38.2180|INFO|Incoming request GET /next.svg GET /next.svg
2026-04-07 00:34:38.2240|INFO|Incoming request GET /_next/static/chunks/%5Bturbopack%5D_browser_dev_hmr-client_hmr-client_ts_10z625~._.js GET /_next/static/chunks/%5Bturbopack%5D_browser_dev_hmr-client_hmr-client_ts_10z625~._.js
2026-04-07 00:34:38.4030|INFO|Incoming request GET /_next/static/chunks/node_modules_next_dist_compiled_next-devtools_index_0553esy.js GET /_next/static/chunks/node_modules_next_dist_compiled_next-devtools_index_0553esy.js
2026-04-07 00:34:38.4190|INFO|Incoming request GET /_next/static/chunks/node_modules_next_dist_compiled_react-server-dom-turbopack_0p3wegg._.js GET /_next/static/chunks/node_modules_next_dist_compiled_react-server-dom-turbopack_0p3wegg._.js
2026-04-07 00:34:38.4430|INFO|Incoming request GET /_next/static/chunks/node_modules_next_dist_compiled_0rpq4pf._.js GET /_next/static/chunks/node_modules_next_dist_compiled_0rpq4pf._.js
2026-04-07 00:34:38.4630|INFO|Incoming request GET /_next/static/chunks/node_modules_next_dist_client_0fhqo1d._.js GET /_next/static/chunks/node_modules_next_dist_client_0fhqo1d._.js
2026-04-07 00:34:38.4860|INFO|Incoming request GET /_next/static/chunks/node_modules_next_dist_115brz8._.js GET /_next/static/chunks/node_modules_next_dist_115brz8._.js
2026-04-07 00:34:38.4880|INFO|Incoming request GET /next.svg GET /next.svg
2026-04-07 00:34:38.5080|INFO|Incoming request GET /_next/static/chunks/%5Broot-of-the-server%5D__02nfq85._.css GET /_next/static/chunks/%5Broot-of-the-server%5D__02nfq85._.css
2026-04-07 00:34:38.5100|INFO|Incoming request GET /_next/static/chunks/node_modules_next_dist_compiled_next-devtools_index_0553esy.js GET /_next/static/chunks/node_modules_next_dist_compiled_next-devtools_index_0553esy.js
2026-04-07 00:34:38.5180|INFO|Incoming request GET /_next/static/chunks/node_modules_next_dist_compiled_react-dom_058-ah~._.js GET /_next/static/chunks/node_modules_next_dist_compiled_react-dom_058-ah~._.js
2026-04-07 00:34:38.5360|INFO|Incoming request GET /_next/static/chunks/node_modules_next_dist_compiled_react-server-dom-turbopack_0p3wegg._.js GET /_next/static/chunks/node_modules_next_dist_compiled_react-server-dom-turbopack_0p3wegg._.js
2026-04-07 00:34:38.5570|INFO|Incoming request GET /_next/static/chunks/%5Bturbopack%5D_browser_dev_hmr-client_hmr-client_ts_10z625~._.js GET /_next/static/chunks/%5Bturbopack%5D_browser_dev_hmr-client_hmr-client_ts_10z625~._.js
2026-04-07 00:34:38.5690|INFO|Incoming request GET / GET /
2026-04-07 00:34:38.7360|INFO|Incoming request GET /_next/static/chunks/node_modules_next_dist_compiled_0rpq4pf._.js GET /_next/static/chunks/node_modules_next_dist_compiled_0rpq4pf._.js
2026-04-07 00:34:38.7410|INFO|Incoming request GET /_next/static/chunks/node_modules_next_dist_client_0fhqo1d._.js GET /_next/static/chunks/node_modules_next_dist_client_0fhqo1d._.js
2026-04-07 00:34:38.7860|INFO|Incoming request GET /_next/static/chunks/node_modules_next_dist_115brz8._.js GET /_next/static/chunks/node_modules_next_dist_115brz8._.js
2026-04-07 00:34:38.8280|INFO|Incoming request GET /_next/static/chunks/node_modules_%40swc_helpers_cjs_0-4ujiy._.js GET /_next/static/chunks/node_modules_%40swc_helpers_cjs_0-4ujiy._.js
2026-04-07 00:34:38.8310|INFO|Incoming request GET /next.svg GET /next.svg
2026-04-07 00:34:38.8510|INFO|Incoming request GET /_next/static/chunks/node_modules_next_dist_compiled_next-devtools_index_0553esy.js GET /_next/static/chunks/node_modules_next_dist_compiled_next-devtools_index_0553esy.js
2026-04-07 00:34:38.8540|INFO|Incoming request GET /_next/static/chunks/%5Broot-of-the-server%5D__02nfq85._.css GET /_next/static/chunks/%5Broot-of-the-server%5D__02nfq85._.css
2026-04-07 00:34:38.8560|INFO|Incoming request GET /_next/static/chunks/node_modules_next_dist_compiled_react-dom_058-ah~._.js GET /_next/static/chunks/node_modules_next_dist_compiled_react-dom_058-ah~._.js
2026-04-07 00:34:38.8570|INFO|Incoming request GET /_next/static/chunks/%5Bturbopack%5D_browser_dev_hmr-client_hmr-client_ts_10z625~._.js GET /_next/static/chunks/%5Bturbopack%5D_browser_dev_hmr-client_hmr-client_ts_10z625~._.js
2026-04-07 00:34:38.8930|INFO|Incoming request GET /_next/static/chunks/node_modules_next_dist_compiled_react-server-dom-turbopack_0p3wegg._.js GET /_next/static/chunks/node_modules_next_dist_compiled_react-server-dom-turbopack_0p3wegg._.js
2026-04-07 00:34:38.9060|INFO|Incoming request GET /_next/static/chunks/node_modules_next_dist_compiled_0rpq4pf._.js GET /_next/static/chunks/node_modules_next_dist_compiled_0rpq4pf._.js
2026-04-07 00:34:38.9110|INFO|Incoming request GET /_next/static/chunks/node_modules_next_dist_client_0fhqo1d._.js GET /_next/static/chunks/node_modules_next_dist_client_0fhqo1d._.js
2026-04-07 00:34:38.9670|INFO|Incoming request GET /_next/static/chunks/node_modules_next_dist_115brz8._.js GET /_next/static/chunks/node_modules_next_dist_115brz8._.js
2026-04-07 00:34:38.9850|INFO|Incoming request GET /_next/static/chunks/node_modules_%40swc_helpers_cjs_0-4ujiy._.js GET /_next/static/chunks/node_modules_%40swc_helpers_cjs_0-4ujiy._.js
2026-04-07 00:34:39.0600|INFO|Incoming request GET / GET /
2026-04-07 00:34:39.0870|INFO|Incoming request GET /_next/static/chunks/_0rqeker._.js GET /_next/static/chunks/_0rqeker._.js
2026-04-07 00:34:39.2870|INFO|Incoming request GET /_next/static/chunks/turbopack-_0p44nws._.js GET /_next/static/chunks/turbopack-_0p44nws._.js
2026-04-07 00:34:39.3950|INFO|Incoming request GET /_next/static/chunks/node_modules_next_dist_0tt2wve._.js GET /_next/static/chunks/node_modules_next_dist_0tt2wve._.js
2026-04-07 00:34:39.4070|INFO|Incoming request GET /next.svg GET /next.svg
2026-04-07 00:34:39.4170|INFO|Incoming request GET /_next/static/chunks/%5Broot-of-the-server%5D__02nfq85._.css GET /_next/static/chunks/%5Broot-of-the-server%5D__02nfq85._.css
2026-04-07 00:34:39.4220|INFO|Incoming request GET /_next/static/chunks/node_modules_next_dist_compiled_react-dom_058-ah~._.js GET /_next/static/chunks/node_modules_next_dist_compiled_react-dom_058-ah~._.js
2026-04-07 00:34:39.4240|INFO|Incoming request GET /_next/static/chunks/%5Bturbopack%5D_browser_dev_hmr-client_hmr-client_ts_10z625~._.js GET /_next/static/chunks/%5Bturbopack%5D_browser_dev_hmr-client_hmr-client_ts_10z625~._.js
2026-04-07 00:34:39.4270|INFO|Incoming request GET /_next/static/chunks/node_modules_next_dist_compiled_next-devtools_index_0553esy.js GET /_next/static/chunks/node_modules_next_dist_compiled_next-devtools_index_0553esy.js
2026-04-07 00:34:39.4900|INFO|Incoming request GET / GET /
2026-04-07 00:34:39.5120|INFO|Incoming request GET /_next/static/chunks/node_modules_next_dist_compiled_react-server-dom-turbopack_0p3wegg._.js GET /_next/static/chunks/node_modules_next_dist_compiled_react-server-dom-turbopack_0p3wegg._.js
2026-04-07 00:34:39.5170|INFO|Incoming request GET /_next/static/chunks/node_modules_next_dist_compiled_0rpq4pf._.js GET /_next/static/chunks/node_modules_next_dist_compiled_0rpq4pf._.js
2026-04-07 00:34:39.5250|INFO|Incoming request GET /_next/static/chunks/node_modules_next_dist_client_0fhqo1d._.js GET /_next/static/chunks/node_modules_next_dist_client_0fhqo1d._.js
2026-04-07 00:34:39.7430|INFO|Incoming request GET /_next/static/chunks/node_modules_next_dist_115brz8._.js GET /_next/static/chunks/node_modules_next_dist_115brz8._.js
2026-04-07 00:34:39.7460|INFO|Incoming request GET /_next/static/chunks/node_modules_%40swc_helpers_cjs_0-4ujiy._.js GET /_next/static/chunks/node_modules_%40swc_helpers_cjs_0-4ujiy._.js
2026-04-07 00:34:39.7650|INFO|Incoming request GET /_next/static/chunks/_0rqeker._.js GET /_next/static/chunks/_0rqeker._.js
2026-04-07 00:34:39.7740|INFO|Incoming request GET /_next/static/chunks/turbopack-_0p44nws._.js GET /_next/static/chunks/turbopack-_0p44nws._.js
2026-04-07 00:34:39.7760|INFO|Incoming request GET /_next/static/chunks/node_modules_next_dist_0tt2wve._.js GET /_next/static/chunks/node_modules_next_dist_0tt2wve._.js
2026-04-07 00:34:39.7770|INFO|Incoming request GET /next.svg GET /next.svg
2026-04-07 00:34:39.7850|INFO|Incoming request GET /_next/static/chunks/%5Broot-of-the-server%5D__02nfq85._.css GET /_next/static/chunks/%5Broot-of-the-server%5D__02nfq85._.css
2026-04-07 00:34:39.7870|INFO|Incoming request GET /_next/static/chunks/%5Bturbopack%5D_browser_dev_hmr-client_hmr-client_ts_10z625~._.js GET /_next/static/chunks/%5Bturbopack%5D_browser_dev_hmr-client_hmr-client_ts_10z625~._.js
2026-04-07 00:34:39.7880|INFO|Incoming request GET /_next/static/chunks/node_modules_next_dist_compiled_react-dom_058-ah~._.js GET /_next/static/chunks/node_modules_next_dist_compiled_react-dom_058-ah~._.js
2026-04-07 00:34:39.7890|INFO|Incoming request GET /_next/static/chunks/node_modules_next_dist_compiled_next-devtools_index_0553esy.js GET /_next/static/chunks/node_modules_next_dist_compiled_next-devtools_index_0553esy.js
2026-04-07 00:34:39.8510|INFO|Incoming request GET /_next/static/chunks/node_modules_next_dist_compiled_react-server-dom-turbopack_0p3wegg._.js GET /_next/static/chunks/node_modules_next_dist_compiled_react-server-dom-turbopack_0p3wegg._.js
2026-04-07 00:34:39.8580|INFO|Incoming request GET /_next/static/chunks/node_modules_next_dist_compiled_0rpq4pf._.js GET /_next/static/chunks/node_modules_next_dist_compiled_0rpq4pf._.js
2026-04-07 00:34:39.8610|INFO|Incoming request GET /_next/static/chunks/node_modules_next_dist_client_0fhqo1d._.js GET /_next/static/chunks/node_modules_next_dist_client_0fhqo1d._.js
2026-04-07 00:34:39.8630|INFO|Incoming request GET /_next/static/chunks/node_modules_next_dist_115brz8._.js GET /_next/static/chunks/node_modules_next_dist_115brz8._.js
2026-04-07 00:34:39.8930|INFO|Incoming request GET / GET /
2026-04-07 00:34:39.9060|INFO|Incoming request GET /_next/static/chunks/node_modules_%40swc_helpers_cjs_0-4ujiy._.js GET /_next/static/chunks/node_modules_%40swc_helpers_cjs_0-4ujiy._.js
2026-04-07 00:34:39.9130|INFO|Incoming request GET /_next/static/chunks/_0rqeker._.js GET /_next/static/chunks/_0rqeker._.js
2026-04-07 00:34:40.1280|INFO|Incoming request GET /_next/static/chunks/node_modules_next_dist_07p5au~._.js GET /_next/static/chunks/node_modules_next_dist_07p5au~._.js
2026-04-07 00:34:40.1300|INFO|Incoming request GET /_next/static/chunks/turbopack-_0p44nws._.js GET /_next/static/chunks/turbopack-_0p44nws._.js
2026-04-07 00:34:40.1320|INFO|Incoming request GET /_next/static/chunks/src_app_page_tsx_002ye8~._.js GET /_next/static/chunks/src_app_page_tsx_002ye8~._.js
2026-04-07 00:34:40.1350|INFO|Incoming request GET / GET /
2026-04-07 00:34:40.1410|INFO|Incoming request GET /next.svg GET /next.svg
2026-04-07 00:34:40.1420|INFO|Incoming request GET /_next/static/chunks/%5Broot-of-the-server%5D__02nfq85._.css GET /_next/static/chunks/%5Broot-of-the-server%5D__02nfq85._.css
2026-04-07 00:34:40.1430|INFO|Incoming request GET /_next/static/chunks/node_modules_next_dist_compiled_react-dom_058-ah~._.js GET /_next/static/chunks/node_modules_next_dist_compiled_react-dom_058-ah~._.js
2026-04-07 00:34:40.1540|INFO|Incoming request GET /_next/static/chunks/%5Bturbopack%5D_browser_dev_hmr-client_hmr-client_ts_10z625~._.js GET /_next/static/chunks/%5Bturbopack%5D_browser_dev_hmr-client_hmr-client_ts_10z625~._.js
2026-04-07 00:34:40.3090|INFO|Incoming request GET /_next/static/chunks/node_modules_next_dist_compiled_next-devtools_index_0553esy.js GET /_next/static/chunks/node_modules_next_dist_compiled_next-devtools_index_0553esy.js
2026-04-07 00:34:40.3290|INFO|Incoming request GET /_next/static/chunks/node_modules_next_dist_compiled_react-server-dom-turbopack_0p3wegg._.js GET /_next/static/chunks/node_modules_next_dist_compiled_react-server-dom-turbopack_0p3wegg._.js
2026-04-07 00:34:40.3550|INFO|Incoming request GET /_next/static/chunks/node_modules_next_dist_compiled_0rpq4pf._.js GET /_next/static/chunks/node_modules_next_dist_compiled_0rpq4pf._.js
2026-04-07 00:34:40.3580|INFO|Incoming request GET /_next/static/chunks/node_modules_next_dist_client_0fhqo1d._.js GET /_next/static/chunks/node_modules_next_dist_client_0fhqo1d._.js
2026-04-07 00:34:40.3610|INFO|Incoming request GET /next.svg GET /next.svg
2026-04-07 00:34:40.3790|INFO|Incoming request GET /_next/static/chunks/%5Broot-of-the-server%5D__02nfq85._.css GET /_next/static/chunks/%5Broot-of-the-server%5D__02nfq85._.css
2026-04-07 00:34:40.3810|INFO|Incoming request GET /_next/static/chunks/node_modules_next_dist_compiled_next-devtools_index_0553esy.js GET /_next/static/chunks/node_modules_next_dist_compiled_next-devtools_index_0553esy.js
2026-04-07 00:34:40.3830|INFO|Incoming request GET /_next/static/chunks/%5Bturbopack%5D_browser_dev_hmr-client_hmr-client_ts_10z625~._.js GET /_next/static/chunks/%5Bturbopack%5D_browser_dev_hmr-client_hmr-client_ts_10z625~._.js
2026-04-07 00:34:40.3850|INFO|Incoming request GET /_next/static/chunks/node_modules_next_dist_compiled_react-dom_058-ah~._.js GET /_next/static/chunks/node_modules_next_dist_compiled_react-dom_058-ah~._.js
2026-04-07 00:34:40.4190|INFO|Incoming request GET /_next/static/chunks/node_modules_next_dist_compiled_react-server-dom-turbopack_0p3wegg._.js GET /_next/static/chunks/node_modules_next_dist_compiled_react-server-dom-turbopack_0p3wegg._.js
2026-04-07 00:34:40.4340|INFO|Incoming request GET /_next/static/chunks/node_modules_next_dist_compiled_0rpq4pf._.js GET /_next/static/chunks/node_modules_next_dist_compiled_0rpq4pf._.js
2026-04-07 00:34:40.4360|INFO|Incoming request GET /_next/static/chunks/node_modules_next_dist_client_0fhqo1d._.js GET /_next/static/chunks/node_modules_next_dist_client_0fhqo1d._.js
2026-04-07 00:34:40.4730|INFO|Incoming request GET /_next/static/chunks/node_modules_next_dist_115brz8._.js GET /_next/static/chunks/node_modules_next_dist_115brz8._.js
2026-04-07 00:34:40.5410|INFO|Incoming request GET / GET /
2026-04-07 00:34:40.5570|INFO|Incoming request GET /_next/static/chunks/node_modules_%40swc_helpers_cjs_0-4ujiy._.js GET /_next/static/chunks/node_modules_%40swc_helpers_cjs_0-4ujiy._.js
2026-04-07 00:34:40.5670|INFO|Incoming request GET /_next/static/chunks/_0rqeker._.js GET /_next/static/chunks/_0rqeker._.js
2026-04-07 00:34:40.7980|INFO|Incoming request GET /_next/static/chunks/turbopack-_0p44nws._.js GET /_next/static/chunks/turbopack-_0p44nws._.js
2026-04-07 00:34:40.8020|INFO|Incoming request GET /_next/static/chunks/node_modules_next_dist_0tt2wve._.js GET /_next/static/chunks/node_modules_next_dist_0tt2wve._.js
2026-04-07 00:34:40.8040|INFO|Incoming request GET /_next/static/chunks/node_modules_next_dist_07p5au~._.js GET /_next/static/chunks/node_modules_next_dist_07p5au~._.js
2026-04-07 00:34:40.8110|INFO|Incoming request GET /next.svg GET /next.svg
2026-04-07 00:34:40.8130|INFO|Incoming request GET /_next/static/chunks/%5Broot-of-the-server%5D__02nfq85._.css GET /_next/static/chunks/%5Broot-of-the-server%5D__02nfq85._.css
2026-04-07 00:34:40.8150|INFO|Incoming request GET /_next/static/chunks/node_modules_next_dist_compiled_next-devtools_index_0553esy.js GET /_next/static/chunks/node_modules_next_dist_compiled_next-devtools_index_0553esy.js
2026-04-07 00:34:40.8160|INFO|Incoming request GET /_next/static/chunks/node_modules_next_dist_compiled_react-dom_058-ah~._.js GET /_next/static/chunks/node_modules_next_dist_compiled_react-dom_058-ah~._.js
2026-04-07 00:34:40.8180|INFO|Incoming request GET /_next/static/chunks/%5Bturbopack%5D_browser_dev_hmr-client_hmr-client_ts_10z625~._.js GET /_next/static/chunks/%5Bturbopack%5D_browser_dev_hmr-client_hmr-client_ts_10z625~._.js
2026-04-07 00:34:40.8690|INFO|Incoming request GET /_next/static/chunks/node_modules_next_dist_compiled_react-server-dom-turbopack_0p3wegg._.js GET /_next/static/chunks/node_modules_next_dist_compiled_react-server-dom-turbopack_0p3wegg._.js
2026-04-07 00:34:40.8730|INFO|Incoming request GET /_next/static/chunks/node_modules_next_dist_compiled_0rpq4pf._.js GET /_next/static/chunks/node_modules_next_dist_compiled_0rpq4pf._.js
2026-04-07 00:34:40.8780|INFO|Incoming request GET /_next/static/chunks/node_modules_next_dist_client_0fhqo1d._.js GET /_next/static/chunks/node_modules_next_dist_client_0fhqo1d._.js
2026-04-07 00:34:40.9340|INFO|Incoming request GET /_next/static/chunks/node_modules_next_dist_115brz8._.js GET /_next/static/chunks/node_modules_next_dist_115brz8._.js
2026-04-07 00:34:40.9400|INFO|Incoming request GET / GET /
2026-04-07 00:34:40.9460|INFO|Incoming request GET /_next/static/chunks/node_modules_%40swc_helpers_cjs_0-4ujiy._.js GET /_next/static/chunks/node_modules_%40swc_helpers_cjs_0-4ujiy._.js
2026-04-07 00:34:41.0630|INFO|Incoming request GET /_next/static/chunks/_0rqeker._.js GET /_next/static/chunks/_0rqeker._.js
2026-04-07 00:34:41.1740|INFO|Incoming request GET /_next/static/chunks/turbopack-_0p44nws._.js GET /_next/static/chunks/turbopack-_0p44nws._.js
2026-04-07 00:34:41.1750|INFO|Incoming request GET /_next/static/chunks/node_modules_next_dist_0tt2wve._.js GET /_next/static/chunks/node_modules_next_dist_0tt2wve._.js
2026-04-07 00:34:41.1770|INFO|Incoming request GET /next.svg GET /next.svg
2026-04-07 00:34:41.1780|INFO|Incoming request GET / GET /
2026-04-07 00:34:41.1910|INFO|Incoming request GET /_next/static/chunks/node_modules_next_dist_compiled_next-devtools_index_0553esy.js GET /_next/static/chunks/node_modules_next_dist_compiled_next-devtools_index_0553esy.js
2026-04-07 00:34:41.1930|INFO|Incoming request GET /_next/static/chunks/%5Broot-of-the-server%5D__02nfq85._.css GET /_next/static/chunks/%5Broot-of-the-server%5D__02nfq85._.css
2026-04-07 00:34:41.1940|INFO|Incoming request GET /_next/static/chunks/node_modules_next_dist_compiled_react-dom_058-ah~._.js GET /_next/static/chunks/node_modules_next_dist_compiled_react-dom_058-ah~._.js
2026-04-07 00:34:41.3090|INFO|Incoming request GET /_next/static/chunks/%5Bturbopack%5D_browser_dev_hmr-client_hmr-client_ts_10z625~._.js GET /_next/static/chunks/%5Bturbopack%5D_browser_dev_hmr-client_hmr-client_ts_10z625~._.js
2026-04-07 00:34:41.4180|INFO|Incoming request GET /_next/static/chunks/node_modules_next_dist_compiled_react-server-dom-turbopack_0p3wegg._.js GET /_next/static/chunks/node_modules_next_dist_compiled_react-server-dom-turbopack_0p3wegg._.js
2026-04-07 00:34:41.4210|INFO|Incoming request GET /_next/static/chunks/node_modules_next_dist_compiled_0rpq4pf._.js GET /_next/static/chunks/node_modules_next_dist_compiled_0rpq4pf._.js
2026-04-07 00:34:41.4240|INFO|Incoming request GET /_next/static/chunks/node_modules_next_dist_client_0fhqo1d._.js GET /_next/static/chunks/node_modules_next_dist_client_0fhqo1d._.js
2026-04-07 00:34:41.4260|INFO|Incoming request GET /_next/static/chunks/node_modules_%40swc_helpers_cjs_0-4ujiy._.js GET /_next/static/chunks/node_modules_%40swc_helpers_cjs_0-4ujiy._.js
2026-04-07 00:34:41.4270|INFO|Incoming request GET /_next/static/chunks/node_modules_next_dist_115brz8._.js GET /_next/static/chunks/node_modules_next_dist_115brz8._.js
2026-04-07 00:34:41.4300|INFO|Incoming request GET /next.svg GET /next.svg
2026-04-07 00:34:41.4400|INFO|Incoming request GET / GET /
2026-04-07 00:34:41.4420|INFO|Incoming request GET /_next/static/chunks/%5Broot-of-the-server%5D__02nfq85._.css GET /_next/static/chunks/%5Broot-of-the-server%5D__02nfq85._.css
2026-04-07 00:34:41.4430|INFO|Incoming request GET /_next/static/chunks/%5Bturbopack%5D_browser_dev_hmr-client_hmr-client_ts_10z625~._.js GET /_next/static/chunks/%5Bturbopack%5D_browser_dev_hmr-client_hmr-client_ts_10z625~._.js
2026-04-07 00:34:41.4450|INFO|Incoming request GET /_next/static/chunks/node_modules_next_dist_compiled_next-devtools_index_0553esy.js GET /_next/static/chunks/node_modules_next_dist_compiled_next-devtools_index_0553esy.js
2026-04-07 00:34:41.6130|INFO|Incoming request GET /_next/static/chunks/node_modules_next_dist_compiled_react-dom_058-ah~._.js GET /_next/static/chunks/node_modules_next_dist_compiled_react-dom_058-ah~._.js
2026-04-07 00:34:41.6480|INFO|Incoming request GET /_next/static/chunks/node_modules_next_dist_compiled_react-server-dom-turbopack_0p3wegg._.js GET /_next/static/chunks/node_modules_next_dist_compiled_react-server-dom-turbopack_0p3wegg._.js
2026-04-07 00:34:41.6900|INFO|Incoming request GET /_next/static/chunks/node_modules_next_dist_compiled_0rpq4pf._.js GET /_next/static/chunks/node_modules_next_dist_compiled_0rpq4pf._.js
2026-04-07 00:34:41.7090|INFO|Incoming request GET /_next/static/chunks/node_modules_next_dist_client_0fhqo1d._.js GET /_next/static/chunks/node_modules_next_dist_client_0fhqo1d._.js
2026-04-07 00:34:41.7170|INFO|Incoming request GET /_next/static/chunks/node_modules_next_dist_115brz8._.js GET /_next/static/chunks/node_modules_next_dist_115brz8._.js
2026-04-07 00:34:41.7180|INFO|Incoming request GET /next.svg GET /next.svg
2026-04-07 00:34:41.7200|INFO|Incoming request GET /_next/static/chunks/%5Broot-of-the-server%5D__02nfq85._.css GET /_next/static/chunks/%5Broot-of-the-server%5D__02nfq85._.css
2026-04-07 00:34:41.7220|INFO|Incoming request GET /_next/static/chunks/node_modules_next_dist_compiled_next-devtools_index_0553esy.js GET /_next/static/chunks/node_modules_next_dist_compiled_next-devtools_index_0553esy.js
2026-04-07 00:34:41.7230|INFO|Incoming request GET /_next/static/chunks/node_modules_next_dist_compiled_react-dom_058-ah~._.js GET /_next/static/chunks/node_modules_next_dist_compiled_react-dom_058-ah~._.js
2026-04-07 00:34:41.7270|INFO|Incoming request GET /_next/static/chunks/node_modules_next_dist_compiled_react-server-dom-turbopack_0p3wegg._.js GET /_next/static/chunks/node_modules_next_dist_compiled_react-server-dom-turbopack_0p3wegg._.js
2026-04-07 00:34:41.8170|INFO|Incoming request GET /_next/static/chunks/%5Bturbopack%5D_browser_dev_hmr-client_hmr-client_ts_10z625~._.js GET /_next/static/chunks/%5Bturbopack%5D_browser_dev_hmr-client_hmr-client_ts_10z625~._.js
2026-04-07 00:34:41.8250|INFO|Incoming request GET /_next/static/chunks/node_modules_next_dist_compiled_0rpq4pf._.js GET /_next/static/chunks/node_modules_next_dist_compiled_0rpq4pf._.js
2026-04-07 00:34:42.1130|INFO|Incoming request GET / GET /
2026-04-07 00:34:42.1580|INFO|Incoming request GET /_next/static/chunks/node_modules_next_dist_client_0fhqo1d._.js GET /_next/static/chunks/node_modules_next_dist_client_0fhqo1d._.js
2026-04-07 00:34:42.8650|INFO|Incoming request GET /_next/static/chunks/node_modules_next_dist_115brz8._.js GET /_next/static/chunks/node_modules_next_dist_115brz8._.js
2026-04-07 00:34:42.9760|INFO|Incoming request GET /_next/static/chunks/node_modules_%40swc_helpers_cjs_0-4ujiy._.js GET /_next/static/chunks/node_modules_%40swc_helpers_cjs_0-4ujiy._.js
2026-04-07 00:34:43.0800|INFO|Incoming request GET /next.svg GET /next.svg
2026-04-07 00:34:43.0860|INFO|Incoming request GET /_next/static/chunks/%5Broot-of-the-server%5D__02nfq85._.css GET /_next/static/chunks/%5Broot-of-the-server%5D__02nfq85._.css
2026-04-07 00:34:43.0880|INFO|Incoming request GET /_next/static/chunks/node_modules_next_dist_compiled_next-devtools_index_0553esy.js GET /_next/static/chunks/node_modules_next_dist_compiled_next-devtools_index_0553esy.js
2026-04-07 00:34:43.0900|INFO|Incoming request GET /_next/static/chunks/node_modules_next_dist_compiled_react-dom_058-ah~._.js GET /_next/static/chunks/node_modules_next_dist_compiled_react-dom_058-ah~._.js
2026-04-07 00:34:43.0950|INFO|Incoming request GET /_next/static/chunks/%5Bturbopack%5D_browser_dev_hmr-client_hmr-client_ts_10z625~._.js GET /_next/static/chunks/%5Bturbopack%5D_browser_dev_hmr-client_hmr-client_ts_10z625~._.js
2026-04-07 00:34:43.1950|INFO|Incoming request GET /_next/static/chunks/node_modules_next_dist_compiled_react-server-dom-turbopack_0p3wegg._.js GET /_next/static/chunks/node_modules_next_dist_compiled_react-server-dom-turbopack_0p3wegg._.js
2026-04-07 00:34:43.2070|INFO|Incoming request GET /_next/static/chunks/node_modules_next_dist_compiled_0rpq4pf._.js GET /_next/static/chunks/node_modules_next_dist_compiled_0rpq4pf._.js
2026-04-07 00:34:43.2330|INFO|Incoming request GET /_next/static/chunks/node_modules_next_dist_client_0fhqo1d._.js GET /_next/static/chunks/node_modules_next_dist_client_0fhqo1d._.js
2026-04-07 00:34:43.3420|INFO|Incoming request GET / GET /
2026-04-07 00:34:43.3440|INFO|Incoming request GET /_next/static/chunks/node_modules_next_dist_115brz8._.js GET /_next/static/chunks/node_modules_next_dist_115brz8._.js
2026-04-07 00:34:43.3460|INFO|Incoming request GET /_next/static/chunks/node_modules_%40swc_helpers_cjs_0-4ujiy._.js GET /_next/static/chunks/node_modules_%40swc_helpers_cjs_0-4ujiy._.js
2026-04-07 00:34:43.5530|INFO|Incoming request GET /_next/static/chunks/_0rqeker._.js GET /_next/static/chunks/_0rqeker._.js
2026-04-07 00:34:43.5760|INFO|Incoming request GET /next.svg GET /next.svg
2026-04-07 00:34:43.6160|INFO|Incoming request GET /_next/static/chunks/node_modules_next_dist_compiled_next-devtools_index_0553esy.js GET /_next/static/chunks/node_modules_next_dist_compiled_next-devtools_index_0553esy.js
2026-04-07 00:34:43.6210|INFO|Incoming request GET /_next/static/chunks/node_modules_next_dist_compiled_react-dom_058-ah~._.js GET /_next/static/chunks/node_modules_next_dist_compiled_react-dom_058-ah~._.js
2026-04-07 00:34:43.6360|INFO|Incoming request GET /_next/static/chunks/%5Broot-of-the-server%5D__02nfq85._.css GET /_next/static/chunks/%5Broot-of-the-server%5D__02nfq85._.css
2026-04-07 00:34:43.6420|INFO|Incoming request GET /_next/static/chunks/%5Bturbopack%5D_browser_dev_hmr-client_hmr-client_ts_10z625~._.js GET /_next/static/chunks/%5Bturbopack%5D_browser_dev_hmr-client_hmr-client_ts_10z625~._.js
2026-04-07 00:34:43.6770|INFO|Incoming request GET /_next/static/chunks/node_modules_next_dist_compiled_react-server-dom-turbopack_0p3wegg._.js GET /_next/static/chunks/node_modules_next_dist_compiled_react-server-dom-turbopack_0p3wegg._.js
2026-04-07 00:34:44.0070|INFO|Incoming request GET /_next/static/chunks/node_modules_next_dist_compiled_0rpq4pf._.js GET /_next/static/chunks/node_modules_next_dist_compiled_0rpq4pf._.js
2026-04-07 00:34:44.0550|INFO|Incoming request GET /_next/static/chunks/node_modules_next_dist_client_0fhqo1d._.js GET /_next/static/chunks/node_modules_next_dist_client_0fhqo1d._.js
2026-04-07 00:34:44.0750|INFO|Incoming request GET /_next/static/chunks/node_modules_next_dist_115brz8._.js GET /_next/static/chunks/node_modules_next_dist_115brz8._.js
2026-04-07 00:34:44.0910|INFO|Incoming request GET /_next/static/chunks/node_modules_%40swc_helpers_cjs_0-4ujiy._.js GET /_next/static/chunks/node_modules_%40swc_helpers_cjs_0-4ujiy._.js
2026-04-07 00:34:44.1090|INFO|Incoming request GET /_next/static/chunks/_0rqeker._.js GET /_next/static/chunks/_0rqeker._.js
2026-04-07 00:34:44.1800|INFO|Incoming request GET /_next/static/chunks/turbopack-_0p44nws._.js GET /_next/static/chunks/turbopack-_0p44nws._.js
2026-04-07 00:34:44.2110|INFO|Incoming request GET /_next/static/chunks/node_modules_next_dist_0tt2wve._.js GET /_next/static/chunks/node_modules_next_dist_0tt2wve._.js
2026-04-07 00:34:44.2420|INFO|Incoming request GET /_next/static/chunks/src_app_layout_tsx_004glpo._.js GET /_next/static/chunks/src_app_layout_tsx_004glpo._.js
2026-04-07 00:34:44.3260|INFO|Incoming request GET /_next/static/chunks/node_modules_next_dist_07p5au~._.js GET /_next/static/chunks/node_modules_next_dist_07p5au~._.js
2026-04-07 00:34:44.4320|INFO|Incoming request GET /_next/static/chunks/src_app_page_tsx_002ye8~._.js GET /_next/static/chunks/src_app_page_tsx_002ye8~._.js
2026-04-07 00:34:44.4770|INFO|Incoming request GET /_next/static/chunks/node_modules_next_dist_client_components_builtin_global-error_002ye8~.js GET /_next/static/chunks/node_modules_next_dist_client_components_builtin_global-error_002ye8~.js
2026-04-07 00:34:44.5260|INFO|Incoming request GET /vercel.svg GET /vercel.svg
2026-04-07 00:34:44.5780|INFO|Incoming request GET /_next/static/chunks/%5Bturbopack%5D_browser_dev_hmr-client_hmr-client_ts_0yjw1oe._.js GET /_next/static/chunks/%5Bturbopack%5D_browser_dev_hmr-client_hmr-client_ts_0yjw1oe._.js
2026-04-07 00:34:44.6060|INFO|Incoming request GET /_next/static/chunks/%5Bturbopack%5D_browser_dev_hmr-client_hmr-client_ts_10mygs7._.js GET /_next/static/chunks/%5Bturbopack%5D_browser_dev_hmr-client_hmr-client_ts_10mygs7._.js
2026-04-07 00:35:15.7500|INFO|Incoming request GET / GET /
2026-04-07 00:35:18.4610|INFO|Incoming request GET / GET /
2026-04-07 00:35:18.9250|INFO|Incoming request GET /next.svg GET /next.svg
2026-04-07 00:35:18.9280|INFO|Incoming request GET /_next/static/chunks/%5Broot-of-the-server%5D__02nfq85._.css GET /_next/static/chunks/%5Broot-of-the-server%5D__02nfq85._.css
2026-04-07 00:35:18.9370|INFO|Incoming request GET /_next/static/chunks/%5Bturbopack%5D_browser_dev_hmr-client_hmr-client_ts_10z625~._.js GET /_next/static/chunks/%5Bturbopack%5D_browser_dev_hmr-client_hmr-client_ts_10z625~._.js
2026-04-07 00:35:18.9420|INFO|Incoming request GET /_next/static/chunks/node_modules_next_dist_compiled_next-devtools_index_0553esy.js GET /_next/static/chunks/node_modules_next_dist_compiled_next-devtools_index_0553esy.js
2026-04-07 00:35:18.9440|INFO|Incoming request GET /_next/static/chunks/node_modules_next_dist_compiled_react-dom_058-ah~._.js GET /_next/static/chunks/node_modules_next_dist_compiled_react-dom_058-ah~._.js
2026-04-07 00:35:18.9470|INFO|Incoming request GET /_next/static/chunks/node_modules_next_dist_compiled_react-server-dom-turbopack_0p3wegg._.js GET /_next/static/chunks/node_modules_next_dist_compiled_react-server-dom-turbopack_0p3wegg._.js
2026-04-07 00:35:19.1280|INFO|Incoming request GET /_next/static/chunks/node_modules_next_dist_compiled_0rpq4pf._.js GET /_next/static/chunks/node_modules_next_dist_compiled_0rpq4pf._.js
2026-04-07 00:35:19.1490|INFO|Incoming request GET /_next/static/chunks/node_modules_next_dist_client_0fhqo1d._.js GET /_next/static/chunks/node_modules_next_dist_client_0fhqo1d._.js
2026-04-07 00:35:19.1580|INFO|Incoming request GET /_next/static/chunks/node_modules_next_dist_115brz8._.js GET /_next/static/chunks/node_modules_next_dist_115brz8._.js
2026-04-07 00:35:19.1620|INFO|Incoming request GET /vercel.svg GET /vercel.svg
2026-04-07 00:35:19.1770|INFO|Incoming request GET /_next/static/chunks/node_modules_%40swc_helpers_cjs_0-4ujiy._.js GET /_next/static/chunks/node_modules_%40swc_helpers_cjs_0-4ujiy._.js
2026-04-07 00:35:19.1840|INFO|Incoming request GET /_next/static/chunks/_0rqeker._.js GET /_next/static/chunks/_0rqeker._.js
2026-04-07 00:35:19.3090|INFO|Incoming request GET /_next/static/chunks/turbopack-_0p44nws._.js GET /_next/static/chunks/turbopack-_0p44nws._.js
2026-04-07 00:35:19.3240|INFO|Incoming request GET /_next/static/chunks/node_modules_next_dist_0tt2wve._.js GET /_next/static/chunks/node_modules_next_dist_0tt2wve._.js
2026-04-07 00:35:19.3380|INFO|Incoming request GET /_next/static/chunks/src_app_layout_tsx_004glpo._.js GET /_next/static/chunks/src_app_layout_tsx_004glpo._.js
2026-04-07 00:35:19.3550|INFO|Incoming request GET /_next/static/chunks/node_modules_next_dist_07p5au~._.js GET /_next/static/chunks/node_modules_next_dist_07p5au~._.js
2026-04-07 00:35:19.3870|INFO|Incoming request GET /_next/static/chunks/src_app_page_tsx_002ye8~._.js GET /_next/static/chunks/src_app_page_tsx_002ye8~._.js
2026-04-07 00:35:19.3940|INFO|Incoming request GET /_next/static/chunks/node_modules_next_dist_client_components_builtin_global-error_002ye8~.js GET /_next/static/chunks/node_modules_next_dist_client_components_builtin_global-error_002ye8~.js
2026-04-07 00:35:19.5280|INFO|Incoming request GET /_next/static/chunks/%5Bturbopack%5D_browser_dev_hmr-client_hmr-client_ts_0yjw1oe._.js GET /_next/static/chunks/%5Bturbopack%5D_browser_dev_hmr-client_hmr-client_ts_0yjw1oe._.js
2026-04-07 00:35:19.5420|INFO|Incoming request GET /_next/static/chunks/%5Bturbopack%5D_browser_dev_hmr-client_hmr-client_ts_10mygs7._.js GET /_next/static/chunks/%5Bturbopack%5D_browser_dev_hmr-client_hmr-client_ts_10mygs7._.js
2026-04-07 00:35:23.5200|INFO|Incoming request GET / GET /
2026-04-07 00:35:23.7600|INFO|Incoming request GET / GET /
2026-04-07 00:35:24.2490|INFO|Incoming request GET /next.svg GET /next.svg
2026-04-07 00:35:24.2520|INFO|Incoming request GET /_next/static/chunks/%5Broot-of-the-server%5D__02nfq85._.css GET /_next/static/chunks/%5Broot-of-the-server%5D__02nfq85._.css
2026-04-07 00:35:24.2540|INFO|Incoming request GET /_next/static/chunks/%5Bturbopack%5D_browser_dev_hmr-client_hmr-client_ts_10z625~._.js GET /_next/static/chunks/%5Bturbopack%5D_browser_dev_hmr-client_hmr-client_ts_10z625~._.js
2026-04-07 00:35:24.2550|INFO|Incoming request GET /_next/static/chunks/node_modules_next_dist_compiled_next-devtools_index_0553esy.js GET /_next/static/chunks/node_modules_next_dist_compiled_next-devtools_index_0553esy.js
2026-04-07 00:35:24.2790|INFO|Incoming request GET /_next/static/chunks/node_modules_next_dist_compiled_react-dom_058-ah~._.js GET /_next/static/chunks/node_modules_next_dist_compiled_react-dom_058-ah~._.js
2026-04-07 00:35:24.3450|INFO|Incoming request GET /_next/static/chunks/node_modules_next_dist_compiled_react-server-dom-turbopack_0p3wegg._.js GET /_next/static/chunks/node_modules_next_dist_compiled_react-server-dom-turbopack_0p3wegg._.js
2026-04-07 00:35:24.3480|INFO|Incoming request GET /next.svg GET /next.svg
2026-04-07 00:35:24.3580|INFO|Incoming request GET /_next/static/chunks/%5Broot-of-the-server%5D__02nfq85._.css GET /_next/static/chunks/%5Broot-of-the-server%5D__02nfq85._.css
2026-04-07 00:35:24.3590|INFO|Incoming request GET /_next/static/chunks/%5Bturbopack%5D_browser_dev_hmr-client_hmr-client_ts_10z625~._.js GET /_next/static/chunks/%5Bturbopack%5D_browser_dev_hmr-client_hmr-client_ts_10z625~._.js
2026-04-07 00:35:24.3640|INFO|Incoming request GET /_next/static/chunks/node_modules_next_dist_compiled_next-devtools_index_0553esy.js GET /_next/static/chunks/node_modules_next_dist_compiled_next-devtools_index_0553esy.js
2026-04-07 00:35:24.3670|INFO|Incoming request GET /_next/static/chunks/node_modules_next_dist_compiled_react-dom_058-ah~._.js GET /_next/static/chunks/node_modules_next_dist_compiled_react-dom_058-ah~._.js
2026-04-07 00:35:24.4320|INFO|Incoming request GET /_next/static/chunks/node_modules_next_dist_compiled_react-server-dom-turbopack_0p3wegg._.js GET /_next/static/chunks/node_modules_next_dist_compiled_react-server-dom-turbopack_0p3wegg._.js
2026-04-07 00:35:24.4490|INFO|Incoming request GET /_next/static/chunks/node_modules_next_dist_compiled_0rpq4pf._.js GET /_next/static/chunks/node_modules_next_dist_compiled_0rpq4pf._.js
2026-04-07 00:35:24.4570|INFO|Incoming request GET / GET /
2026-04-07 00:35:24.4890|INFO|Incoming request GET /_next/static/chunks/node_modules_next_dist_client_0fhqo1d._.js GET /_next/static/chunks/node_modules_next_dist_client_0fhqo1d._.js
2026-04-07 00:35:24.6310|INFO|Incoming request GET /_next/static/chunks/node_modules_next_dist_115brz8._.js GET /_next/static/chunks/node_modules_next_dist_115brz8._.js
2026-04-07 00:35:24.7180|INFO|Incoming request GET /_next/static/chunks/node_modules_%40swc_helpers_cjs_0-4ujiy._.js GET /_next/static/chunks/node_modules_%40swc_helpers_cjs_0-4ujiy._.js
2026-04-07 00:35:24.7550|INFO|Incoming request GET /next.svg GET /next.svg
2026-04-07 00:35:24.7580|INFO|Incoming request GET /_next/static/chunks/_0rqeker._.js GET /_next/static/chunks/_0rqeker._.js
2026-04-07 00:35:24.7700|INFO|Incoming request GET /_next/static/chunks/node_modules_next_dist_compiled_next-devtools_index_0553esy.js GET /_next/static/chunks/node_modules_next_dist_compiled_next-devtools_index_0553esy.js
2026-04-07 00:35:24.7720|INFO|Incoming request GET /_next/static/chunks/node_modules_next_dist_compiled_react-dom_058-ah~._.js GET /_next/static/chunks/node_modules_next_dist_compiled_react-dom_058-ah~._.js
2026-04-07 00:35:24.7740|INFO|Incoming request GET /_next/static/chunks/%5Broot-of-the-server%5D__02nfq85._.css GET /_next/static/chunks/%5Broot-of-the-server%5D__02nfq85._.css
2026-04-07 00:35:24.7750|INFO|Incoming request GET /_next/static/chunks/%5Bturbopack%5D_browser_dev_hmr-client_hmr-client_ts_10z625~._.js GET /_next/static/chunks/%5Bturbopack%5D_browser_dev_hmr-client_hmr-client_ts_10z625~._.js
2026-04-07 00:35:24.8210|INFO|Incoming request GET / GET /
2026-04-07 00:35:24.8350|INFO|Incoming request GET /_next/static/chunks/node_modules_next_dist_compiled_react-server-dom-turbopack_0p3wegg._.js GET /_next/static/chunks/node_modules_next_dist_compiled_react-server-dom-turbopack_0p3wegg._.js
2026-04-07 00:35:24.8380|INFO|Incoming request GET /_next/static/chunks/node_modules_next_dist_compiled_0rpq4pf._.js GET /_next/static/chunks/node_modules_next_dist_compiled_0rpq4pf._.js
2026-04-07 00:35:25.0530|INFO|Incoming request GET /_next/static/chunks/node_modules_next_dist_115brz8._.js GET /_next/static/chunks/node_modules_next_dist_115brz8._.js
2026-04-07 00:35:25.0560|INFO|Incoming request GET /_next/static/chunks/node_modules_next_dist_client_0fhqo1d._.js GET /_next/static/chunks/node_modules_next_dist_client_0fhqo1d._.js
2026-04-07 00:35:25.0570|INFO|Incoming request GET /_next/static/chunks/node_modules_%40swc_helpers_cjs_0-4ujiy._.js GET /_next/static/chunks/node_modules_%40swc_helpers_cjs_0-4ujiy._.js
2026-04-07 00:35:25.0860|INFO|Incoming request GET /_next/static/chunks/node_modules_next_dist_0tt2wve._.js GET /_next/static/chunks/node_modules_next_dist_0tt2wve._.js
2026-04-07 00:35:25.0870|INFO|Incoming request GET /next.svg GET /next.svg
2026-04-07 00:35:25.1030|INFO|Incoming request GET /_next/static/chunks/%5Broot-of-the-server%5D__02nfq85._.css GET /_next/static/chunks/%5Broot-of-the-server%5D__02nfq85._.css
2026-04-07 00:35:25.1060|INFO|Incoming request GET /_next/static/chunks/node_modules_next_dist_compiled_next-devtools_index_0553esy.js GET /_next/static/chunks/node_modules_next_dist_compiled_next-devtools_index_0553esy.js
2026-04-07 00:35:25.1090|INFO|Incoming request GET /_next/static/chunks/node_modules_next_dist_compiled_react-dom_058-ah~._.js GET /_next/static/chunks/node_modules_next_dist_compiled_react-dom_058-ah~._.js
2026-04-07 00:35:25.1120|INFO|Incoming request GET /_next/static/chunks/%5Bturbopack%5D_browser_dev_hmr-client_hmr-client_ts_10z625~._.js GET /_next/static/chunks/%5Bturbopack%5D_browser_dev_hmr-client_hmr-client_ts_10z625~._.js
2026-04-07 00:35:25.2370|INFO|Incoming request GET / GET /
2026-04-07 00:35:25.2430|INFO|Incoming request GET /_next/static/chunks/node_modules_next_dist_compiled_react-server-dom-turbopack_0p3wegg._.js GET /_next/static/chunks/node_modules_next_dist_compiled_react-server-dom-turbopack_0p3wegg._.js
2026-04-07 00:35:25.2480|INFO|Incoming request GET /_next/static/chunks/node_modules_next_dist_client_0fhqo1d._.js GET /_next/static/chunks/node_modules_next_dist_client_0fhqo1d._.js
2026-04-07 00:35:25.2510|INFO|Incoming request GET /_next/static/chunks/node_modules_next_dist_115brz8._.js GET /_next/static/chunks/node_modules_next_dist_115brz8._.js
2026-04-07 00:35:25.4430|INFO|Incoming request GET /_next/static/chunks/node_modules_next_dist_compiled_0rpq4pf._.js GET /_next/static/chunks/node_modules_next_dist_compiled_0rpq4pf._.js
2026-04-07 00:35:25.5560|INFO|Incoming request GET /_next/static/chunks/node_modules_%40swc_helpers_cjs_0-4ujiy._.js GET /_next/static/chunks/node_modules_%40swc_helpers_cjs_0-4ujiy._.js
2026-04-07 00:35:25.5580|INFO|Incoming request GET /_next/static/chunks/_0rqeker._.js GET /_next/static/chunks/_0rqeker._.js
2026-04-07 00:35:25.5610|INFO|Incoming request GET /next.svg GET /next.svg
2026-04-07 00:35:25.5720|INFO|Incoming request GET / GET /
2026-04-07 00:35:25.5740|INFO|Incoming request GET /_next/static/chunks/node_modules_next_dist_compiled_next-devtools_index_0553esy.js GET /_next/static/chunks/node_modules_next_dist_compiled_next-devtools_index_0553esy.js
2026-04-07 00:35:25.5780|INFO|Incoming request GET /_next/static/chunks/%5Broot-of-the-server%5D__02nfq85._.css GET /_next/static/chunks/%5Broot-of-the-server%5D__02nfq85._.css
2026-04-07 00:35:25.7040|INFO|Incoming request GET /_next/static/chunks/node_modules_next_dist_compiled_react-dom_058-ah~._.js GET /_next/static/chunks/node_modules_next_dist_compiled_react-dom_058-ah~._.js
2026-04-07 00:35:25.8480|INFO|Incoming request GET /_next/static/chunks/%5Bturbopack%5D_browser_dev_hmr-client_hmr-client_ts_10z625~._.js GET /_next/static/chunks/%5Bturbopack%5D_browser_dev_hmr-client_hmr-client_ts_10z625~._.js
2026-04-07 00:35:25.9040|INFO|Incoming request GET /_next/static/chunks/node_modules_next_dist_compiled_react-server-dom-turbopack_0p3wegg._.js GET /_next/static/chunks/node_modules_next_dist_compiled_react-server-dom-turbopack_0p3wegg._.js
2026-04-07 00:35:26.2650|INFO|Incoming request GET /_next/static/chunks/node_modules_next_dist_compiled_0rpq4pf._.js GET /_next/static/chunks/node_modules_next_dist_compiled_0rpq4pf._.js
2026-04-07 00:35:26.2670|INFO|Incoming request GET /_next/static/chunks/node_modules_next_dist_client_0fhqo1d._.js GET /_next/static/chunks/node_modules_next_dist_client_0fhqo1d._.js
2026-04-07 00:35:26.2680|INFO|Incoming request GET /_next/static/chunks/node_modules_next_dist_115brz8._.js GET /_next/static/chunks/node_modules_next_dist_115brz8._.js
2026-04-07 00:35:26.2700|INFO|Incoming request GET /_next/static/chunks/node_modules_%40swc_helpers_cjs_0-4ujiy._.js GET /_next/static/chunks/node_modules_%40swc_helpers_cjs_0-4ujiy._.js
2026-04-07 00:35:26.2720|INFO|Incoming request GET /_next/static/chunks/_0rqeker._.js GET /_next/static/chunks/_0rqeker._.js
2026-04-07 00:35:26.2730|INFO|Incoming request GET /_next/static/chunks/node_modules_next_dist_compiled_next-devtools_index_0553esy.js GET /_next/static/chunks/node_modules_next_dist_compiled_next-devtools_index_0553esy.js
2026-04-07 00:35:26.2750|INFO|Incoming request GET /_next/static/chunks/node_modules_next_dist_0tt2wve._.js GET /_next/static/chunks/node_modules_next_dist_0tt2wve._.js
2026-04-07 00:35:26.2830|INFO|Incoming request GET /_next/static/chunks/%5Broot-of-the-server%5D__02nfq85._.css GET /_next/static/chunks/%5Broot-of-the-server%5D__02nfq85._.css
2026-04-07 00:35:26.2850|INFO|Incoming request GET /_next/static/chunks/node_modules_next_dist_compiled_react-dom_058-ah~._.js GET /_next/static/chunks/node_modules_next_dist_compiled_react-dom_058-ah~._.js
2026-04-07 00:35:26.2870|INFO|Incoming request GET /next.svg GET /next.svg
2026-04-07 00:35:26.2880|INFO|Incoming request GET / GET /
2026-04-07 00:35:26.4650|INFO|Incoming request GET /_next/static/chunks/%5Bturbopack%5D_browser_dev_hmr-client_hmr-client_ts_10z625~._.js GET /_next/static/chunks/%5Bturbopack%5D_browser_dev_hmr-client_hmr-client_ts_10z625~._.js
2026-04-07 00:35:26.4940|INFO|Incoming request GET /_next/static/chunks/node_modules_next_dist_compiled_react-server-dom-turbopack_0p3wegg._.js GET /_next/static/chunks/node_modules_next_dist_compiled_react-server-dom-turbopack_0p3wegg._.js
2026-04-07 00:35:26.5380|INFO|Incoming request GET /_next/static/chunks/node_modules_next_dist_compiled_next-devtools_index_0553esy.js GET /_next/static/chunks/node_modules_next_dist_compiled_next-devtools_index_0553esy.js
2026-04-07 00:35:26.6020|INFO|Incoming request GET /_next/static/chunks/node_modules_next_dist_compiled_0rpq4pf._.js GET /_next/static/chunks/node_modules_next_dist_compiled_0rpq4pf._.js
2026-04-07 00:35:26.6050|INFO|Incoming request GET /_next/static/chunks/node_modules_next_dist_client_0fhqo1d._.js GET /_next/static/chunks/node_modules_next_dist_client_0fhqo1d._.js
2026-04-07 00:35:26.6080|INFO|Incoming request GET / GET /
2026-04-07 00:35:26.6100|INFO|Incoming request GET /next.svg GET /next.svg
2026-04-07 00:35:26.6180|INFO|Incoming request GET /_next/static/chunks/%5Broot-of-the-server%5D__02nfq85._.css GET /_next/static/chunks/%5Broot-of-the-server%5D__02nfq85._.css
2026-04-07 00:35:26.6210|INFO|Incoming request GET /_next/static/chunks/%5Bturbopack%5D_browser_dev_hmr-client_hmr-client_ts_10z625~._.js GET /_next/static/chunks/%5Bturbopack%5D_browser_dev_hmr-client_hmr-client_ts_10z625~._.js
2026-04-07 00:35:26.6230|INFO|Incoming request GET /_next/static/chunks/node_modules_next_dist_compiled_next-devtools_index_0553esy.js GET /_next/static/chunks/node_modules_next_dist_compiled_next-devtools_index_0553esy.js
2026-04-07 00:35:26.8100|INFO|Incoming request GET /_next/static/chunks/node_modules_next_dist_compiled_react-dom_058-ah~._.js GET /_next/static/chunks/node_modules_next_dist_compiled_react-dom_058-ah~._.js
2026-04-07 00:35:26.8360|INFO|Incoming request GET /_next/static/chunks/node_modules_next_dist_compiled_react-server-dom-turbopack_0p3wegg._.js GET /_next/static/chunks/node_modules_next_dist_compiled_react-server-dom-turbopack_0p3wegg._.js
2026-04-07 00:35:26.8740|INFO|Incoming request GET /_next/static/chunks/node_modules_next_dist_compiled_0rpq4pf._.js GET /_next/static/chunks/node_modules_next_dist_compiled_0rpq4pf._.js
2026-04-07 00:35:26.8770|INFO|Incoming request GET /_next/static/chunks/node_modules_next_dist_client_0fhqo1d._.js GET /_next/static/chunks/node_modules_next_dist_client_0fhqo1d._.js
2026-04-07 00:35:26.8800|INFO|Incoming request GET /next.svg GET /next.svg
2026-04-07 00:35:26.9030|INFO|Incoming request GET /_next/static/chunks/%5Broot-of-the-server%5D__02nfq85._.css GET /_next/static/chunks/%5Broot-of-the-server%5D__02nfq85._.css
2026-04-07 00:35:26.9050|INFO|Incoming request GET /_next/static/chunks/%5Bturbopack%5D_browser_dev_hmr-client_hmr-client_ts_10z625~._.js GET /_next/static/chunks/%5Bturbopack%5D_browser_dev_hmr-client_hmr-client_ts_10z625~._.js
2026-04-07 00:35:26.9080|INFO|Incoming request GET /_next/static/chunks/node_modules_next_dist_compiled_next-devtools_index_0553esy.js GET /_next/static/chunks/node_modules_next_dist_compiled_next-devtools_index_0553esy.js
2026-04-07 00:35:26.9090|INFO|Incoming request GET /_next/static/chunks/node_modules_next_dist_compiled_react-dom_058-ah~._.js GET /_next/static/chunks/node_modules_next_dist_compiled_react-dom_058-ah~._.js
2026-04-07 00:35:26.9520|INFO|Incoming request GET / GET /
2026-04-07 00:35:26.9600|INFO|Incoming request GET /_next/static/chunks/node_modules_next_dist_compiled_react-server-dom-turbopack_0p3wegg._.js GET /_next/static/chunks/node_modules_next_dist_compiled_react-server-dom-turbopack_0p3wegg._.js
2026-04-07 00:35:27.0770|INFO|Incoming request GET /_next/static/chunks/node_modules_next_dist_compiled_0rpq4pf._.js GET /_next/static/chunks/node_modules_next_dist_compiled_0rpq4pf._.js
2026-04-07 00:35:27.1460|INFO|Incoming request GET /_next/static/chunks/node_modules_next_dist_client_0fhqo1d._.js GET /_next/static/chunks/node_modules_next_dist_client_0fhqo1d._.js
2026-04-07 00:35:27.1920|INFO|Incoming request GET /next.svg GET /next.svg
2026-04-07 00:35:27.2130|INFO|Incoming request GET /_next/static/chunks/%5Broot-of-the-server%5D__02nfq85._.css GET /_next/static/chunks/%5Broot-of-the-server%5D__02nfq85._.css
2026-04-07 00:35:27.2160|INFO|Incoming request GET /_next/static/chunks/node_modules_next_dist_compiled_next-devtools_index_0553esy.js GET /_next/static/chunks/node_modules_next_dist_compiled_next-devtools_index_0553esy.js
2026-04-07 00:35:27.2190|INFO|Incoming request GET /_next/static/chunks/node_modules_next_dist_compiled_react-dom_058-ah~._.js GET /_next/static/chunks/node_modules_next_dist_compiled_react-dom_058-ah~._.js
2026-04-07 00:35:27.2220|INFO|Incoming request GET /_next/static/chunks/node_modules_next_dist_compiled_react-server-dom-turbopack_0p3wegg._.js GET /_next/static/chunks/node_modules_next_dist_compiled_react-server-dom-turbopack_0p3wegg._.js
2026-04-07 00:35:27.2650|INFO|Incoming request GET /_next/static/chunks/%5Bturbopack%5D_browser_dev_hmr-client_hmr-client_ts_10z625~._.js GET /_next/static/chunks/%5Bturbopack%5D_browser_dev_hmr-client_hmr-client_ts_10z625~._.js
2026-04-07 00:35:27.2910|INFO|Incoming request GET /_next/static/chunks/node_modules_next_dist_compiled_0rpq4pf._.js GET /_next/static/chunks/node_modules_next_dist_compiled_0rpq4pf._.js
2026-04-07 00:35:27.3370|INFO|Incoming request GET / GET /
2026-04-07 00:35:27.3430|INFO|Incoming request GET /_next/static/chunks/node_modules_next_dist_client_0fhqo1d._.js GET /_next/static/chunks/node_modules_next_dist_client_0fhqo1d._.js
2026-04-07 00:35:27.3450|INFO|Incoming request GET /_next/static/chunks/node_modules_next_dist_115brz8._.js GET /_next/static/chunks/node_modules_next_dist_115brz8._.js
2026-04-07 00:35:27.6120|INFO|Incoming request GET /_next/static/chunks/node_modules_%40swc_helpers_cjs_0-4ujiy._.js GET /_next/static/chunks/node_modules_%40swc_helpers_cjs_0-4ujiy._.js
2026-04-07 00:35:27.6330|INFO|Incoming request GET /_next/static/chunks/_0rqeker._.js GET /_next/static/chunks/_0rqeker._.js
2026-04-07 00:35:27.6420|INFO|Incoming request GET /next.svg GET /next.svg
2026-04-07 00:35:27.6540|INFO|Incoming request GET /_next/static/chunks/%5Broot-of-the-server%5D__02nfq85._.css GET /_next/static/chunks/%5Broot-of-the-server%5D__02nfq85._.css
2026-04-07 00:35:27.6570|INFO|Incoming request GET /_next/static/chunks/node_modules_next_dist_compiled_next-devtools_index_0553esy.js GET /_next/static/chunks/node_modules_next_dist_compiled_next-devtools_index_0553esy.js
2026-04-07 00:35:27.6720|INFO|Incoming request GET /_next/static/chunks/node_modules_next_dist_compiled_react-dom_058-ah~._.js GET /_next/static/chunks/node_modules_next_dist_compiled_react-dom_058-ah~._.js
2026-04-07 00:35:27.7010|INFO|Incoming request GET /_next/static/chunks/%5Bturbopack%5D_browser_dev_hmr-client_hmr-client_ts_10z625~._.js GET /_next/static/chunks/%5Bturbopack%5D_browser_dev_hmr-client_hmr-client_ts_10z625~._.js
2026-04-07 00:35:27.7400|INFO|Incoming request GET /_next/static/chunks/node_modules_next_dist_compiled_react-server-dom-turbopack_0p3wegg._.js GET /_next/static/chunks/node_modules_next_dist_compiled_react-server-dom-turbopack_0p3wegg._.js
2026-04-07 00:35:27.7730|INFO|Incoming request GET / GET /
2026-04-07 00:35:27.7860|INFO|Incoming request GET /_next/static/chunks/node_modules_next_dist_compiled_0rpq4pf._.js GET /_next/static/chunks/node_modules_next_dist_compiled_0rpq4pf._.js
2026-04-07 00:35:27.9420|INFO|Incoming request GET /_next/static/chunks/node_modules_next_dist_client_0fhqo1d._.js GET /_next/static/chunks/node_modules_next_dist_client_0fhqo1d._.js
2026-04-07 00:35:28.0070|INFO|Incoming request GET /_next/static/chunks/node_modules_next_dist_115brz8._.js GET /_next/static/chunks/node_modules_next_dist_115brz8._.js
2026-04-07 00:35:28.0350|INFO|Incoming request GET /_next/static/chunks/node_modules_%40swc_helpers_cjs_0-4ujiy._.js GET /_next/static/chunks/node_modules_%40swc_helpers_cjs_0-4ujiy._.js
2026-04-07 00:35:28.0880|INFO|Incoming request GET /_next/static/chunks/_0rqeker._.js GET /_next/static/chunks/_0rqeker._.js
2026-04-07 00:35:28.0910|INFO|Incoming request GET /next.svg GET /next.svg
2026-04-07 00:35:28.1060|INFO|Incoming request GET /_next/static/chunks/%5Broot-of-the-server%5D__02nfq85._.css GET /_next/static/chunks/%5Broot-of-the-server%5D__02nfq85._.css
2026-04-07 00:35:28.1100|INFO|Incoming request GET /_next/static/chunks/node_modules_next_dist_compiled_next-devtools_index_0553esy.js GET /_next/static/chunks/node_modules_next_dist_compiled_next-devtools_index_0553esy.js
2026-04-07 00:35:28.1120|INFO|Incoming request GET /_next/static/chunks/node_modules_next_dist_compiled_react-dom_058-ah~._.js GET /_next/static/chunks/node_modules_next_dist_compiled_react-dom_058-ah~._.js
2026-04-07 00:35:28.1140|INFO|Incoming request GET /_next/static/chunks/%5Bturbopack%5D_browser_dev_hmr-client_hmr-client_ts_10z625~._.js GET /_next/static/chunks/%5Bturbopack%5D_browser_dev_hmr-client_hmr-client_ts_10z625~._.js
2026-04-07 00:35:28.1530|INFO|Incoming request GET / GET /
2026-04-07 00:35:28.1770|INFO|Incoming request GET /_next/static/chunks/node_modules_next_dist_compiled_react-server-dom-turbopack_0p3wegg._.js GET /_next/static/chunks/node_modules_next_dist_compiled_react-server-dom-turbopack_0p3wegg._.js
2026-04-07 00:35:28.3000|INFO|Incoming request GET /_next/static/chunks/node_modules_next_dist_compiled_0rpq4pf._.js GET /_next/static/chunks/node_modules_next_dist_compiled_0rpq4pf._.js
2026-04-07 00:35:28.4380|INFO|Incoming request GET /_next/static/chunks/node_modules_next_dist_client_0fhqo1d._.js GET /_next/static/chunks/node_modules_next_dist_client_0fhqo1d._.js
2026-04-07 00:35:28.4700|INFO|Incoming request GET /_next/static/chunks/node_modules_next_dist_115brz8._.js GET /_next/static/chunks/node_modules_next_dist_115brz8._.js
2026-04-07 00:35:28.4730|INFO|Incoming request GET /_next/static/chunks/node_modules_%40swc_helpers_cjs_0-4ujiy._.js GET /_next/static/chunks/node_modules_%40swc_helpers_cjs_0-4ujiy._.js
2026-04-07 00:35:28.4900|INFO|Incoming request GET /_next/static/chunks/_0rqeker._.js GET /_next/static/chunks/_0rqeker._.js
2026-04-07 00:35:28.5060|INFO|Incoming request GET /next.svg GET /next.svg
2026-04-07 00:35:28.5080|INFO|Incoming request GET /_next/static/chunks/%5Broot-of-the-server%5D__02nfq85._.css GET /_next/static/chunks/%5Broot-of-the-server%5D__02nfq85._.css
2026-04-07 00:35:28.5100|INFO|Incoming request GET /_next/static/chunks/node_modules_next_dist_compiled_next-devtools_index_0553esy.js GET /_next/static/chunks/node_modules_next_dist_compiled_next-devtools_index_0553esy.js
2026-04-07 00:35:28.5320|INFO|Incoming request GET / GET /
2026-04-07 00:35:28.5400|INFO|Incoming request GET /_next/static/chunks/node_modules_next_dist_compiled_react-dom_058-ah~._.js GET /_next/static/chunks/node_modules_next_dist_compiled_react-dom_058-ah~._.js
2026-04-07 00:35:28.6480|INFO|Incoming request GET /_next/static/chunks/%5Bturbopack%5D_browser_dev_hmr-client_hmr-client_ts_10z625~._.js GET /_next/static/chunks/%5Bturbopack%5D_browser_dev_hmr-client_hmr-client_ts_10z625~._.js
2026-04-07 00:35:28.6740|INFO|Incoming request GET /_next/static/chunks/node_modules_next_dist_compiled_react-server-dom-turbopack_0p3wegg._.js GET /_next/static/chunks/node_modules_next_dist_compiled_react-server-dom-turbopack_0p3wegg._.js
2026-04-07 00:35:28.7630|INFO|Incoming request GET /_next/static/chunks/node_modules_next_dist_compiled_0rpq4pf._.js GET /_next/static/chunks/node_modules_next_dist_compiled_0rpq4pf._.js
2026-04-07 00:35:28.7770|INFO|Incoming request GET /_next/static/chunks/node_modules_next_dist_client_0fhqo1d._.js GET /_next/static/chunks/node_modules_next_dist_client_0fhqo1d._.js
2026-04-07 00:35:28.7950|INFO|Incoming request GET /next.svg GET /next.svg
2026-04-07 00:35:28.8030|INFO|Incoming request GET /_next/static/chunks/%5Bturbopack%5D_browser_dev_hmr-client_hmr-client_ts_10z625~._.js GET /_next/static/chunks/%5Bturbopack%5D_browser_dev_hmr-client_hmr-client_ts_10z625~._.js
2026-04-07 00:35:28.8050|INFO|Incoming request GET /_next/static/chunks/node_modules_next_dist_compiled_next-devtools_index_0553esy.js GET /_next/static/chunks/node_modules_next_dist_compiled_next-devtools_index_0553esy.js
2026-04-07 00:35:28.8080|INFO|Incoming request GET /_next/static/chunks/node_modules_next_dist_compiled_react-dom_058-ah~._.js GET /_next/static/chunks/node_modules_next_dist_compiled_react-dom_058-ah~._.js
2026-04-07 00:35:28.8240|INFO|Incoming request GET /_next/static/chunks/node_modules_next_dist_compiled_react-server-dom-turbopack_0p3wegg._.js GET /_next/static/chunks/node_modules_next_dist_compiled_react-server-dom-turbopack_0p3wegg._.js
2026-04-07 00:35:28.8650|INFO|Incoming request GET /_next/static/chunks/%5Broot-of-the-server%5D__02nfq85._.css GET /_next/static/chunks/%5Broot-of-the-server%5D__02nfq85._.css
2026-04-07 00:35:28.8970|INFO|Incoming request GET /_next/static/chunks/node_modules_next_dist_compiled_0rpq4pf._.js GET /_next/static/chunks/node_modules_next_dist_compiled_0rpq4pf._.js
2026-04-07 00:35:28.9560|INFO|Incoming request GET /_next/static/chunks/node_modules_next_dist_client_0fhqo1d._.js GET /_next/static/chunks/node_modules_next_dist_client_0fhqo1d._.js
2026-04-07 00:35:28.9820|INFO|Incoming request GET /_next/static/chunks/node_modules_next_dist_115brz8._.js GET /_next/static/chunks/node_modules_next_dist_115brz8._.js
2026-04-07 00:35:28.9920|INFO|Incoming request GET /_next/static/chunks/node_modules_%40swc_helpers_cjs_0-4ujiy._.js GET /_next/static/chunks/node_modules_%40swc_helpers_cjs_0-4ujiy._.js
2026-04-07 00:35:29.0810|INFO|Incoming request GET / GET /
2026-04-07 00:35:29.3480|INFO|Incoming request GET /_next/static/chunks/_0rqeker._.js GET /_next/static/chunks/_0rqeker._.js
2026-04-07 00:35:29.3600|INFO|Incoming request GET /_next/static/chunks/turbopack-_0p44nws._.js GET /_next/static/chunks/turbopack-_0p44nws._.js
2026-04-07 00:35:29.3950|INFO|Incoming request GET /_next/static/chunks/node_modules_next_dist_0tt2wve._.js GET /_next/static/chunks/node_modules_next_dist_0tt2wve._.js
2026-04-07 00:35:29.3980|INFO|Incoming request GET /_next/static/chunks/src_app_layout_tsx_004glpo._.js GET /_next/static/chunks/src_app_layout_tsx_004glpo._.js
2026-04-07 00:35:29.4000|INFO|Incoming request GET /_next/static/chunks/node_modules_next_dist_07p5au~._.js GET /_next/static/chunks/node_modules_next_dist_07p5au~._.js
2026-04-07 00:35:29.4010|INFO|Incoming request GET / GET /
2026-04-07 00:35:29.4080|INFO|Incoming request GET /next.svg GET /next.svg
2026-04-07 00:35:29.4090|INFO|Incoming request GET /_next/static/chunks/%5Broot-of-the-server%5D__02nfq85._.css GET /_next/static/chunks/%5Broot-of-the-server%5D__02nfq85._.css
2026-04-07 00:35:29.4120|INFO|Incoming request GET /_next/static/chunks/node_modules_next_dist_compiled_next-devtools_index_0553esy.js GET /_next/static/chunks/node_modules_next_dist_compiled_next-devtools_index_0553esy.js
2026-04-07 00:35:29.4210|INFO|Incoming request GET /_next/static/chunks/node_modules_next_dist_compiled_react-dom_058-ah~._.js GET /_next/static/chunks/node_modules_next_dist_compiled_react-dom_058-ah~._.js
2026-04-07 00:35:29.6130|INFO|Incoming request GET /_next/static/chunks/%5Bturbopack%5D_browser_dev_hmr-client_hmr-client_ts_10z625~._.js GET /_next/static/chunks/%5Bturbopack%5D_browser_dev_hmr-client_hmr-client_ts_10z625~._.js
2026-04-07 00:35:29.6270|INFO|Incoming request GET /_next/static/chunks/node_modules_next_dist_compiled_react-server-dom-turbopack_0p3wegg._.js GET /_next/static/chunks/node_modules_next_dist_compiled_react-server-dom-turbopack_0p3wegg._.js
2026-04-07 00:35:29.6490|INFO|Incoming request GET /_next/static/chunks/node_modules_next_dist_compiled_0rpq4pf._.js GET /_next/static/chunks/node_modules_next_dist_compiled_0rpq4pf._.js
2026-04-07 00:35:29.6510|INFO|Incoming request GET /_next/static/chunks/node_modules_next_dist_client_0fhqo1d._.js GET /_next/static/chunks/node_modules_next_dist_client_0fhqo1d._.js
2026-04-07 00:35:29.6520|INFO|Incoming request GET /_next/static/chunks/node_modules_next_dist_07p5au~._.js GET /_next/static/chunks/node_modules_next_dist_07p5au~._.js
2026-04-07 00:35:29.6540|INFO|Incoming request GET /next.svg GET /next.svg
2026-04-07 00:35:29.6590|INFO|Incoming request GET /_next/static/chunks/%5Bturbopack%5D_browser_dev_hmr-client_hmr-client_ts_10z625~._.js GET /_next/static/chunks/%5Bturbopack%5D_browser_dev_hmr-client_hmr-client_ts_10z625~._.js
2026-04-07 00:35:29.6600|INFO|Incoming request GET /_next/static/chunks/node_modules_next_dist_compiled_next-devtools_index_0553esy.js GET /_next/static/chunks/node_modules_next_dist_compiled_next-devtools_index_0553esy.js
2026-04-07 00:35:29.6620|INFO|Incoming request GET /_next/static/chunks/node_modules_next_dist_compiled_react-dom_058-ah~._.js GET /_next/static/chunks/node_modules_next_dist_compiled_react-dom_058-ah~._.js
2026-04-07 00:35:29.7510|INFO|Incoming request GET /_next/static/chunks/%5Broot-of-the-server%5D__02nfq85._.css GET /_next/static/chunks/%5Broot-of-the-server%5D__02nfq85._.css
2026-04-07 00:35:29.7540|INFO|Incoming request GET /_next/static/chunks/node_modules_next_dist_compiled_react-server-dom-turbopack_0p3wegg._.js GET /_next/static/chunks/node_modules_next_dist_compiled_react-server-dom-turbopack_0p3wegg._.js
2026-04-07 00:35:29.7880|INFO|Incoming request GET / GET /
2026-04-07 00:35:29.9420|INFO|Incoming request GET /_next/static/chunks/node_modules_next_dist_compiled_0rpq4pf._.js GET /_next/static/chunks/node_modules_next_dist_compiled_0rpq4pf._.js
2026-04-07 00:35:29.9660|INFO|Incoming request GET /_next/static/chunks/node_modules_next_dist_client_0fhqo1d._.js GET /_next/static/chunks/node_modules_next_dist_client_0fhqo1d._.js
2026-04-07 00:35:30.0440|INFO|Incoming request GET /_next/static/chunks/node_modules_next_dist_115brz8._.js GET /_next/static/chunks/node_modules_next_dist_115brz8._.js
2026-04-07 00:35:30.0720|INFO|Incoming request GET /next.svg GET /next.svg
2026-04-07 00:35:30.0740|INFO|Incoming request GET /_next/static/chunks/%5Broot-of-the-server%5D__02nfq85._.css GET /_next/static/chunks/%5Broot-of-the-server%5D__02nfq85._.css
2026-04-07 00:35:30.0760|INFO|Incoming request GET /_next/static/chunks/%5Bturbopack%5D_browser_dev_hmr-client_hmr-client_ts_10z625~._.js GET /_next/static/chunks/%5Bturbopack%5D_browser_dev_hmr-client_hmr-client_ts_10z625~._.js
2026-04-07 00:35:30.0850|INFO|Incoming request GET /_next/static/chunks/node_modules_next_dist_compiled_next-devtools_index_0553esy.js GET /_next/static/chunks/node_modules_next_dist_compiled_next-devtools_index_0553esy.js
2026-04-07 00:35:30.0900|INFO|Incoming request GET /_next/static/chunks/node_modules_next_dist_compiled_react-dom_058-ah~._.js GET /_next/static/chunks/node_modules_next_dist_compiled_react-dom_058-ah~._.js
2026-04-07 00:35:30.1470|INFO|Incoming request GET /_next/static/chunks/node_modules_next_dist_compiled_react-server-dom-turbopack_0p3wegg._.js GET /_next/static/chunks/node_modules_next_dist_compiled_react-server-dom-turbopack_0p3wegg._.js
2026-04-07 00:35:30.1520|INFO|Incoming request GET /_next/static/chunks/node_modules_next_dist_compiled_0rpq4pf._.js GET /_next/static/chunks/node_modules_next_dist_compiled_0rpq4pf._.js
2026-04-07 00:35:30.1750|INFO|Incoming request GET /_next/static/chunks/node_modules_next_dist_client_0fhqo1d._.js GET /_next/static/chunks/node_modules_next_dist_client_0fhqo1d._.js
2026-04-07 00:35:30.2030|INFO|Incoming request GET / GET /
2026-04-07 00:35:30.2090|INFO|Incoming request GET /_next/static/chunks/node_modules_next_dist_115brz8._.js GET /_next/static/chunks/node_modules_next_dist_115brz8._.js
2026-04-07 00:35:30.4730|INFO|Incoming request GET /_next/static/chunks/node_modules_%40swc_helpers_cjs_0-4ujiy._.js GET /_next/static/chunks/node_modules_%40swc_helpers_cjs_0-4ujiy._.js
2026-04-07 00:35:30.4750|INFO|Incoming request GET /_next/static/chunks/_0rqeker._.js GET /_next/static/chunks/_0rqeker._.js
2026-04-07 00:35:30.4950|INFO|Incoming request GET /_next/static/chunks/turbopack-_0p44nws._.js GET /_next/static/chunks/turbopack-_0p44nws._.js
2026-04-07 00:35:30.4980|INFO|Incoming request GET /_next/static/chunks/node_modules_next_dist_0tt2wve._.js GET /_next/static/chunks/node_modules_next_dist_0tt2wve._.js
2026-04-07 00:35:30.5240|INFO|Incoming request GET /_next/static/chunks/node_modules_next_dist_compiled_react-dom_058-ah~._.js GET /_next/static/chunks/node_modules_next_dist_compiled_react-dom_058-ah~._.js
2026-04-07 00:35:30.5260|INFO|Incoming request GET /_next/static/chunks/%5Broot-of-the-server%5D__02nfq85._.css GET /_next/static/chunks/%5Broot-of-the-server%5D__02nfq85._.css
2026-04-07 00:35:30.5280|INFO|Incoming request GET /next.svg GET /next.svg
2026-04-07 00:35:30.5370|INFO|Incoming request GET /_next/static/chunks/%5Bturbopack%5D_browser_dev_hmr-client_hmr-client_ts_10z625~._.js GET /_next/static/chunks/%5Bturbopack%5D_browser_dev_hmr-client_hmr-client_ts_10z625~._.js
2026-04-07 00:35:30.5400|INFO|Incoming request GET /_next/static/chunks/node_modules_next_dist_compiled_next-devtools_index_0553esy.js GET /_next/static/chunks/node_modules_next_dist_compiled_next-devtools_index_0553esy.js
2026-04-07 00:35:30.6050|INFO|Incoming request GET / GET /
2026-04-07 00:35:30.6170|INFO|Incoming request GET /_next/static/chunks/node_modules_next_dist_compiled_react-server-dom-turbopack_0p3wegg._.js GET /_next/static/chunks/node_modules_next_dist_compiled_react-server-dom-turbopack_0p3wegg._.js
2026-04-07 00:35:30.6250|INFO|Incoming request GET /_next/static/chunks/node_modules_next_dist_compiled_0rpq4pf._.js GET /_next/static/chunks/node_modules_next_dist_compiled_0rpq4pf._.js
2026-04-07 00:35:30.8130|INFO|Incoming request GET /_next/static/chunks/node_modules_next_dist_client_0fhqo1d._.js GET /_next/static/chunks/node_modules_next_dist_client_0fhqo1d._.js
2026-04-07 00:35:30.8430|INFO|Incoming request GET /_next/static/chunks/node_modules_next_dist_115brz8._.js GET /_next/static/chunks/node_modules_next_dist_115brz8._.js
2026-04-07 00:35:30.8670|INFO|Incoming request GET /_next/static/chunks/node_modules_%40swc_helpers_cjs_0-4ujiy._.js GET /_next/static/chunks/node_modules_%40swc_helpers_cjs_0-4ujiy._.js
2026-04-07 00:35:30.8770|INFO|Incoming request GET /_next/static/chunks/_0rqeker._.js GET /_next/static/chunks/_0rqeker._.js
2026-04-07 00:35:30.8880|INFO|Incoming request GET /next.svg GET /next.svg
2026-04-07 00:35:30.8910|INFO|Incoming request GET /_next/static/chunks/%5Broot-of-the-server%5D__02nfq85._.css GET /_next/static/chunks/%5Broot-of-the-server%5D__02nfq85._.css
2026-04-07 00:35:30.8920|INFO|Incoming request GET /_next/static/chunks/node_modules_next_dist_compiled_next-devtools_index_0553esy.js GET /_next/static/chunks/node_modules_next_dist_compiled_next-devtools_index_0553esy.js
2026-04-07 00:35:30.8940|INFO|Incoming request GET /_next/static/chunks/node_modules_next_dist_compiled_react-dom_058-ah~._.js GET /_next/static/chunks/node_modules_next_dist_compiled_react-dom_058-ah~._.js
2026-04-07 00:35:30.8970|INFO|Incoming request GET /_next/static/chunks/%5Bturbopack%5D_browser_dev_hmr-client_hmr-client_ts_10z625~._.js GET /_next/static/chunks/%5Bturbopack%5D_browser_dev_hmr-client_hmr-client_ts_10z625~._.js
2026-04-07 00:35:30.9550|INFO|Incoming request GET /_next/static/chunks/node_modules_next_dist_compiled_react-server-dom-turbopack_0p3wegg._.js GET /_next/static/chunks/node_modules_next_dist_compiled_react-server-dom-turbopack_0p3wegg._.js
2026-04-07 00:35:30.9740|INFO|Incoming request GET /_next/static/chunks/node_modules_next_dist_compiled_0rpq4pf._.js GET /_next/static/chunks/node_modules_next_dist_compiled_0rpq4pf._.js
2026-04-07 00:35:30.9860|INFO|Incoming request GET /_next/static/chunks/node_modules_next_dist_client_0fhqo1d._.js GET /_next/static/chunks/node_modules_next_dist_client_0fhqo1d._.js
2026-04-07 00:35:31.0340|INFO|Incoming request GET / GET /
2026-04-07 00:35:31.0430|INFO|Incoming request GET /_next/static/chunks/node_modules_next_dist_115brz8._.js GET /_next/static/chunks/node_modules_next_dist_115brz8._.js
2026-04-07 00:35:31.0510|INFO|Incoming request GET /_next/static/chunks/node_modules_%40swc_helpers_cjs_0-4ujiy._.js GET /_next/static/chunks/node_modules_%40swc_helpers_cjs_0-4ujiy._.js
2026-04-07 00:35:31.2410|INFO|Incoming request GET /_next/static/chunks/_0rqeker._.js GET /_next/static/chunks/_0rqeker._.js
2026-04-07 00:35:31.2440|INFO|Incoming request GET / GET /
2026-04-07 00:35:31.2460|INFO|Incoming request GET /next.svg GET /next.svg
2026-04-07 00:35:31.2590|INFO|Incoming request GET /_next/static/chunks/%5Broot-of-the-server%5D__02nfq85._.css GET /_next/static/chunks/%5Broot-of-the-server%5D__02nfq85._.css
2026-04-07 00:35:31.2610|INFO|Incoming request GET /_next/static/chunks/node_modules_next_dist_compiled_next-devtools_index_0553esy.js GET /_next/static/chunks/node_modules_next_dist_compiled_next-devtools_index_0553esy.js
2026-04-07 00:35:31.4030|INFO|Incoming request GET /_next/static/chunks/node_modules_next_dist_compiled_react-dom_058-ah~._.js GET /_next/static/chunks/node_modules_next_dist_compiled_react-dom_058-ah~._.js
2026-04-07 00:35:31.4510|INFO|Incoming request GET /_next/static/chunks/%5Bturbopack%5D_browser_dev_hmr-client_hmr-client_ts_10z625~._.js GET /_next/static/chunks/%5Bturbopack%5D_browser_dev_hmr-client_hmr-client_ts_10z625~._.js
2026-04-07 00:35:31.5250|INFO|Incoming request GET /_next/static/chunks/node_modules_next_dist_compiled_react-server-dom-turbopack_0p3wegg._.js GET /_next/static/chunks/node_modules_next_dist_compiled_react-server-dom-turbopack_0p3wegg._.js
2026-04-07 00:35:31.5520|INFO|Incoming request GET /_next/static/chunks/node_modules_next_dist_compiled_0rpq4pf._.js GET /_next/static/chunks/node_modules_next_dist_compiled_0rpq4pf._.js
2026-04-07 00:35:31.5700|INFO|Incoming request GET /_next/static/chunks/node_modules_next_dist_client_0fhqo1d._.js GET /_next/static/chunks/node_modules_next_dist_client_0fhqo1d._.js
2026-04-07 00:35:31.5730|INFO|Incoming request GET /_next/static/chunks/%5Bturbopack%5D_browser_dev_hmr-client_hmr-client_ts_10z625~._.js GET /_next/static/chunks/%5Bturbopack%5D_browser_dev_hmr-client_hmr-client_ts_10z625~._.js
2026-04-07 00:35:31.5740|INFO|Incoming request GET /_next/static/chunks/node_modules_next_dist_compiled_react-dom_058-ah~._.js GET /_next/static/chunks/node_modules_next_dist_compiled_react-dom_058-ah~._.js
2026-04-07 00:35:31.5760|INFO|Incoming request GET /_next/static/chunks/%5Broot-of-the-server%5D__02nfq85._.css GET /_next/static/chunks/%5Broot-of-the-server%5D__02nfq85._.css
2026-04-07 00:35:31.5820|INFO|Incoming request GET /_next/static/chunks/node_modules_next_dist_compiled_react-server-dom-turbopack_0p3wegg._.js GET /_next/static/chunks/node_modules_next_dist_compiled_react-server-dom-turbopack_0p3wegg._.js
2026-04-07 00:35:31.5870|INFO|Incoming request GET /next.svg GET /next.svg
2026-04-07 00:35:31.6440|INFO|Incoming request GET / GET /
2026-04-07 00:35:31.6540|INFO|Incoming request GET /_next/static/chunks/node_modules_next_dist_compiled_next-devtools_index_0553esy.js GET /_next/static/chunks/node_modules_next_dist_compiled_next-devtools_index_0553esy.js
2026-04-07 00:35:31.6560|INFO|Incoming request GET /vercel.svg GET /vercel.svg
2026-04-07 00:35:31.7940|INFO|Incoming request GET /_next/static/chunks/node_modules_next_dist_compiled_0rpq4pf._.js GET /_next/static/chunks/node_modules_next_dist_compiled_0rpq4pf._.js
2026-04-07 00:35:31.8220|INFO|Incoming request GET /_next/static/chunks/node_modules_next_dist_client_0fhqo1d._.js GET /_next/static/chunks/node_modules_next_dist_client_0fhqo1d._.js
2026-04-07 00:35:31.8370|INFO|Incoming request GET /_next/static/chunks/node_modules_next_dist_115brz8._.js GET /_next/static/chunks/node_modules_next_dist_115brz8._.js
2026-04-07 00:35:31.8570|INFO|Incoming request GET /_next/static/chunks/node_modules_%40swc_helpers_cjs_0-4ujiy._.js GET /_next/static/chunks/node_modules_%40swc_helpers_cjs_0-4ujiy._.js
2026-04-07 00:35:31.8590|INFO|Incoming request GET /_next/static/chunks/turbopack-_0p44nws._.js GET /_next/static/chunks/turbopack-_0p44nws._.js
2026-04-07 00:35:31.8600|INFO|Incoming request GET / GET /
2026-04-07 00:35:31.8620|INFO|Incoming request GET /next.svg GET /next.svg
2026-04-07 00:35:31.8720|INFO|Incoming request GET /_next/static/chunks/%5Broot-of-the-server%5D__02nfq85._.css GET /_next/static/chunks/%5Broot-of-the-server%5D__02nfq85._.css
2026-04-07 00:35:31.8740|INFO|Incoming request GET /_next/static/chunks/node_modules_next_dist_compiled_next-devtools_index_0553esy.js GET /_next/static/chunks/node_modules_next_dist_compiled_next-devtools_index_0553esy.js
2026-04-07 00:35:31.8750|INFO|Incoming request GET /_next/static/chunks/node_modules_next_dist_compiled_react-dom_058-ah~._.js GET /_next/static/chunks/node_modules_next_dist_compiled_react-dom_058-ah~._.js
2026-04-07 00:35:32.0310|INFO|Incoming request GET /_next/static/chunks/%5Bturbopack%5D_browser_dev_hmr-client_hmr-client_ts_10z625~._.js GET /_next/static/chunks/%5Bturbopack%5D_browser_dev_hmr-client_hmr-client_ts_10z625~._.js
2026-04-07 00:35:32.1110|INFO|Incoming request GET /_next/static/chunks/node_modules_next_dist_compiled_react-server-dom-turbopack_0p3wegg._.js GET /_next/static/chunks/node_modules_next_dist_compiled_react-server-dom-turbopack_0p3wegg._.js
2026-04-07 00:35:32.1340|INFO|Incoming request GET /vercel.svg GET /vercel.svg
2026-04-07 00:35:32.1370|INFO|Incoming request GET /_next/static/chunks/node_modules_next_dist_compiled_0rpq4pf._.js GET /_next/static/chunks/node_modules_next_dist_compiled_0rpq4pf._.js
2026-04-07 00:35:32.1460|INFO|Incoming request GET /_next/static/chunks/node_modules_next_dist_client_0fhqo1d._.js GET /_next/static/chunks/node_modules_next_dist_client_0fhqo1d._.js
2026-04-07 00:35:32.1490|INFO|Incoming request GET / GET /
2026-04-07 00:35:32.1510|INFO|Incoming request GET /next.svg GET /next.svg
2026-04-07 00:35:32.1540|INFO|Incoming request GET /_next/static/chunks/%5Broot-of-the-server%5D__02nfq85._.css GET /_next/static/chunks/%5Broot-of-the-server%5D__02nfq85._.css
2026-04-07 00:35:32.1560|INFO|Incoming request GET /_next/static/chunks/%5Bturbopack%5D_browser_dev_hmr-client_hmr-client_ts_10z625~._.js GET /_next/static/chunks/%5Bturbopack%5D_browser_dev_hmr-client_hmr-client_ts_10z625~._.js
2026-04-07 00:35:32.1610|INFO|Incoming request GET /_next/static/chunks/node_modules_next_dist_compiled_next-devtools_index_0553esy.js GET /_next/static/chunks/node_modules_next_dist_compiled_next-devtools_index_0553esy.js
2026-04-07 00:35:32.2990|INFO|Incoming request GET /_next/static/chunks/node_modules_next_dist_compiled_react-dom_058-ah~._.js GET /_next/static/chunks/node_modules_next_dist_compiled_react-dom_058-ah~._.js
2026-04-07 00:35:32.3270|INFO|Incoming request GET /_next/static/chunks/node_modules_next_dist_compiled_react-server-dom-turbopack_0p3wegg._.js GET /_next/static/chunks/node_modules_next_dist_compiled_react-server-dom-turbopack_0p3wegg._.js
2026-04-07 00:35:32.3720|INFO|Incoming request GET /_next/static/chunks/node_modules_next_dist_compiled_0rpq4pf._.js GET /_next/static/chunks/node_modules_next_dist_compiled_0rpq4pf._.js
2026-04-07 00:35:32.3990|INFO|Incoming request GET /_next/static/chunks/node_modules_next_dist_client_0fhqo1d._.js GET /_next/static/chunks/node_modules_next_dist_client_0fhqo1d._.js
2026-04-07 00:35:32.4020|INFO|Incoming request GET /_next/static/chunks/node_modules_next_dist_115brz8._.js GET /_next/static/chunks/node_modules_next_dist_115brz8._.js
2026-04-07 00:35:32.4030|INFO|Incoming request GET /_next/static/chunks/node_modules_%40swc_helpers_cjs_0-4ujiy._.js GET /_next/static/chunks/node_modules_%40swc_helpers_cjs_0-4ujiy._.js
2026-04-07 00:35:32.4050|INFO|Incoming request GET /next.svg GET /next.svg
2026-04-07 00:35:32.4130|INFO|Incoming request GET /_next/static/chunks/%5Broot-of-the-server%5D__02nfq85._.css GET /_next/static/chunks/%5Broot-of-the-server%5D__02nfq85._.css
2026-04-07 00:35:32.4150|INFO|Incoming request GET /_next/static/chunks/node_modules_next_dist_compiled_next-devtools_index_0553esy.js GET /_next/static/chunks/node_modules_next_dist_compiled_next-devtools_index_0553esy.js
2026-04-07 00:35:32.4170|INFO|Incoming request GET /_next/static/chunks/node_modules_next_dist_compiled_react-dom_058-ah~._.js GET /_next/static/chunks/node_modules_next_dist_compiled_react-dom_058-ah~._.js
2026-04-07 00:35:32.4190|INFO|Incoming request GET /_next/static/chunks/node_modules_next_dist_compiled_react-server-dom-turbopack_0p3wegg._.js GET /_next/static/chunks/node_modules_next_dist_compiled_react-server-dom-turbopack_0p3wegg._.js
2026-04-07 00:35:32.4670|INFO|Incoming request GET / GET /
2026-04-07 00:35:32.4830|INFO|Incoming request GET /_next/static/chunks/%5Bturbopack%5D_browser_dev_hmr-client_hmr-client_ts_10z625~._.js GET /_next/static/chunks/%5Bturbopack%5D_browser_dev_hmr-client_hmr-client_ts_10z625~._.js
2026-04-07 00:35:32.6590|INFO|Incoming request GET /_next/static/chunks/node_modules_next_dist_compiled_0rpq4pf._.js GET /_next/static/chunks/node_modules_next_dist_compiled_0rpq4pf._.js
2026-04-07 00:35:32.6800|INFO|Incoming request GET /_next/static/chunks/node_modules_next_dist_client_0fhqo1d._.js GET /_next/static/chunks/node_modules_next_dist_client_0fhqo1d._.js
2026-04-07 00:35:32.6830|INFO|Incoming request GET /_next/static/chunks/node_modules_next_dist_115brz8._.js GET /_next/static/chunks/node_modules_next_dist_115brz8._.js
2026-04-07 00:35:32.7020|INFO|Incoming request GET /_next/static/chunks/node_modules_%40swc_helpers_cjs_0-4ujiy._.js GET /_next/static/chunks/node_modules_%40swc_helpers_cjs_0-4ujiy._.js
2026-04-07 00:35:32.7030|INFO|Incoming request GET /_next/static/chunks/_0rqeker._.js GET /_next/static/chunks/_0rqeker._.js
2026-04-07 00:35:32.7040|INFO|Incoming request GET / GET /
2026-04-07 00:35:32.7060|INFO|Incoming request GET /next.svg GET /next.svg
2026-04-07 00:35:32.7160|INFO|Incoming request GET /_next/static/chunks/%5Broot-of-the-server%5D__02nfq85._.css GET /_next/static/chunks/%5Broot-of-the-server%5D__02nfq85._.css
2026-04-07 00:35:32.7200|INFO|Incoming request GET /_next/static/chunks/node_modules_next_dist_compiled_next-devtools_index_0553esy.js GET /_next/static/chunks/node_modules_next_dist_compiled_next-devtools_index_0553esy.js
2026-04-07 00:35:32.7270|INFO|Incoming request GET /_next/static/chunks/node_modules_next_dist_compiled_react-dom_058-ah~._.js GET /_next/static/chunks/node_modules_next_dist_compiled_react-dom_058-ah~._.js
2026-04-07 00:35:32.8470|INFO|Incoming request GET /_next/static/chunks/%5Bturbopack%5D_browser_dev_hmr-client_hmr-client_ts_10z625~._.js GET /_next/static/chunks/%5Bturbopack%5D_browser_dev_hmr-client_hmr-client_ts_10z625~._.js
2026-04-07 00:35:32.8990|INFO|Incoming request GET /_next/static/chunks/node_modules_next_dist_compiled_react-server-dom-turbopack_0p3wegg._.js GET /_next/static/chunks/node_modules_next_dist_compiled_react-server-dom-turbopack_0p3wegg._.js
2026-04-07 00:35:32.9400|INFO|Incoming request GET /_next/static/chunks/node_modules_next_dist_compiled_0rpq4pf._.js GET /_next/static/chunks/node_modules_next_dist_compiled_0rpq4pf._.js
2026-04-07 00:35:32.9420|INFO|Incoming request GET /_next/static/chunks/node_modules_next_dist_client_0fhqo1d._.js GET /_next/static/chunks/node_modules_next_dist_client_0fhqo1d._.js
2026-04-07 00:35:32.9430|INFO|Incoming request GET /_next/static/chunks/node_modules_next_dist_115brz8._.js GET /_next/static/chunks/node_modules_next_dist_115brz8._.js
2026-04-07 00:35:32.9440|INFO|Incoming request GET /_next/static/chunks/node_modules_%40swc_helpers_cjs_0-4ujiy._.js GET /_next/static/chunks/node_modules_%40swc_helpers_cjs_0-4ujiy._.js
2026-04-07 00:35:32.9490|INFO|Incoming request GET /_next/static/chunks/_0rqeker._.js GET /_next/static/chunks/_0rqeker._.js
2026-04-07 00:35:32.9520|INFO|Incoming request GET /_next/static/chunks/turbopack-_0p44nws._.js GET /_next/static/chunks/turbopack-_0p44nws._.js
2026-04-07 00:35:32.9530|INFO|Incoming request GET /_next/static/chunks/node_modules_next_dist_07p5au~._.js GET /_next/static/chunks/node_modules_next_dist_07p5au~._.js
2026-04-07 00:35:32.9550|INFO|Incoming request GET /next.svg GET /next.svg
2026-04-07 00:35:32.9690|INFO|Incoming request GET /_next/static/chunks/%5Broot-of-the-server%5D__02nfq85._.css GET /_next/static/chunks/%5Broot-of-the-server%5D__02nfq85._.css
2026-04-07 00:35:32.9710|INFO|Incoming request GET /_next/static/chunks/%5Bturbopack%5D_browser_dev_hmr-client_hmr-client_ts_10z625~._.js GET /_next/static/chunks/%5Bturbopack%5D_browser_dev_hmr-client_hmr-client_ts_10z625~._.js
2026-04-07 00:35:32.9720|INFO|Incoming request GET /_next/static/chunks/node_modules_next_dist_compiled_next-devtools_index_0553esy.js GET /_next/static/chunks/node_modules_next_dist_compiled_next-devtools_index_0553esy.js
2026-04-07 00:35:32.9730|INFO|Incoming request GET /_next/static/chunks/node_modules_next_dist_compiled_react-dom_058-ah~._.js GET /_next/static/chunks/node_modules_next_dist_compiled_react-dom_058-ah~._.js
2026-04-07 00:35:33.0170|INFO|Incoming request GET /_next/static/chunks/node_modules_next_dist_compiled_react-server-dom-turbopack_0p3wegg._.js GET /_next/static/chunks/node_modules_next_dist_compiled_react-server-dom-turbopack_0p3wegg._.js
2026-04-07 00:35:33.0260|INFO|Incoming request GET / GET /
2026-04-07 00:35:33.0350|INFO|Incoming request GET /_next/static/chunks/node_modules_next_dist_compiled_0rpq4pf._.js GET /_next/static/chunks/node_modules_next_dist_compiled_0rpq4pf._.js
2026-04-07 00:35:33.2160|INFO|Incoming request GET /_next/static/chunks/node_modules_next_dist_client_0fhqo1d._.js GET /_next/static/chunks/node_modules_next_dist_client_0fhqo1d._.js
2026-04-07 00:35:33.2570|INFO|Incoming request GET /_next/static/chunks/node_modules_next_dist_115brz8._.js GET /_next/static/chunks/node_modules_next_dist_115brz8._.js
2026-04-07 00:35:33.2600|INFO|Incoming request GET / GET /
2026-04-07 00:35:33.2720|INFO|Incoming request GET /next.svg GET /next.svg
2026-04-07 00:35:33.2740|INFO|Incoming request GET /_next/static/chunks/%5Broot-of-the-server%5D__02nfq85._.css GET /_next/static/chunks/%5Broot-of-the-server%5D__02nfq85._.css
2026-04-07 00:35:33.2780|INFO|Incoming request GET /_next/static/chunks/node_modules_next_dist_compiled_next-devtools_index_0553esy.js GET /_next/static/chunks/node_modules_next_dist_compiled_next-devtools_index_0553esy.js
2026-04-07 00:35:33.4130|INFO|Incoming request GET /_next/static/chunks/node_modules_next_dist_compiled_react-dom_058-ah~._.js GET /_next/static/chunks/node_modules_next_dist_compiled_react-dom_058-ah~._.js
2026-04-07 00:35:33.4370|INFO|Incoming request GET /_next/static/chunks/node_modules_next_dist_compiled_react-server-dom-turbopack_0p3wegg._.js GET /_next/static/chunks/node_modules_next_dist_compiled_react-server-dom-turbopack_0p3wegg._.js
2026-04-07 00:35:33.5250|INFO|Incoming request GET /_next/static/chunks/%5Bturbopack%5D_browser_dev_hmr-client_hmr-client_ts_10z625~._.js GET /_next/static/chunks/%5Bturbopack%5D_browser_dev_hmr-client_hmr-client_ts_10z625~._.js
2026-04-07 00:35:33.5900|INFO|Incoming request GET /_next/static/chunks/node_modules_next_dist_compiled_0rpq4pf._.js GET /_next/static/chunks/node_modules_next_dist_compiled_0rpq4pf._.js
2026-04-07 00:35:33.5950|INFO|Incoming request GET / GET /
2026-04-07 00:35:33.5980|INFO|Incoming request GET /_next/static/chunks/%5Bturbopack%5D_browser_dev_hmr-client_hmr-client_ts_10z625~._.js GET /_next/static/chunks/%5Bturbopack%5D_browser_dev_hmr-client_hmr-client_ts_10z625~._.js
2026-04-07 00:35:33.6010|INFO|Incoming request GET /_next/static/chunks/node_modules_next_dist_compiled_next-devtools_index_0553esy.js GET /_next/static/chunks/node_modules_next_dist_compiled_next-devtools_index_0553esy.js
2026-04-07 00:35:33.6130|INFO|Incoming request GET /_next/static/chunks/%5Broot-of-the-server%5D__02nfq85._.css GET /_next/static/chunks/%5Broot-of-the-server%5D__02nfq85._.css
2026-04-07 00:35:33.7210|INFO|Incoming request GET /_next/static/chunks/node_modules_next_dist_compiled_react-dom_058-ah~._.js GET /_next/static/chunks/node_modules_next_dist_compiled_react-dom_058-ah~._.js
2026-04-07 00:35:33.8420|INFO|Incoming request GET /_next/static/chunks/node_modules_next_dist_compiled_react-server-dom-turbopack_0p3wegg._.js GET /_next/static/chunks/node_modules_next_dist_compiled_react-server-dom-turbopack_0p3wegg._.js
2026-04-07 00:35:33.8490|INFO|Incoming request GET /next.svg GET /next.svg
2026-04-07 00:35:33.8580|INFO|Incoming request GET /_next/static/chunks/node_modules_next_dist_compiled_0rpq4pf._.js GET /_next/static/chunks/node_modules_next_dist_compiled_0rpq4pf._.js
2026-04-07 00:35:33.8670|INFO|Incoming request GET /next.svg GET /next.svg
2026-04-07 00:35:33.9040|INFO|Incoming request GET /_next/static/chunks/node_modules_next_dist_compiled_next-devtools_index_0553esy.js GET /_next/static/chunks/node_modules_next_dist_compiled_next-devtools_index_0553esy.js
2026-04-07 00:35:33.9070|INFO|Incoming request GET /_next/static/chunks/%5Broot-of-the-server%5D__02nfq85._.css GET /_next/static/chunks/%5Broot-of-the-server%5D__02nfq85._.css
2026-04-07 00:35:33.9090|INFO|Incoming request GET /_next/static/chunks/node_modules_next_dist_compiled_react-dom_058-ah~._.js GET /_next/static/chunks/node_modules_next_dist_compiled_react-dom_058-ah~._.js
2026-04-07 00:35:33.9110|INFO|Incoming request GET /_next/static/chunks/node_modules_next_dist_compiled_react-server-dom-turbopack_0p3wegg._.js GET /_next/static/chunks/node_modules_next_dist_compiled_react-server-dom-turbopack_0p3wegg._.js
2026-04-07 00:35:33.9710|INFO|Incoming request GET /_next/static/chunks/%5Bturbopack%5D_browser_dev_hmr-client_hmr-client_ts_10z625~._.js GET /_next/static/chunks/%5Bturbopack%5D_browser_dev_hmr-client_hmr-client_ts_10z625~._.js
2026-04-07 00:35:33.9920|INFO|Incoming request GET /_next/static/chunks/node_modules_next_dist_compiled_0rpq4pf._.js GET /_next/static/chunks/node_modules_next_dist_compiled_0rpq4pf._.js
2026-04-07 00:35:34.0090|INFO|Incoming request GET /_next/static/chunks/node_modules_next_dist_client_0fhqo1d._.js GET /_next/static/chunks/node_modules_next_dist_client_0fhqo1d._.js
2026-04-07 00:35:34.0360|INFO|Incoming request GET / GET /
2026-04-07 00:35:34.0410|INFO|Incoming request GET /_next/static/chunks/node_modules_next_dist_115brz8._.js GET /_next/static/chunks/node_modules_next_dist_115brz8._.js
2026-04-07 00:35:34.2560|INFO|Incoming request GET /_next/static/chunks/node_modules_%40swc_helpers_cjs_0-4ujiy._.js GET /_next/static/chunks/node_modules_%40swc_helpers_cjs_0-4ujiy._.js
2026-04-07 00:35:34.3140|INFO|Incoming request GET /_next/static/chunks/_0rqeker._.js GET /_next/static/chunks/_0rqeker._.js
2026-04-07 00:35:34.3180|INFO|Incoming request GET /_next/static/chunks/turbopack-_0p44nws._.js GET /_next/static/chunks/turbopack-_0p44nws._.js
2026-04-07 00:35:34.3210|INFO|Incoming request GET /_next/static/chunks/node_modules_next_dist_client_components_builtin_global-error_002ye8~.js GET /_next/static/chunks/node_modules_next_dist_client_components_builtin_global-error_002ye8~.js
2026-04-07 00:35:34.3220|INFO|Incoming request GET /next.svg GET /next.svg
2026-04-07 00:35:34.3580|INFO|Incoming request GET /_next/static/chunks/%5Broot-of-the-server%5D__02nfq85._.css GET /_next/static/chunks/%5Broot-of-the-server%5D__02nfq85._.css
2026-04-07 00:35:34.3610|INFO|Incoming request GET /_next/static/chunks/node_modules_next_dist_compiled_next-devtools_index_0553esy.js GET /_next/static/chunks/node_modules_next_dist_compiled_next-devtools_index_0553esy.js
2026-04-07 00:35:34.3650|INFO|Incoming request GET /_next/static/chunks/node_modules_next_dist_compiled_react-dom_058-ah~._.js GET /_next/static/chunks/node_modules_next_dist_compiled_react-dom_058-ah~._.js
2026-04-07 00:35:34.3670|INFO|Incoming request GET /_next/static/chunks/%5Bturbopack%5D_browser_dev_hmr-client_hmr-client_ts_10z625~._.js GET /_next/static/chunks/%5Bturbopack%5D_browser_dev_hmr-client_hmr-client_ts_10z625~._.js
2026-04-07 00:35:34.4380|INFO|Incoming request GET / GET /
2026-04-07 00:35:34.5020|INFO|Incoming request GET /_next/static/chunks/node_modules_next_dist_compiled_react-server-dom-turbopack_0p3wegg._.js GET /_next/static/chunks/node_modules_next_dist_compiled_react-server-dom-turbopack_0p3wegg._.js
2026-04-07 00:35:34.5750|INFO|Incoming request GET /_next/static/chunks/node_modules_next_dist_compiled_0rpq4pf._.js GET /_next/static/chunks/node_modules_next_dist_compiled_0rpq4pf._.js
2026-04-07 00:35:34.7490|INFO|Incoming request GET /_next/static/chunks/node_modules_next_dist_client_0fhqo1d._.js GET /_next/static/chunks/node_modules_next_dist_client_0fhqo1d._.js
2026-04-07 00:35:34.7520|INFO|Incoming request GET /_next/static/chunks/node_modules_next_dist_115brz8._.js GET /_next/static/chunks/node_modules_next_dist_115brz8._.js
2026-04-07 00:35:34.7830|INFO|Incoming request GET /_next/static/chunks/node_modules_%40swc_helpers_cjs_0-4ujiy._.js GET /_next/static/chunks/node_modules_%40swc_helpers_cjs_0-4ujiy._.js
2026-04-07 00:35:34.7940|INFO|Incoming request GET /_next/static/chunks/_0rqeker._.js GET /_next/static/chunks/_0rqeker._.js
2026-04-07 00:35:34.7960|INFO|Incoming request GET /next.svg GET /next.svg
2026-04-07 00:35:34.8050|INFO|Incoming request GET /_next/static/chunks/%5Broot-of-the-server%5D__02nfq85._.css GET /_next/static/chunks/%5Broot-of-the-server%5D__02nfq85._.css
2026-04-07 00:35:34.8070|INFO|Incoming request GET /_next/static/chunks/node_modules_next_dist_compiled_next-devtools_index_0553esy.js GET /_next/static/chunks/node_modules_next_dist_compiled_next-devtools_index_0553esy.js
2026-04-07 00:35:34.8090|INFO|Incoming request GET /_next/static/chunks/node_modules_next_dist_compiled_react-dom_058-ah~._.js GET /_next/static/chunks/node_modules_next_dist_compiled_react-dom_058-ah~._.js
2026-04-07 00:35:34.8110|INFO|Incoming request GET /_next/static/chunks/%5Bturbopack%5D_browser_dev_hmr-client_hmr-client_ts_10z625~._.js GET /_next/static/chunks/%5Bturbopack%5D_browser_dev_hmr-client_hmr-client_ts_10z625~._.js
2026-04-07 00:35:34.8510|INFO|Incoming request GET / GET /
2026-04-07 00:35:34.8710|INFO|Incoming request GET /_next/static/chunks/node_modules_next_dist_compiled_react-server-dom-turbopack_0p3wegg._.js GET /_next/static/chunks/node_modules_next_dist_compiled_react-server-dom-turbopack_0p3wegg._.js
2026-04-07 00:35:35.2170|INFO|Incoming request GET /_next/static/chunks/node_modules_next_dist_compiled_0rpq4pf._.js GET /_next/static/chunks/node_modules_next_dist_compiled_0rpq4pf._.js
2026-04-07 00:35:35.3080|INFO|Incoming request GET /_next/static/chunks/node_modules_next_dist_client_0fhqo1d._.js GET /_next/static/chunks/node_modules_next_dist_client_0fhqo1d._.js
2026-04-07 00:35:35.3220|INFO|Incoming request GET /_next/static/chunks/node_modules_next_dist_115brz8._.js GET /_next/static/chunks/node_modules_next_dist_115brz8._.js
2026-04-07 00:35:35.3470|INFO|Incoming request GET /next.svg GET /next.svg
2026-04-07 00:35:35.3590|INFO|Incoming request GET /_next/static/chunks/%5Broot-of-the-server%5D__02nfq85._.css GET /_next/static/chunks/%5Broot-of-the-server%5D__02nfq85._.css
2026-04-07 00:35:35.3620|INFO|Incoming request GET /_next/static/chunks/node_modules_next_dist_compiled_next-devtools_index_0553esy.js GET /_next/static/chunks/node_modules_next_dist_compiled_next-devtools_index_0553esy.js
2026-04-07 00:35:35.3750|INFO|Incoming request GET /_next/static/chunks/node_modules_next_dist_compiled_react-dom_058-ah~._.js GET /_next/static/chunks/node_modules_next_dist_compiled_react-dom_058-ah~._.js
2026-04-07 00:35:35.3910|INFO|Incoming request GET /_next/static/chunks/%5Bturbopack%5D_browser_dev_hmr-client_hmr-client_ts_10z625~._.js GET /_next/static/chunks/%5Bturbopack%5D_browser_dev_hmr-client_hmr-client_ts_10z625~._.js
2026-04-07 00:35:35.4210|INFO|Incoming request GET /_next/static/chunks/node_modules_next_dist_compiled_react-server-dom-turbopack_0p3wegg._.js GET /_next/static/chunks/node_modules_next_dist_compiled_react-server-dom-turbopack_0p3wegg._.js
2026-04-07 00:35:35.4440|INFO|Incoming request GET /_next/static/chunks/node_modules_next_dist_compiled_0rpq4pf._.js GET /_next/static/chunks/node_modules_next_dist_compiled_0rpq4pf._.js
2026-04-07 00:35:35.4690|INFO|Incoming request GET / GET /
2026-04-07 00:35:35.4930|INFO|Incoming request GET /_next/static/chunks/node_modules_next_dist_client_0fhqo1d._.js GET /_next/static/chunks/node_modules_next_dist_client_0fhqo1d._.js
2026-04-07 00:35:35.5840|INFO|Incoming request GET /_next/static/chunks/node_modules_next_dist_115brz8._.js GET /_next/static/chunks/node_modules_next_dist_115brz8._.js
2026-04-07 00:35:35.7020|INFO|Incoming request GET /_next/static/chunks/node_modules_%40swc_helpers_cjs_0-4ujiy._.js GET /_next/static/chunks/node_modules_%40swc_helpers_cjs_0-4ujiy._.js
2026-04-07 00:35:35.7050|INFO|Incoming request GET /next.svg GET /next.svg
2026-04-07 00:35:35.7230|INFO|Incoming request GET /_next/static/chunks/node_modules_next_dist_compiled_next-devtools_index_0553esy.js GET /_next/static/chunks/node_modules_next_dist_compiled_next-devtools_index_0553esy.js
2026-04-07 00:35:35.7250|INFO|Incoming request GET /_next/static/chunks/node_modules_next_dist_compiled_react-dom_058-ah~._.js GET /_next/static/chunks/node_modules_next_dist_compiled_react-dom_058-ah~._.js
2026-04-07 00:35:35.7270|INFO|Incoming request GET /_next/static/chunks/%5Broot-of-the-server%5D__02nfq85._.css GET /_next/static/chunks/%5Broot-of-the-server%5D__02nfq85._.css
2026-04-07 00:35:35.7300|INFO|Incoming request GET /_next/static/chunks/%5Bturbopack%5D_browser_dev_hmr-client_hmr-client_ts_10z625~._.js GET /_next/static/chunks/%5Bturbopack%5D_browser_dev_hmr-client_hmr-client_ts_10z625~._.js
2026-04-07 00:35:35.7840|INFO|Incoming request GET /_next/static/chunks/node_modules_next_dist_compiled_react-server-dom-turbopack_0p3wegg._.js GET /_next/static/chunks/node_modules_next_dist_compiled_react-server-dom-turbopack_0p3wegg._.js
2026-04-07 00:35:35.8070|INFO|Incoming request GET /_next/static/chunks/node_modules_next_dist_compiled_0rpq4pf._.js GET /_next/static/chunks/node_modules_next_dist_compiled_0rpq4pf._.js
2026-04-07 00:35:35.8180|INFO|Incoming request GET /_next/static/chunks/node_modules_next_dist_client_0fhqo1d._.js GET /_next/static/chunks/node_modules_next_dist_client_0fhqo1d._.js
2026-04-07 00:35:35.8530|INFO|Incoming request GET / GET /
2026-04-07 00:35:35.8740|INFO|Incoming request GET /_next/static/chunks/node_modules_next_dist_115brz8._.js GET /_next/static/chunks/node_modules_next_dist_115brz8._.js
2026-04-07 00:35:36.0750|INFO|Incoming request GET /_next/static/chunks/node_modules_%40swc_helpers_cjs_0-4ujiy._.js GET /_next/static/chunks/node_modules_%40swc_helpers_cjs_0-4ujiy._.js
2026-04-07 00:35:36.1030|INFO|Incoming request GET /_next/static/chunks/_0rqeker._.js GET /_next/static/chunks/_0rqeker._.js
2026-04-07 00:35:36.1050|INFO|Incoming request GET /_next/static/chunks/src_app_layout_tsx_004glpo._.js GET /_next/static/chunks/src_app_layout_tsx_004glpo._.js
2026-04-07 00:35:36.1070|INFO|Incoming request GET / GET /
2026-04-07 00:35:36.1080|INFO|Incoming request GET /next.svg GET /next.svg
2026-04-07 00:35:36.1300|INFO|Incoming request GET /_next/static/chunks/%5Broot-of-the-server%5D__02nfq85._.css GET /_next/static/chunks/%5Broot-of-the-server%5D__02nfq85._.css
2026-04-07 00:35:36.1340|INFO|Incoming request GET /_next/static/chunks/node_modules_next_dist_compiled_next-devtools_index_0553esy.js GET /_next/static/chunks/node_modules_next_dist_compiled_next-devtools_index_0553esy.js
2026-04-07 00:35:36.1360|INFO|Incoming request GET /_next/static/chunks/node_modules_next_dist_compiled_react-dom_058-ah~._.js GET /_next/static/chunks/node_modules_next_dist_compiled_react-dom_058-ah~._.js
2026-04-07 00:35:36.3310|INFO|Incoming request GET /_next/static/chunks/%5Bturbopack%5D_browser_dev_hmr-client_hmr-client_ts_10z625~._.js GET /_next/static/chunks/%5Bturbopack%5D_browser_dev_hmr-client_hmr-client_ts_10z625~._.js
2026-04-07 00:35:36.3850|INFO|Incoming request GET /_next/static/chunks/node_modules_next_dist_compiled_react-server-dom-turbopack_0p3wegg._.js GET /_next/static/chunks/node_modules_next_dist_compiled_react-server-dom-turbopack_0p3wegg._.js
2026-04-07 00:35:36.4270|INFO|Incoming request GET /_next/static/chunks/node_modules_next_dist_client_0fhqo1d._.js GET /_next/static/chunks/node_modules_next_dist_client_0fhqo1d._.js
2026-04-07 00:35:36.4410|INFO|Incoming request GET /next.svg GET /next.svg
2026-04-07 00:35:36.4470|INFO|Incoming request GET /_next/static/chunks/%5Broot-of-the-server%5D__02nfq85._.css GET /_next/static/chunks/%5Broot-of-the-server%5D__02nfq85._.css
2026-04-07 00:35:36.4510|INFO|Incoming request GET /_next/static/chunks/%5Bturbopack%5D_browser_dev_hmr-client_hmr-client_ts_10z625~._.js GET /_next/static/chunks/%5Bturbopack%5D_browser_dev_hmr-client_hmr-client_ts_10z625~._.js
2026-04-07 00:35:36.4540|INFO|Incoming request GET /_next/static/chunks/node_modules_next_dist_compiled_next-devtools_index_0553esy.js GET /_next/static/chunks/node_modules_next_dist_compiled_next-devtools_index_0553esy.js
2026-04-07 00:35:36.4680|INFO|Incoming request GET /_next/static/chunks/node_modules_next_dist_compiled_react-dom_058-ah~._.js GET /_next/static/chunks/node_modules_next_dist_compiled_react-dom_058-ah~._.js
2026-04-07 00:35:36.4990|INFO|Incoming request GET / GET /
2026-04-07 00:35:36.7610|INFO|Incoming request GET /_next/static/chunks/node_modules_next_dist_compiled_react-server-dom-turbopack_0p3wegg._.js GET /_next/static/chunks/node_modules_next_dist_compiled_react-server-dom-turbopack_0p3wegg._.js
2026-04-07 00:35:36.7740|INFO|Incoming request GET /_next/static/chunks/node_modules_next_dist_compiled_0rpq4pf._.js GET /_next/static/chunks/node_modules_next_dist_compiled_0rpq4pf._.js
2026-04-07 00:35:36.8870|INFO|Incoming request GET /_next/static/chunks/node_modules_next_dist_client_0fhqo1d._.js GET /_next/static/chunks/node_modules_next_dist_client_0fhqo1d._.js
2026-04-07 00:35:36.9150|INFO|Incoming request GET /_next/static/chunks/node_modules_next_dist_115brz8._.js GET /_next/static/chunks/node_modules_next_dist_115brz8._.js
2026-04-07 00:35:36.9180|INFO|Incoming request GET / GET /
2026-04-07 00:35:36.9200|INFO|Incoming request GET /next.svg GET /next.svg
2026-04-07 00:35:36.9270|INFO|Incoming request GET /_next/static/chunks/%5Broot-of-the-server%5D__02nfq85._.css GET /_next/static/chunks/%5Broot-of-the-server%5D__02nfq85._.css
2026-04-07 00:35:36.9280|INFO|Incoming request GET /_next/static/chunks/node_modules_next_dist_compiled_next-devtools_index_0553esy.js GET /_next/static/chunks/node_modules_next_dist_compiled_next-devtools_index_0553esy.js
2026-04-07 00:35:36.9310|INFO|Incoming request GET /_next/static/chunks/node_modules_next_dist_compiled_react-dom_058-ah~._.js GET /_next/static/chunks/node_modules_next_dist_compiled_react-dom_058-ah~._.js
2026-04-07 00:35:37.0760|INFO|Incoming request GET /_next/static/chunks/node_modules_next_dist_compiled_react-server-dom-turbopack_0p3wegg._.js GET /_next/static/chunks/node_modules_next_dist_compiled_react-server-dom-turbopack_0p3wegg._.js
2026-04-07 00:35:37.2360|INFO|Incoming request GET /_next/static/chunks/%5Bturbopack%5D_browser_dev_hmr-client_hmr-client_ts_10z625~._.js GET /_next/static/chunks/%5Bturbopack%5D_browser_dev_hmr-client_hmr-client_ts_10z625~._.js
2026-04-07 00:35:37.2400|INFO|Incoming request GET /_next/static/chunks/node_modules_next_dist_compiled_0rpq4pf._.js GET /_next/static/chunks/node_modules_next_dist_compiled_0rpq4pf._.js
2026-04-07 00:35:37.2580|INFO|Incoming request GET /_next/static/chunks/%5Bturbopack%5D_browser_dev_hmr-client_hmr-client_ts_10z625~._.js GET /_next/static/chunks/%5Bturbopack%5D_browser_dev_hmr-client_hmr-client_ts_10z625~._.js
2026-04-07 00:35:37.2600|INFO|Incoming request GET /_next/static/chunks/node_modules_next_dist_compiled_next-devtools_index_0553esy.js GET /_next/static/chunks/node_modules_next_dist_compiled_next-devtools_index_0553esy.js
2026-04-07 00:35:37.2730|INFO|Incoming request GET /_next/static/chunks/%5Broot-of-the-server%5D__02nfq85._.css GET /_next/static/chunks/%5Broot-of-the-server%5D__02nfq85._.css
2026-04-07 00:35:37.2840|INFO|Incoming request GET /_next/static/chunks/node_modules_next_dist_compiled_react-dom_058-ah~._.js GET /_next/static/chunks/node_modules_next_dist_compiled_react-dom_058-ah~._.js
2026-04-07 00:35:37.2900|INFO|Incoming request GET / GET /
2026-04-07 00:35:37.4680|INFO|Incoming request GET /_next/static/chunks/node_modules_next_dist_compiled_react-server-dom-turbopack_0p3wegg._.js GET /_next/static/chunks/node_modules_next_dist_compiled_react-server-dom-turbopack_0p3wegg._.js
2026-04-07 00:35:37.5020|INFO|Incoming request GET /next.svg GET /next.svg
2026-04-07 00:35:37.5420|INFO|Incoming request GET /_next/static/chunks/node_modules_next_dist_compiled_0rpq4pf._.js GET /_next/static/chunks/node_modules_next_dist_compiled_0rpq4pf._.js
2026-04-07 00:35:37.5860|INFO|Incoming request GET /_next/static/chunks/node_modules_next_dist_client_0fhqo1d._.js GET /_next/static/chunks/node_modules_next_dist_client_0fhqo1d._.js
2026-04-07 00:35:37.5970|INFO|Incoming request GET /next.svg GET /next.svg
2026-04-07 00:35:37.6370|INFO|Incoming request GET /_next/static/chunks/node_modules_next_dist_compiled_next-devtools_index_0553esy.js GET /_next/static/chunks/node_modules_next_dist_compiled_next-devtools_index_0553esy.js
2026-04-07 00:35:37.6400|INFO|Incoming request GET /_next/static/chunks/%5Broot-of-the-server%5D__02nfq85._.css GET /_next/static/chunks/%5Broot-of-the-server%5D__02nfq85._.css
2026-04-07 00:35:37.6420|INFO|Incoming request GET /_next/static/chunks/node_modules_next_dist_compiled_react-dom_058-ah~._.js GET /_next/static/chunks/node_modules_next_dist_compiled_react-dom_058-ah~._.js
2026-04-07 00:35:37.6440|INFO|Incoming request GET /_next/static/chunks/node_modules_next_dist_compiled_react-server-dom-turbopack_0p3wegg._.js GET /_next/static/chunks/node_modules_next_dist_compiled_react-server-dom-turbopack_0p3wegg._.js
2026-04-07 00:35:37.7040|INFO|Incoming request GET / GET /
2026-04-07 00:35:37.7070|INFO|Incoming request GET /_next/static/chunks/%5Bturbopack%5D_browser_dev_hmr-client_hmr-client_ts_10z625~._.js GET /_next/static/chunks/%5Bturbopack%5D_browser_dev_hmr-client_hmr-client_ts_10z625~._.js
2026-04-07 00:35:37.9220|INFO|Incoming request GET /vercel.svg GET /vercel.svg
2026-04-07 00:35:37.9460|INFO|Incoming request GET /_next/static/chunks/node_modules_next_dist_compiled_0rpq4pf._.js GET /_next/static/chunks/node_modules_next_dist_compiled_0rpq4pf._.js
2026-04-07 00:35:38.0770|INFO|Incoming request GET /_next/static/chunks/node_modules_next_dist_client_0fhqo1d._.js GET /_next/static/chunks/node_modules_next_dist_client_0fhqo1d._.js
2026-04-07 00:35:38.1230|INFO|Incoming request GET / GET /
2026-04-07 00:35:38.1250|INFO|Incoming request GET /next.svg GET /next.svg
2026-04-07 00:35:38.1350|INFO|Incoming request GET /_next/static/chunks/%5Broot-of-the-server%5D__02nfq85._.css GET /_next/static/chunks/%5Broot-of-the-server%5D__02nfq85._.css
2026-04-07 00:35:38.1370|INFO|Incoming request GET /_next/static/chunks/node_modules_next_dist_compiled_next-devtools_index_0553esy.js GET /_next/static/chunks/node_modules_next_dist_compiled_next-devtools_index_0553esy.js
2026-04-07 00:35:38.1390|INFO|Incoming request GET /_next/static/chunks/node_modules_next_dist_compiled_react-dom_058-ah~._.js GET /_next/static/chunks/node_modules_next_dist_compiled_react-dom_058-ah~._.js
2026-04-07 00:35:38.2880|INFO|Incoming request GET /_next/static/chunks/%5Bturbopack%5D_browser_dev_hmr-client_hmr-client_ts_10z625~._.js GET /_next/static/chunks/%5Bturbopack%5D_browser_dev_hmr-client_hmr-client_ts_10z625~._.js
2026-04-07 00:35:38.3570|INFO|Incoming request GET /_next/static/chunks/node_modules_next_dist_compiled_react-server-dom-turbopack_0p3wegg._.js GET /_next/static/chunks/node_modules_next_dist_compiled_react-server-dom-turbopack_0p3wegg._.js
2026-04-07 00:35:38.4160|INFO|Incoming request GET /_next/static/chunks/node_modules_next_dist_compiled_0rpq4pf._.js GET /_next/static/chunks/node_modules_next_dist_compiled_0rpq4pf._.js
2026-04-07 00:35:38.4200|INFO|Incoming request GET /_next/static/chunks/node_modules_next_dist_client_0fhqo1d._.js GET /_next/static/chunks/node_modules_next_dist_client_0fhqo1d._.js
2026-04-07 00:35:38.4220|INFO|Incoming request GET /_next/static/chunks/node_modules_next_dist_115brz8._.js GET /_next/static/chunks/node_modules_next_dist_115brz8._.js
2026-04-07 00:35:38.4240|INFO|Incoming request GET /_next/static/chunks/node_modules_%40swc_helpers_cjs_0-4ujiy._.js GET /_next/static/chunks/node_modules_%40swc_helpers_cjs_0-4ujiy._.js
2026-04-07 00:35:38.4270|INFO|Incoming request GET /_next/static/chunks/src_app_layout_tsx_004glpo._.js GET /_next/static/chunks/src_app_layout_tsx_004glpo._.js
2026-04-07 00:35:38.4290|INFO|Incoming request GET /_next/static/chunks/node_modules_next_dist_07p5au~._.js GET /_next/static/chunks/node_modules_next_dist_07p5au~._.js
2026-04-07 00:35:38.4340|INFO|Incoming request GET /next.svg GET /next.svg
2026-04-07 00:35:38.4430|INFO|Incoming request GET /_next/static/chunks/%5Bturbopack%5D_browser_dev_hmr-client_hmr-client_ts_10z625~._.js GET /_next/static/chunks/%5Bturbopack%5D_browser_dev_hmr-client_hmr-client_ts_10z625~._.js
2026-04-07 00:35:38.4480|INFO|Incoming request GET /_next/static/chunks/node_modules_next_dist_compiled_next-devtools_index_0553esy.js GET /_next/static/chunks/node_modules_next_dist_compiled_next-devtools_index_0553esy.js
2026-04-07 00:35:38.4510|INFO|Incoming request GET /_next/static/chunks/node_modules_next_dist_compiled_react-dom_058-ah~._.js GET /_next/static/chunks/node_modules_next_dist_compiled_react-dom_058-ah~._.js
2026-04-07 00:35:38.4600|INFO|Incoming request GET /_next/static/chunks/%5Broot-of-the-server%5D__02nfq85._.css GET /_next/static/chunks/%5Broot-of-the-server%5D__02nfq85._.css
2026-04-07 00:35:38.4850|INFO|Incoming request GET / GET /
2026-04-07 00:35:38.6170|INFO|Incoming request GET /_next/static/chunks/node_modules_next_dist_compiled_react-server-dom-turbopack_0p3wegg._.js GET /_next/static/chunks/node_modules_next_dist_compiled_react-server-dom-turbopack_0p3wegg._.js
2026-04-07 00:35:38.6380|INFO|Incoming request GET /_next/static/chunks/node_modules_next_dist_compiled_0rpq4pf._.js GET /_next/static/chunks/node_modules_next_dist_compiled_0rpq4pf._.js
2026-04-07 00:35:38.7330|INFO|Incoming request GET /_next/static/chunks/node_modules_next_dist_client_0fhqo1d._.js GET /_next/static/chunks/node_modules_next_dist_client_0fhqo1d._.js
2026-04-07 00:35:38.7410|INFO|Incoming request GET /_next/static/chunks/node_modules_next_dist_115brz8._.js GET /_next/static/chunks/node_modules_next_dist_115brz8._.js
2026-04-07 00:35:38.7530|INFO|Incoming request GET /next.svg GET /next.svg
2026-04-07 00:35:38.7550|INFO|Incoming request GET /_next/static/chunks/%5Broot-of-the-server%5D__02nfq85._.css GET /_next/static/chunks/%5Broot-of-the-server%5D__02nfq85._.css
2026-04-07 00:35:38.7570|INFO|Incoming request GET /_next/static/chunks/node_modules_next_dist_compiled_next-devtools_index_0553esy.js GET /_next/static/chunks/node_modules_next_dist_compiled_next-devtools_index_0553esy.js
2026-04-07 00:35:38.7600|INFO|Incoming request GET /_next/static/chunks/node_modules_next_dist_compiled_react-dom_058-ah~._.js GET /_next/static/chunks/node_modules_next_dist_compiled_react-dom_058-ah~._.js
2026-04-07 00:35:38.7740|INFO|Incoming request GET /_next/static/chunks/node_modules_next_dist_compiled_react-server-dom-turbopack_0p3wegg._.js GET /_next/static/chunks/node_modules_next_dist_compiled_react-server-dom-turbopack_0p3wegg._.js
2026-04-07 00:35:38.8140|INFO|Incoming request GET /_next/static/chunks/%5Bturbopack%5D_browser_dev_hmr-client_hmr-client_ts_10z625~._.js GET /_next/static/chunks/%5Bturbopack%5D_browser_dev_hmr-client_hmr-client_ts_10z625~._.js
2026-04-07 00:35:38.8260|INFO|Incoming request GET /_next/static/chunks/node_modules_next_dist_compiled_0rpq4pf._.js GET /_next/static/chunks/node_modules_next_dist_compiled_0rpq4pf._.js
2026-04-07 00:35:38.8850|INFO|Incoming request GET / GET /
2026-04-07 00:35:38.8930|INFO|Incoming request GET /_next/static/chunks/node_modules_next_dist_client_0fhqo1d._.js GET /_next/static/chunks/node_modules_next_dist_client_0fhqo1d._.js
2026-04-07 00:35:39.0800|INFO|Incoming request GET /_next/static/chunks/node_modules_next_dist_115brz8._.js GET /_next/static/chunks/node_modules_next_dist_115brz8._.js
2026-04-07 00:35:39.1310|INFO|Incoming request GET /_next/static/chunks/node_modules_%40swc_helpers_cjs_0-4ujiy._.js GET /_next/static/chunks/node_modules_%40swc_helpers_cjs_0-4ujiy._.js
2026-04-07 00:35:39.2010|INFO|Incoming request GET /_next/static/chunks/_0rqeker._.js GET /_next/static/chunks/_0rqeker._.js
2026-04-07 00:35:39.2050|INFO|Incoming request GET /next.svg GET /next.svg
2026-04-07 00:35:39.2190|INFO|Incoming request GET /_next/static/chunks/%5Broot-of-the-server%5D__02nfq85._.css GET /_next/static/chunks/%5Broot-of-the-server%5D__02nfq85._.css
2026-04-07 00:35:39.2220|INFO|Incoming request GET /_next/static/chunks/node_modules_next_dist_compiled_next-devtools_index_0553esy.js GET /_next/static/chunks/node_modules_next_dist_compiled_next-devtools_index_0553esy.js
2026-04-07 00:35:39.2260|INFO|Incoming request GET /_next/static/chunks/node_modules_next_dist_compiled_react-dom_058-ah~._.js GET /_next/static/chunks/node_modules_next_dist_compiled_react-dom_058-ah~._.js
2026-04-07 00:35:39.2460|INFO|Incoming request GET /_next/static/chunks/%5Bturbopack%5D_browser_dev_hmr-client_hmr-client_ts_10z625~._.js GET /_next/static/chunks/%5Bturbopack%5D_browser_dev_hmr-client_hmr-client_ts_10z625~._.js
2026-04-07 00:35:39.2950|INFO|Incoming request GET /_next/static/chunks/node_modules_next_dist_compiled_react-server-dom-turbopack_0p3wegg._.js GET /_next/static/chunks/node_modules_next_dist_compiled_react-server-dom-turbopack_0p3wegg._.js
2026-04-07 00:35:39.3140|INFO|Incoming request GET /_next/static/chunks/node_modules_next_dist_compiled_0rpq4pf._.js GET /_next/static/chunks/node_modules_next_dist_compiled_0rpq4pf._.js
2026-04-07 00:35:39.3500|INFO|Incoming request GET / GET /
2026-04-07 00:35:39.3810|INFO|Incoming request GET /_next/static/chunks/node_modules_next_dist_client_0fhqo1d._.js GET /_next/static/chunks/node_modules_next_dist_client_0fhqo1d._.js
2026-04-07 00:35:39.4740|INFO|Incoming request GET /_next/static/chunks/node_modules_next_dist_115brz8._.js GET /_next/static/chunks/node_modules_next_dist_115brz8._.js
2026-04-07 00:35:39.4830|INFO|Incoming request GET /_next/static/chunks/node_modules_%40swc_helpers_cjs_0-4ujiy._.js GET /_next/static/chunks/node_modules_%40swc_helpers_cjs_0-4ujiy._.js
2026-04-07 00:35:39.5960|INFO|Incoming request GET /_next/static/chunks/_0rqeker._.js GET /_next/static/chunks/_0rqeker._.js
2026-04-07 00:35:39.6010|INFO|Incoming request GET /_next/static/chunks/turbopack-_0p44nws._.js GET /_next/static/chunks/turbopack-_0p44nws._.js
2026-04-07 00:35:39.6030|INFO|Incoming request GET /next.svg GET /next.svg
2026-04-07 00:35:39.6170|INFO|Incoming request GET /_next/static/chunks/%5Broot-of-the-server%5D__02nfq85._.css GET /_next/static/chunks/%5Broot-of-the-server%5D__02nfq85._.css
2026-04-07 00:35:39.6210|INFO|Incoming request GET /_next/static/chunks/node_modules_next_dist_compiled_next-devtools_index_0553esy.js GET /_next/static/chunks/node_modules_next_dist_compiled_next-devtools_index_0553esy.js
2026-04-07 00:35:39.6270|INFO|Incoming request GET /_next/static/chunks/%5Bturbopack%5D_browser_dev_hmr-client_hmr-client_ts_10z625~._.js GET /_next/static/chunks/%5Bturbopack%5D_browser_dev_hmr-client_hmr-client_ts_10z625~._.js
2026-04-07 00:35:39.6320|INFO|Incoming request GET /_next/static/chunks/node_modules_next_dist_compiled_react-dom_058-ah~._.js GET /_next/static/chunks/node_modules_next_dist_compiled_react-dom_058-ah~._.js
2026-04-07 00:35:39.7150|INFO|Incoming request GET / GET /
2026-04-07 00:35:39.7270|INFO|Incoming request GET /_next/static/chunks/node_modules_next_dist_compiled_react-server-dom-turbopack_0p3wegg._.js GET /_next/static/chunks/node_modules_next_dist_compiled_react-server-dom-turbopack_0p3wegg._.js
2026-04-07 00:35:39.7390|INFO|Incoming request GET /_next/static/chunks/node_modules_next_dist_compiled_0rpq4pf._.js GET /_next/static/chunks/node_modules_next_dist_compiled_0rpq4pf._.js
2026-04-07 00:35:39.9600|INFO|Incoming request GET /_next/static/chunks/node_modules_next_dist_client_0fhqo1d._.js GET /_next/static/chunks/node_modules_next_dist_client_0fhqo1d._.js
2026-04-07 00:35:39.9680|INFO|Incoming request GET /_next/static/chunks/node_modules_next_dist_115brz8._.js GET /_next/static/chunks/node_modules_next_dist_115brz8._.js
2026-04-07 00:35:39.9860|INFO|Incoming request GET /_next/static/chunks/node_modules_%40swc_helpers_cjs_0-4ujiy._.js GET /_next/static/chunks/node_modules_%40swc_helpers_cjs_0-4ujiy._.js
2026-04-07 00:35:40.0010|INFO|Incoming request GET /_next/static/chunks/_0rqeker._.js GET /_next/static/chunks/_0rqeker._.js
2026-04-07 00:35:40.0180|INFO|Incoming request GET /next.svg GET /next.svg
2026-04-07 00:35:40.0220|INFO|Incoming request GET /_next/static/chunks/node_modules_next_dist_compiled_next-devtools_index_0553esy.js GET /_next/static/chunks/node_modules_next_dist_compiled_next-devtools_index_0553esy.js
2026-04-07 00:35:40.0250|INFO|Incoming request GET /_next/static/chunks/%5Broot-of-the-server%5D__02nfq85._.css GET /_next/static/chunks/%5Broot-of-the-server%5D__02nfq85._.css
2026-04-07 00:35:40.0280|INFO|Incoming request GET /_next/static/chunks/node_modules_next_dist_compiled_react-dom_058-ah~._.js GET /_next/static/chunks/node_modules_next_dist_compiled_react-dom_058-ah~._.js
2026-04-07 00:35:40.0700|INFO|Incoming request GET /_next/static/chunks/%5Bturbopack%5D_browser_dev_hmr-client_hmr-client_ts_10z625~._.js GET /_next/static/chunks/%5Bturbopack%5D_browser_dev_hmr-client_hmr-client_ts_10z625~._.js
2026-04-07 00:35:40.1150|INFO|Incoming request GET /_next/static/chunks/node_modules_next_dist_compiled_react-server-dom-turbopack_0p3wegg._.js GET /_next/static/chunks/node_modules_next_dist_compiled_react-server-dom-turbopack_0p3wegg._.js
2026-04-07 00:35:40.1470|INFO|Incoming request GET /_next/static/chunks/node_modules_next_dist_compiled_0rpq4pf._.js GET /_next/static/chunks/node_modules_next_dist_compiled_0rpq4pf._.js
2026-04-07 00:35:40.2750|INFO|Incoming request GET /_next/static/chunks/node_modules_next_dist_client_0fhqo1d._.js GET /_next/static/chunks/node_modules_next_dist_client_0fhqo1d._.js
2026-04-07 00:35:40.3230|INFO|Incoming request GET /_next/static/chunks/node_modules_next_dist_115brz8._.js GET /_next/static/chunks/node_modules_next_dist_115brz8._.js
2026-04-07 00:35:40.3990|INFO|Incoming request GET /_next/static/chunks/node_modules_%40swc_helpers_cjs_0-4ujiy._.js GET /_next/static/chunks/node_modules_%40swc_helpers_cjs_0-4ujiy._.js
2026-04-07 00:35:40.4210|INFO|Incoming request GET /_next/static/chunks/_0rqeker._.js GET /_next/static/chunks/_0rqeker._.js
2026-04-07 00:35:40.5730|INFO|Incoming request GET /_next/static/chunks/turbopack-_0p44nws._.js GET /_next/static/chunks/turbopack-_0p44nws._.js
2026-04-07 00:35:40.5800|INFO|Incoming request GET /_next/static/chunks/node_modules_next_dist_0tt2wve._.js GET /_next/static/chunks/node_modules_next_dist_0tt2wve._.js
2026-04-07 00:35:40.5900|INFO|Incoming request GET /_next/static/chunks/src_app_layout_tsx_004glpo._.js GET /_next/static/chunks/src_app_layout_tsx_004glpo._.js
2026-04-07 00:35:40.6070|INFO|Incoming request GET /_next/static/chunks/node_modules_next_dist_07p5au~._.js GET /_next/static/chunks/node_modules_next_dist_07p5au~._.js
2026-04-07 00:35:40.8000|INFO|Incoming request GET /_next/static/chunks/src_app_page_tsx_002ye8~._.js GET /_next/static/chunks/src_app_page_tsx_002ye8~._.js
2026-04-07 00:35:40.8260|INFO|Incoming request GET /vercel.svg GET /vercel.svg
2026-04-07 00:35:40.8940|INFO|Incoming request GET /_next/static/chunks/node_modules_next_dist_client_components_builtin_global-error_002ye8~.js GET /_next/static/chunks/node_modules_next_dist_client_components_builtin_global-error_002ye8~.js
2026-04-07 00:35:40.9680|INFO|Incoming request GET /_next/static/chunks/%5Bturbopack%5D_browser_dev_hmr-client_hmr-client_ts_0yjw1oe._.js GET /_next/static/chunks/%5Bturbopack%5D_browser_dev_hmr-client_hmr-client_ts_0yjw1oe._.js
2026-04-07 00:35:40.9940|INFO|Incoming request GET /_next/static/chunks/%5Bturbopack%5D_browser_dev_hmr-client_hmr-client_ts_10mygs7._.js GET /_next/static/chunks/%5Bturbopack%5D_browser_dev_hmr-client_hmr-client_ts_10mygs7._.js
2026-04-07 00:35:41.0210|INFO|Incoming request GET / GET /
2026-04-07 00:35:41.4240|INFO|Incoming request GET /next.svg GET /next.svg
2026-04-07 00:35:41.4340|INFO|Incoming request GET /_next/static/chunks/%5Broot-of-the-server%5D__02nfq85._.css GET /_next/static/chunks/%5Broot-of-the-server%5D__02nfq85._.css
2026-04-07 00:35:41.4400|INFO|Incoming request GET /_next/static/chunks/%5Bturbopack%5D_browser_dev_hmr-client_hmr-client_ts_10z625~._.js GET /_next/static/chunks/%5Bturbopack%5D_browser_dev_hmr-client_hmr-client_ts_10z625~._.js
2026-04-07 00:35:41.4430|INFO|Incoming request GET /_next/static/chunks/node_modules_next_dist_compiled_next-devtools_index_0553esy.js GET /_next/static/chunks/node_modules_next_dist_compiled_next-devtools_index_0553esy.js
2026-04-07 00:35:41.4510|INFO|Incoming request GET /_next/static/chunks/node_modules_next_dist_compiled_react-dom_058-ah~._.js GET /_next/static/chunks/node_modules_next_dist_compiled_react-dom_058-ah~._.js
2026-04-07 00:35:41.4530|INFO|Incoming request GET /_next/static/chunks/node_modules_next_dist_compiled_react-server-dom-turbopack_0p3wegg._.js GET /_next/static/chunks/node_modules_next_dist_compiled_react-server-dom-turbopack_0p3wegg._.js
2026-04-07 00:35:41.5720|INFO|Incoming request GET / GET /
2026-04-07 00:35:41.6120|INFO|Incoming request GET /_next/static/chunks/node_modules_next_dist_compiled_0rpq4pf._.js GET /_next/static/chunks/node_modules_next_dist_compiled_0rpq4pf._.js
2026-04-07 00:35:41.6210|INFO|Incoming request GET /_next/static/chunks/node_modules_next_dist_client_0fhqo1d._.js GET /_next/static/chunks/node_modules_next_dist_client_0fhqo1d._.js
2026-04-07 00:35:41.6850|INFO|Incoming request GET /_next/static/chunks/node_modules_next_dist_115brz8._.js GET /_next/static/chunks/node_modules_next_dist_115brz8._.js
2026-04-07 00:35:41.6920|INFO|Incoming request GET /_next/static/chunks/node_modules_%40swc_helpers_cjs_0-4ujiy._.js GET /_next/static/chunks/node_modules_%40swc_helpers_cjs_0-4ujiy._.js
2026-04-07 00:35:41.6970|INFO|Incoming request GET /_next/static/chunks/_0rqeker._.js GET /_next/static/chunks/_0rqeker._.js
2026-04-07 00:35:41.9020|INFO|Incoming request GET /vercel.svg GET /vercel.svg
2026-04-07 00:35:41.9270|INFO|Incoming request GET /_next/static/chunks/turbopack-_0p44nws._.js GET /_next/static/chunks/turbopack-_0p44nws._.js
2026-04-07 00:35:41.9680|INFO|Incoming request GET /_next/static/chunks/node_modules_next_dist_0tt2wve._.js GET /_next/static/chunks/node_modules_next_dist_0tt2wve._.js
2026-04-07 00:35:41.9930|INFO|Incoming request GET /_next/static/chunks/src_app_layout_tsx_004glpo._.js GET /_next/static/chunks/src_app_layout_tsx_004glpo._.js
2026-04-07 00:35:41.9980|INFO|Incoming request GET /_next/static/chunks/node_modules_next_dist_07p5au~._.js GET /_next/static/chunks/node_modules_next_dist_07p5au~._.js
2026-04-07 00:35:42.0010|INFO|Incoming request GET /_next/static/chunks/src_app_page_tsx_002ye8~._.js GET /_next/static/chunks/src_app_page_tsx_002ye8~._.js
2026-04-07 00:35:42.0140|INFO|Incoming request GET /next.svg GET /next.svg
2026-04-07 00:35:42.0170|INFO|Incoming request GET /_next/static/chunks/%5Broot-of-the-server%5D__02nfq85._.css GET /_next/static/chunks/%5Broot-of-the-server%5D__02nfq85._.css
2026-04-07 00:35:42.0190|INFO|Incoming request GET /_next/static/chunks/%5Bturbopack%5D_browser_dev_hmr-client_hmr-client_ts_10z625~._.js GET /_next/static/chunks/%5Bturbopack%5D_browser_dev_hmr-client_hmr-client_ts_10z625~._.js
2026-04-07 00:35:42.0220|INFO|Incoming request GET /_next/static/chunks/node_modules_next_dist_compiled_next-devtools_index_0553esy.js GET /_next/static/chunks/node_modules_next_dist_compiled_next-devtools_index_0553esy.js
2026-04-07 00:35:42.0240|INFO|Incoming request GET /_next/static/chunks/node_modules_next_dist_compiled_react-dom_058-ah~._.js GET /_next/static/chunks/node_modules_next_dist_compiled_react-dom_058-ah~._.js
2026-04-07 00:35:42.1260|INFO|Incoming request GET /_next/static/chunks/node_modules_next_dist_compiled_react-server-dom-turbopack_0p3wegg._.js GET /_next/static/chunks/node_modules_next_dist_compiled_react-server-dom-turbopack_0p3wegg._.js
2026-04-07 00:35:42.1310|INFO|Incoming request GET /_next/static/chunks/node_modules_next_dist_compiled_0rpq4pf._.js GET /_next/static/chunks/node_modules_next_dist_compiled_0rpq4pf._.js
2026-04-07 00:35:42.1340|INFO|Incoming request GET /_next/static/chunks/node_modules_next_dist_client_0fhqo1d._.js GET /_next/static/chunks/node_modules_next_dist_client_0fhqo1d._.js
2026-04-07 00:35:42.1360|INFO|Incoming request GET /_next/static/chunks/node_modules_next_dist_115brz8._.js GET /_next/static/chunks/node_modules_next_dist_115brz8._.js
2026-04-07 00:35:42.1380|INFO|Incoming request GET /_next/static/chunks/node_modules_%40swc_helpers_cjs_0-4ujiy._.js GET /_next/static/chunks/node_modules_%40swc_helpers_cjs_0-4ujiy._.js
2026-04-07 00:35:42.1940|INFO|Incoming request GET / GET /
2026-04-07 00:35:42.2080|INFO|Incoming request GET /_next/static/chunks/_0rqeker._.js GET /_next/static/chunks/_0rqeker._.js
2026-04-07 00:35:42.2170|INFO|Incoming request GET /_next/static/chunks/turbopack-_0p44nws._.js GET /_next/static/chunks/turbopack-_0p44nws._.js
2026-04-07 00:35:42.2200|INFO|Incoming request GET /_next/static/chunks/node_modules_next_dist_0tt2wve._.js GET /_next/static/chunks/node_modules_next_dist_0tt2wve._.js
2026-04-07 00:35:42.2230|INFO|Incoming request GET /_next/static/chunks/src_app_layout_tsx_004glpo._.js GET /_next/static/chunks/src_app_layout_tsx_004glpo._.js
2026-04-07 00:35:42.2260|INFO|Incoming request GET /_next/static/chunks/node_modules_next_dist_07p5au~._.js GET /_next/static/chunks/node_modules_next_dist_07p5au~._.js
2026-04-07 00:35:42.4300|INFO|Incoming request GET /_next/static/chunks/src_app_page_tsx_002ye8~._.js GET /_next/static/chunks/src_app_page_tsx_002ye8~._.js
2026-04-07 00:35:42.5010|INFO|Incoming request GET /_next/static/chunks/node_modules_next_dist_client_components_builtin_global-error_002ye8~.js GET /_next/static/chunks/node_modules_next_dist_client_components_builtin_global-error_002ye8~.js
2026-04-07 00:35:42.5350|INFO|Incoming request GET /next.svg GET /next.svg
2026-04-07 00:35:42.5460|INFO|Incoming request GET /_next/static/chunks/%5Broot-of-the-server%5D__02nfq85._.css GET /_next/static/chunks/%5Broot-of-the-server%5D__02nfq85._.css
2026-04-07 00:35:42.5570|INFO|Incoming request GET /_next/static/chunks/%5Bturbopack%5D_browser_dev_hmr-client_hmr-client_ts_10z625~._.js GET /_next/static/chunks/%5Bturbopack%5D_browser_dev_hmr-client_hmr-client_ts_10z625~._.js
2026-04-07 00:35:42.5600|INFO|Incoming request GET /_next/static/chunks/node_modules_next_dist_compiled_next-devtools_index_0553esy.js GET /_next/static/chunks/node_modules_next_dist_compiled_next-devtools_index_0553esy.js
2026-04-07 00:35:42.5630|INFO|Incoming request GET /_next/static/chunks/node_modules_next_dist_compiled_react-dom_058-ah~._.js GET /_next/static/chunks/node_modules_next_dist_compiled_react-dom_058-ah~._.js
2026-04-07 00:35:42.6240|INFO|Incoming request GET / GET /
2026-04-07 00:35:42.6740|INFO|Incoming request GET /_next/static/chunks/node_modules_next_dist_compiled_react-server-dom-turbopack_0p3wegg._.js GET /_next/static/chunks/node_modules_next_dist_compiled_react-server-dom-turbopack_0p3wegg._.js
2026-04-07 00:35:42.6860|INFO|Incoming request GET /_next/static/chunks/node_modules_next_dist_compiled_0rpq4pf._.js GET /_next/static/chunks/node_modules_next_dist_compiled_0rpq4pf._.js
2026-04-07 00:35:42.6930|INFO|Incoming request GET /_next/static/chunks/node_modules_next_dist_client_0fhqo1d._.js GET /_next/static/chunks/node_modules_next_dist_client_0fhqo1d._.js
2026-04-07 00:35:42.7240|INFO|Incoming request GET /_next/static/chunks/node_modules_next_dist_115brz8._.js GET /_next/static/chunks/node_modules_next_dist_115brz8._.js
2026-04-07 00:35:43.1600|INFO|Incoming request GET /_next/static/chunks/node_modules_%40swc_helpers_cjs_0-4ujiy._.js GET /_next/static/chunks/node_modules_%40swc_helpers_cjs_0-4ujiy._.js
2026-04-07 00:35:43.1940|INFO|Incoming request GET /_next/static/chunks/_0rqeker._.js GET /_next/static/chunks/_0rqeker._.js
2026-04-07 00:35:43.1980|INFO|Incoming request GET /_next/static/chunks/turbopack-_0p44nws._.js GET /_next/static/chunks/turbopack-_0p44nws._.js
2026-04-07 00:35:43.2010|INFO|Incoming request GET /_next/static/chunks/node_modules_next_dist_0tt2wve._.js GET /_next/static/chunks/node_modules_next_dist_0tt2wve._.js
2026-04-07 00:35:43.2180|INFO|Incoming request GET /_next/static/chunks/src_app_layout_tsx_004glpo._.js GET /_next/static/chunks/src_app_layout_tsx_004glpo._.js
2026-04-07 00:35:43.2430|INFO|Incoming request GET /_next/static/chunks/node_modules_next_dist_07p5au~._.js GET /_next/static/chunks/node_modules_next_dist_07p5au~._.js
2026-04-07 00:35:43.2450|INFO|Incoming request GET /next.svg GET /next.svg
2026-04-07 00:35:43.2580|INFO|Incoming request GET /_next/static/chunks/%5Broot-of-the-server%5D__02nfq85._.css GET /_next/static/chunks/%5Broot-of-the-server%5D__02nfq85._.css
2026-04-07 00:35:43.2610|INFO|Incoming request GET /_next/static/chunks/%5Bturbopack%5D_browser_dev_hmr-client_hmr-client_ts_10z625~._.js GET /_next/static/chunks/%5Bturbopack%5D_browser_dev_hmr-client_hmr-client_ts_10z625~._.js
2026-04-07 00:35:43.2650|INFO|Incoming request GET /_next/static/chunks/node_modules_next_dist_compiled_next-devtools_index_0553esy.js GET /_next/static/chunks/node_modules_next_dist_compiled_next-devtools_index_0553esy.js
2026-04-07 00:35:43.2670|INFO|Incoming request GET /_next/static/chunks/node_modules_next_dist_compiled_react-dom_058-ah~._.js GET /_next/static/chunks/node_modules_next_dist_compiled_react-dom_058-ah~._.js
2026-04-07 00:35:43.3500|INFO|Incoming request GET / GET /
2026-04-07 00:35:43.3710|INFO|Incoming request GET /_next/static/chunks/node_modules_next_dist_compiled_0rpq4pf._.js GET /_next/static/chunks/node_modules_next_dist_compiled_0rpq4pf._.js
2026-04-07 00:35:43.3770|INFO|Incoming request GET /_next/static/chunks/node_modules_next_dist_compiled_react-server-dom-turbopack_0p3wegg._.js GET /_next/static/chunks/node_modules_next_dist_compiled_react-server-dom-turbopack_0p3wegg._.js
2026-04-07 00:35:43.3850|INFO|Incoming request GET /_next/static/chunks/node_modules_next_dist_client_0fhqo1d._.js GET /_next/static/chunks/node_modules_next_dist_client_0fhqo1d._.js
2026-04-07 00:35:43.3920|INFO|Incoming request GET /_next/static/chunks/node_modules_next_dist_115brz8._.js GET /_next/static/chunks/node_modules_next_dist_115brz8._.js
2026-04-07 00:35:43.7340|INFO|Incoming request GET /_next/static/chunks/node_modules_%40swc_helpers_cjs_0-4ujiy._.js GET /_next/static/chunks/node_modules_%40swc_helpers_cjs_0-4ujiy._.js
2026-04-07 00:35:43.8090|INFO|Incoming request GET /_next/static/chunks/turbopack-_0p44nws._.js GET /_next/static/chunks/turbopack-_0p44nws._.js
2026-04-07 00:35:43.8750|INFO|Incoming request GET /_next/static/chunks/_0rqeker._.js GET /_next/static/chunks/_0rqeker._.js
2026-04-07 00:35:43.8770|INFO|Incoming request GET /_next/static/chunks/node_modules_next_dist_0tt2wve._.js GET /_next/static/chunks/node_modules_next_dist_0tt2wve._.js
2026-04-07 00:35:43.9040|INFO|Incoming request GET /_next/static/chunks/src_app_layout_tsx_004glpo._.js GET /_next/static/chunks/src_app_layout_tsx_004glpo._.js
2026-04-07 00:35:43.9650|INFO|Incoming request GET /_next/static/chunks/node_modules_next_dist_07p5au~._.js GET /_next/static/chunks/node_modules_next_dist_07p5au~._.js
2026-04-07 00:35:43.9670|INFO|Incoming request GET /next.svg GET /next.svg
2026-04-07 00:35:44.1380|INFO|Incoming request GET / GET /
2026-04-07 00:35:44.1410|INFO|Incoming request GET /_next/static/chunks/%5Broot-of-the-server%5D__02nfq85._.css GET /_next/static/chunks/%5Broot-of-the-server%5D__02nfq85._.css
2026-04-07 00:35:44.1470|INFO|Incoming request GET /_next/static/chunks/%5Bturbopack%5D_browser_dev_hmr-client_hmr-client_ts_10z625~._.js GET /_next/static/chunks/%5Bturbopack%5D_browser_dev_hmr-client_hmr-client_ts_10z625~._.js
2026-04-07 00:35:44.1500|INFO|Incoming request GET /_next/static/chunks/node_modules_next_dist_compiled_next-devtools_index_0553esy.js GET /_next/static/chunks/node_modules_next_dist_compiled_next-devtools_index_0553esy.js
2026-04-07 00:35:44.4010|INFO|Incoming request GET /_next/static/chunks/node_modules_next_dist_compiled_react-dom_058-ah~._.js GET /_next/static/chunks/node_modules_next_dist_compiled_react-dom_058-ah~._.js
2026-04-07 00:35:44.4720|INFO|Incoming request GET /_next/static/chunks/node_modules_next_dist_compiled_react-server-dom-turbopack_0p3wegg._.js GET /_next/static/chunks/node_modules_next_dist_compiled_react-server-dom-turbopack_0p3wegg._.js
2026-04-07 00:35:44.5000|INFO|Incoming request GET /_next/static/chunks/node_modules_next_dist_compiled_0rpq4pf._.js GET /_next/static/chunks/node_modules_next_dist_compiled_0rpq4pf._.js
2026-04-07 00:35:44.6220|INFO|Incoming request GET /_next/static/chunks/node_modules_next_dist_client_0fhqo1d._.js GET /_next/static/chunks/node_modules_next_dist_client_0fhqo1d._.js
2026-04-07 00:35:44.6660|INFO|Incoming request GET /_next/static/chunks/node_modules_next_dist_115brz8._.js GET /_next/static/chunks/node_modules_next_dist_115brz8._.js
2026-04-07 00:35:44.6830|INFO|Incoming request GET /_next/static/chunks/node_modules_%40swc_helpers_cjs_0-4ujiy._.js GET /_next/static/chunks/node_modules_%40swc_helpers_cjs_0-4ujiy._.js
2026-04-07 00:35:44.6920|INFO|Incoming request GET /next.svg GET /next.svg
2026-04-07 00:35:44.6940|INFO|Incoming request GET /_next/static/chunks/%5Broot-of-the-server%5D__02nfq85._.css GET /_next/static/chunks/%5Broot-of-the-server%5D__02nfq85._.css
2026-04-07 00:35:44.7000|INFO|Incoming request GET /_next/static/chunks/%5Bturbopack%5D_browser_dev_hmr-client_hmr-client_ts_10z625~._.js GET /_next/static/chunks/%5Bturbopack%5D_browser_dev_hmr-client_hmr-client_ts_10z625~._.js
2026-04-07 00:35:44.7030|INFO|Incoming request GET /_next/static/chunks/node_modules_next_dist_compiled_next-devtools_index_0553esy.js GET /_next/static/chunks/node_modules_next_dist_compiled_next-devtools_index_0553esy.js
2026-04-07 00:35:44.7160|INFO|Incoming request GET /_next/static/chunks/node_modules_next_dist_compiled_react-server-dom-turbopack_0p3wegg._.js GET /_next/static/chunks/node_modules_next_dist_compiled_react-server-dom-turbopack_0p3wegg._.js
2026-04-07 00:35:44.7890|INFO|Incoming request GET / GET /
2026-04-07 00:35:44.7970|INFO|Incoming request GET /_next/static/chunks/node_modules_next_dist_compiled_react-dom_058-ah~._.js GET /_next/static/chunks/node_modules_next_dist_compiled_react-dom_058-ah~._.js
2026-04-07 00:35:44.8080|INFO|Incoming request GET /_next/static/chunks/node_modules_next_dist_compiled_0rpq4pf._.js GET /_next/static/chunks/node_modules_next_dist_compiled_0rpq4pf._.js
2026-04-07 00:35:44.8160|INFO|Incoming request GET /_next/static/chunks/node_modules_next_dist_client_0fhqo1d._.js GET /_next/static/chunks/node_modules_next_dist_client_0fhqo1d._.js
2026-04-07 00:35:45.0370|INFO|Incoming request GET /_next/static/chunks/node_modules_next_dist_115brz8._.js GET /_next/static/chunks/node_modules_next_dist_115brz8._.js
2026-04-07 00:35:45.0420|INFO|Incoming request GET /_next/static/chunks/node_modules_%40swc_helpers_cjs_0-4ujiy._.js GET /_next/static/chunks/node_modules_%40swc_helpers_cjs_0-4ujiy._.js
2026-04-07 00:35:45.0540|INFO|Incoming request GET /_next/static/chunks/_0rqeker._.js GET /_next/static/chunks/_0rqeker._.js
2026-04-07 00:35:45.1160|INFO|Incoming request GET /_next/static/chunks/turbopack-_0p44nws._.js GET /_next/static/chunks/turbopack-_0p44nws._.js
2026-04-07 00:35:45.1190|INFO|Incoming request GET /next.svg GET /next.svg
2026-04-07 00:35:45.1310|INFO|Incoming request GET /_next/static/chunks/%5Broot-of-the-server%5D__02nfq85._.css GET /_next/static/chunks/%5Broot-of-the-server%5D__02nfq85._.css
2026-04-07 00:35:45.1330|INFO|Incoming request GET /_next/static/chunks/%5Bturbopack%5D_browser_dev_hmr-client_hmr-client_ts_10z625~._.js GET /_next/static/chunks/%5Bturbopack%5D_browser_dev_hmr-client_hmr-client_ts_10z625~._.js
2026-04-07 00:35:45.1370|INFO|Incoming request GET /_next/static/chunks/node_modules_next_dist_compiled_next-devtools_index_0553esy.js GET /_next/static/chunks/node_modules_next_dist_compiled_next-devtools_index_0553esy.js
2026-04-07 00:35:45.1440|INFO|Incoming request GET /_next/static/chunks/node_modules_next_dist_compiled_react-dom_058-ah~._.js GET /_next/static/chunks/node_modules_next_dist_compiled_react-dom_058-ah~._.js
2026-04-07 00:35:45.1930|INFO|Incoming request GET /_next/static/chunks/node_modules_next_dist_compiled_react-server-dom-turbopack_0p3wegg._.js GET /_next/static/chunks/node_modules_next_dist_compiled_react-server-dom-turbopack_0p3wegg._.js
2026-04-07 00:35:45.2010|INFO|Incoming request GET /_next/static/chunks/node_modules_next_dist_compiled_0rpq4pf._.js GET /_next/static/chunks/node_modules_next_dist_compiled_0rpq4pf._.js
2026-04-07 00:35:45.2040|INFO|Incoming request GET /_next/static/chunks/node_modules_next_dist_client_0fhqo1d._.js GET /_next/static/chunks/node_modules_next_dist_client_0fhqo1d._.js
2026-04-07 00:35:45.2080|INFO|Incoming request GET /_next/static/chunks/node_modules_next_dist_115brz8._.js GET /_next/static/chunks/node_modules_next_dist_115brz8._.js
2026-04-07 00:35:45.2150|INFO|Incoming request GET /_next/static/chunks/node_modules_%40swc_helpers_cjs_0-4ujiy._.js GET /_next/static/chunks/node_modules_%40swc_helpers_cjs_0-4ujiy._.js
2026-04-07 00:35:45.2820|INFO|Incoming request GET /_next/static/chunks/_0rqeker._.js GET /_next/static/chunks/_0rqeker._.js
2026-04-07 00:35:45.2920|INFO|Incoming request GET /_next/static/chunks/turbopack-_0p44nws._.js GET /_next/static/chunks/turbopack-_0p44nws._.js
2026-04-07 00:35:45.3420|INFO|Incoming request GET / GET /
2026-04-07 00:35:45.3510|INFO|Incoming request GET /_next/static/chunks/node_modules_next_dist_0tt2wve._.js GET /_next/static/chunks/node_modules_next_dist_0tt2wve._.js
2026-04-07 00:35:45.4720|INFO|Incoming request GET /_next/static/chunks/src_app_layout_tsx_004glpo._.js GET /_next/static/chunks/src_app_layout_tsx_004glpo._.js
2026-04-07 00:35:45.4970|INFO|Incoming request GET /_next/static/chunks/node_modules_next_dist_07p5au~._.js GET /_next/static/chunks/node_modules_next_dist_07p5au~._.js
2026-04-07 00:35:45.5440|INFO|Incoming request GET /_next/static/chunks/src_app_page_tsx_002ye8~._.js GET /_next/static/chunks/src_app_page_tsx_002ye8~._.js
2026-04-07 00:35:45.6170|INFO|Incoming request GET /_next/static/chunks/node_modules_next_dist_client_components_builtin_global-error_002ye8~.js GET /_next/static/chunks/node_modules_next_dist_client_components_builtin_global-error_002ye8~.js
2026-04-07 00:35:45.6190|INFO|Incoming request GET /vercel.svg GET /vercel.svg
2026-04-07 00:35:45.6210|INFO|Incoming request GET /next.svg GET /next.svg
2026-04-07 00:35:45.6260|INFO|Incoming request GET /_next/static/chunks/%5Broot-of-the-server%5D__02nfq85._.css GET /_next/static/chunks/%5Broot-of-the-server%5D__02nfq85._.css
2026-04-07 00:35:45.6280|INFO|Incoming request GET /_next/static/chunks/%5Bturbopack%5D_browser_dev_hmr-client_hmr-client_ts_10z625~._.js GET /_next/static/chunks/%5Bturbopack%5D_browser_dev_hmr-client_hmr-client_ts_10z625~._.js
2026-04-07 00:35:45.6310|INFO|Incoming request GET /_next/static/chunks/node_modules_next_dist_compiled_next-devtools_index_0553esy.js GET /_next/static/chunks/node_modules_next_dist_compiled_next-devtools_index_0553esy.js
2026-04-07 00:35:45.6330|INFO|Incoming request GET /_next/static/chunks/node_modules_next_dist_compiled_react-dom_058-ah~._.js GET /_next/static/chunks/node_modules_next_dist_compiled_react-dom_058-ah~._.js
2026-04-07 00:35:45.6910|INFO|Incoming request GET /_next/static/chunks/node_modules_next_dist_compiled_react-server-dom-turbopack_0p3wegg._.js GET /_next/static/chunks/node_modules_next_dist_compiled_react-server-dom-turbopack_0p3wegg._.js
2026-04-07 00:35:45.6930|INFO|Incoming request GET /_next/static/chunks/node_modules_next_dist_compiled_0rpq4pf._.js GET /_next/static/chunks/node_modules_next_dist_compiled_0rpq4pf._.js
2026-04-07 00:35:45.7000|INFO|Incoming request GET /_next/static/chunks/node_modules_next_dist_client_0fhqo1d._.js GET /_next/static/chunks/node_modules_next_dist_client_0fhqo1d._.js
2026-04-07 00:35:45.7020|INFO|Incoming request GET /_next/static/chunks/node_modules_next_dist_115brz8._.js GET /_next/static/chunks/node_modules_next_dist_115brz8._.js
2026-04-07 00:35:45.7030|INFO|Incoming request GET /_next/static/chunks/node_modules_%40swc_helpers_cjs_0-4ujiy._.js GET /_next/static/chunks/node_modules_%40swc_helpers_cjs_0-4ujiy._.js
2026-04-07 00:35:45.7500|INFO|Incoming request GET / GET /
2026-04-07 00:35:45.7570|INFO|Incoming request GET /_next/static/chunks/_0rqeker._.js GET /_next/static/chunks/_0rqeker._.js
2026-04-07 00:35:45.7640|INFO|Incoming request GET /_next/static/chunks/node_modules_next_dist_0tt2wve._.js GET /_next/static/chunks/node_modules_next_dist_0tt2wve._.js
2026-04-07 00:35:45.7750|INFO|Incoming request GET /_next/static/chunks/turbopack-_0p44nws._.js GET /_next/static/chunks/turbopack-_0p44nws._.js
2026-04-07 00:35:45.7760|INFO|Incoming request GET /_next/static/chunks/src_app_layout_tsx_004glpo._.js GET /_next/static/chunks/src_app_layout_tsx_004glpo._.js
2026-04-07 00:35:45.9220|INFO|Incoming request GET /_next/static/chunks/node_modules_next_dist_07p5au~._.js GET /_next/static/chunks/node_modules_next_dist_07p5au~._.js
2026-04-07 00:35:45.9590|INFO|Incoming request GET /_next/static/chunks/src_app_page_tsx_002ye8~._.js GET /_next/static/chunks/src_app_page_tsx_002ye8~._.js
2026-04-07 00:35:45.9820|INFO|Incoming request GET /_next/static/chunks/node_modules_next_dist_client_components_builtin_global-error_002ye8~.js GET /_next/static/chunks/node_modules_next_dist_client_components_builtin_global-error_002ye8~.js
2026-04-07 00:35:45.9890|INFO|Incoming request GET /next.svg GET /next.svg
2026-04-07 00:35:45.9920|INFO|Incoming request GET /_next/static/chunks/%5Broot-of-the-server%5D__02nfq85._.css GET /_next/static/chunks/%5Broot-of-the-server%5D__02nfq85._.css
2026-04-07 00:35:45.9930|INFO|Incoming request GET /_next/static/chunks/%5Bturbopack%5D_browser_dev_hmr-client_hmr-client_ts_10z625~._.js GET /_next/static/chunks/%5Bturbopack%5D_browser_dev_hmr-client_hmr-client_ts_10z625~._.js
2026-04-07 00:35:45.9950|INFO|Incoming request GET /_next/static/chunks/node_modules_next_dist_compiled_next-devtools_index_0553esy.js GET /_next/static/chunks/node_modules_next_dist_compiled_next-devtools_index_0553esy.js
2026-04-07 00:35:46.0000|INFO|Incoming request GET /_next/static/chunks/node_modules_next_dist_compiled_react-dom_058-ah~._.js GET /_next/static/chunks/node_modules_next_dist_compiled_react-dom_058-ah~._.js
2026-04-07 00:35:46.0530|INFO|Incoming request GET /_next/static/chunks/node_modules_next_dist_compiled_react-server-dom-turbopack_0p3wegg._.js GET /_next/static/chunks/node_modules_next_dist_compiled_react-server-dom-turbopack_0p3wegg._.js
2026-04-07 00:35:46.0600|INFO|Incoming request GET /_next/static/chunks/node_modules_next_dist_compiled_0rpq4pf._.js GET /_next/static/chunks/node_modules_next_dist_compiled_0rpq4pf._.js
2026-04-07 00:35:46.0630|INFO|Incoming request GET /_next/static/chunks/node_modules_next_dist_client_0fhqo1d._.js GET /_next/static/chunks/node_modules_next_dist_client_0fhqo1d._.js
2026-04-07 00:35:46.0670|INFO|Incoming request GET /_next/static/chunks/node_modules_next_dist_115brz8._.js GET /_next/static/chunks/node_modules_next_dist_115brz8._.js
2026-04-07 00:35:46.0810|INFO|Incoming request GET /_next/static/chunks/node_modules_%40swc_helpers_cjs_0-4ujiy._.js GET /_next/static/chunks/node_modules_%40swc_helpers_cjs_0-4ujiy._.js
2026-04-07 00:35:46.1100|INFO|Incoming request GET / GET /
2026-04-07 00:35:46.1200|INFO|Incoming request GET /_next/static/chunks/_0rqeker._.js GET /_next/static/chunks/_0rqeker._.js
2026-04-07 00:35:46.1340|INFO|Incoming request GET /_next/static/chunks/turbopack-_0p44nws._.js GET /_next/static/chunks/turbopack-_0p44nws._.js
2026-04-07 00:35:46.2310|INFO|Incoming request GET /_next/static/chunks/node_modules_next_dist_0tt2wve._.js GET /_next/static/chunks/node_modules_next_dist_0tt2wve._.js
2026-04-07 00:35:46.2370|INFO|Incoming request GET /_next/static/chunks/src_app_layout_tsx_004glpo._.js GET /_next/static/chunks/src_app_layout_tsx_004glpo._.js
2026-04-07 00:35:46.2810|INFO|Incoming request GET /_next/static/chunks/node_modules_next_dist_07p5au~._.js GET /_next/static/chunks/node_modules_next_dist_07p5au~._.js
2026-04-07 00:35:46.3090|INFO|Incoming request GET /_next/static/chunks/src_app_page_tsx_002ye8~._.js GET /_next/static/chunks/src_app_page_tsx_002ye8~._.js
2026-04-07 00:35:46.3220|INFO|Incoming request GET /_next/static/chunks/node_modules_next_dist_client_components_builtin_global-error_002ye8~.js GET /_next/static/chunks/node_modules_next_dist_client_components_builtin_global-error_002ye8~.js
2026-04-07 00:35:46.3420|INFO|Incoming request GET /next.svg GET /next.svg
2026-04-07 00:35:46.3550|INFO|Incoming request GET /_next/static/chunks/%5Broot-of-the-server%5D__02nfq85._.css GET /_next/static/chunks/%5Broot-of-the-server%5D__02nfq85._.css
2026-04-07 00:35:46.3590|INFO|Incoming request GET /_next/static/chunks/%5Bturbopack%5D_browser_dev_hmr-client_hmr-client_ts_10z625~._.js GET /_next/static/chunks/%5Bturbopack%5D_browser_dev_hmr-client_hmr-client_ts_10z625~._.js
2026-04-07 00:35:46.3650|INFO|Incoming request GET /_next/static/chunks/node_modules_next_dist_compiled_next-devtools_index_0553esy.js GET /_next/static/chunks/node_modules_next_dist_compiled_next-devtools_index_0553esy.js
2026-04-07 00:35:46.3770|INFO|Incoming request GET /_next/static/chunks/node_modules_next_dist_compiled_react-dom_058-ah~._.js GET /_next/static/chunks/node_modules_next_dist_compiled_react-dom_058-ah~._.js
2026-04-07 00:35:46.4320|INFO|Incoming request GET / GET /
2026-04-07 00:35:46.4410|INFO|Incoming request GET /_next/static/chunks/node_modules_next_dist_compiled_react-server-dom-turbopack_0p3wegg._.js GET /_next/static/chunks/node_modules_next_dist_compiled_react-server-dom-turbopack_0p3wegg._.js
2026-04-07 00:35:46.4490|INFO|Incoming request GET /_next/static/chunks/node_modules_next_dist_compiled_0rpq4pf._.js GET /_next/static/chunks/node_modules_next_dist_compiled_0rpq4pf._.js
2026-04-07 00:35:46.4560|INFO|Incoming request GET /_next/static/chunks/node_modules_next_dist_client_0fhqo1d._.js GET /_next/static/chunks/node_modules_next_dist_client_0fhqo1d._.js
2026-04-07 00:35:46.4670|INFO|Incoming request GET /_next/static/chunks/node_modules_next_dist_115brz8._.js GET /_next/static/chunks/node_modules_next_dist_115brz8._.js
2026-04-07 00:35:46.6740|INFO|Incoming request GET /_next/static/chunks/node_modules_%40swc_helpers_cjs_0-4ujiy._.js GET /_next/static/chunks/node_modules_%40swc_helpers_cjs_0-4ujiy._.js
2026-04-07 00:35:46.7070|INFO|Incoming request GET /_next/static/chunks/_0rqeker._.js GET /_next/static/chunks/_0rqeker._.js
2026-04-07 00:35:46.7290|INFO|Incoming request GET /_next/static/chunks/turbopack-_0p44nws._.js GET /_next/static/chunks/turbopack-_0p44nws._.js
2026-04-07 00:35:46.7570|INFO|Incoming request GET /_next/static/chunks/node_modules_next_dist_0tt2wve._.js GET /_next/static/chunks/node_modules_next_dist_0tt2wve._.js
2026-04-07 00:35:46.7710|INFO|Incoming request GET /next.svg GET /next.svg
2026-04-07 00:35:46.7730|INFO|Incoming request GET /_next/static/chunks/%5Broot-of-the-server%5D__02nfq85._.css GET /_next/static/chunks/%5Broot-of-the-server%5D__02nfq85._.css
2026-04-07 00:35:46.7760|INFO|Incoming request GET /_next/static/chunks/%5Bturbopack%5D_browser_dev_hmr-client_hmr-client_ts_10z625~._.js GET /_next/static/chunks/%5Bturbopack%5D_browser_dev_hmr-client_hmr-client_ts_10z625~._.js
2026-04-07 00:35:46.7780|INFO|Incoming request GET /_next/static/chunks/node_modules_next_dist_compiled_next-devtools_index_0553esy.js GET /_next/static/chunks/node_modules_next_dist_compiled_next-devtools_index_0553esy.js
2026-04-07 00:35:46.7980|INFO|Incoming request GET /_next/static/chunks/node_modules_next_dist_compiled_react-dom_058-ah~._.js GET /_next/static/chunks/node_modules_next_dist_compiled_react-dom_058-ah~._.js
2026-04-07 00:35:46.8490|INFO|Incoming request GET /_next/static/chunks/node_modules_next_dist_compiled_react-server-dom-turbopack_0p3wegg._.js GET /_next/static/chunks/node_modules_next_dist_compiled_react-server-dom-turbopack_0p3wegg._.js
2026-04-07 00:35:46.8600|INFO|Incoming request GET /_next/static/chunks/node_modules_next_dist_compiled_0rpq4pf._.js GET /_next/static/chunks/node_modules_next_dist_compiled_0rpq4pf._.js
2026-04-07 00:35:46.8640|INFO|Incoming request GET /_next/static/chunks/node_modules_next_dist_client_0fhqo1d._.js GET /_next/static/chunks/node_modules_next_dist_client_0fhqo1d._.js
2026-04-07 00:35:46.8660|INFO|Incoming request GET /_next/static/chunks/node_modules_%40swc_helpers_cjs_0-4ujiy._.js GET /_next/static/chunks/node_modules_%40swc_helpers_cjs_0-4ujiy._.js
2026-04-07 00:35:46.8730|INFO|Incoming request GET /_next/static/chunks/node_modules_next_dist_115brz8._.js GET /_next/static/chunks/node_modules_next_dist_115brz8._.js
2026-04-07 00:35:46.9220|INFO|Incoming request GET /_next/static/chunks/_0rqeker._.js GET /_next/static/chunks/_0rqeker._.js
2026-04-07 00:35:46.9350|INFO|Incoming request GET /_next/static/chunks/turbopack-_0p44nws._.js GET /_next/static/chunks/turbopack-_0p44nws._.js
2026-04-07 00:35:46.9480|INFO|Incoming request GET / GET /
2026-04-07 00:35:46.9510|INFO|Incoming request GET /_next/static/chunks/node_modules_next_dist_0tt2wve._.js GET /_next/static/chunks/node_modules_next_dist_0tt2wve._.js
2026-04-07 00:35:47.0570|INFO|Incoming request GET /_next/static/chunks/src_app_layout_tsx_004glpo._.js GET /_next/static/chunks/src_app_layout_tsx_004glpo._.js
2026-04-07 00:35:47.1080|INFO|Incoming request GET /_next/static/chunks/node_modules_next_dist_07p5au~._.js GET /_next/static/chunks/node_modules_next_dist_07p5au~._.js
2026-04-07 00:35:47.1780|INFO|Incoming request GET /next.svg GET /next.svg
2026-04-07 00:35:47.1820|INFO|Incoming request GET / GET /
2026-04-07 00:35:47.1960|INFO|Incoming request GET /_next/static/chunks/%5Broot-of-the-server%5D__02nfq85._.css GET /_next/static/chunks/%5Broot-of-the-server%5D__02nfq85._.css
2026-04-07 00:35:47.1990|INFO|Incoming request GET /_next/static/chunks/%5Bturbopack%5D_browser_dev_hmr-client_hmr-client_ts_10z625~._.js GET /_next/static/chunks/%5Bturbopack%5D_browser_dev_hmr-client_hmr-client_ts_10z625~._.js
2026-04-07 00:35:47.2010|INFO|Incoming request GET /_next/static/chunks/node_modules_next_dist_compiled_next-devtools_index_0553esy.js GET /_next/static/chunks/node_modules_next_dist_compiled_next-devtools_index_0553esy.js
2026-04-07 00:35:47.3420|INFO|Incoming request GET /_next/static/chunks/node_modules_next_dist_compiled_react-dom_058-ah~._.js GET /_next/static/chunks/node_modules_next_dist_compiled_react-dom_058-ah~._.js
2026-04-07 00:35:47.4160|INFO|Incoming request GET /_next/static/chunks/node_modules_next_dist_compiled_react-server-dom-turbopack_0p3wegg._.js GET /_next/static/chunks/node_modules_next_dist_compiled_react-server-dom-turbopack_0p3wegg._.js
2026-04-07 00:35:47.4190|INFO|Incoming request GET /_next/static/chunks/node_modules_next_dist_compiled_0rpq4pf._.js GET /_next/static/chunks/node_modules_next_dist_compiled_0rpq4pf._.js
2026-04-07 00:35:47.4350|INFO|Incoming request GET /_next/static/chunks/node_modules_next_dist_client_0fhqo1d._.js GET /_next/static/chunks/node_modules_next_dist_client_0fhqo1d._.js
2026-04-07 00:35:47.4500|INFO|Incoming request GET /_next/static/chunks/node_modules_next_dist_115brz8._.js GET /_next/static/chunks/node_modules_next_dist_115brz8._.js
2026-04-07 00:35:47.4520|INFO|Incoming request GET /_next/static/chunks/node_modules_%40swc_helpers_cjs_0-4ujiy._.js GET /_next/static/chunks/node_modules_%40swc_helpers_cjs_0-4ujiy._.js
2026-04-07 00:35:47.4540|INFO|Incoming request GET /next.svg GET /next.svg
2026-04-07 00:35:47.4740|INFO|Incoming request GET /_next/static/chunks/%5Broot-of-the-server%5D__02nfq85._.css GET /_next/static/chunks/%5Broot-of-the-server%5D__02nfq85._.css
2026-04-07 00:35:47.4760|INFO|Incoming request GET /_next/static/chunks/node_modules_next_dist_compiled_react-dom_058-ah~._.js GET /_next/static/chunks/node_modules_next_dist_compiled_react-dom_058-ah~._.js
2026-04-07 00:35:47.4790|INFO|Incoming request GET /_next/static/chunks/node_modules_next_dist_compiled_react-server-dom-turbopack_0p3wegg._.js GET /_next/static/chunks/node_modules_next_dist_compiled_react-server-dom-turbopack_0p3wegg._.js
2026-04-07 00:35:47.4830|INFO|Incoming request GET /_next/static/chunks/%5Bturbopack%5D_browser_dev_hmr-client_hmr-client_ts_10z625~._.js GET /_next/static/chunks/%5Bturbopack%5D_browser_dev_hmr-client_hmr-client_ts_10z625~._.js
2026-04-07 00:35:47.5520|INFO|Incoming request GET /_next/static/chunks/node_modules_next_dist_compiled_next-devtools_index_0553esy.js GET /_next/static/chunks/node_modules_next_dist_compiled_next-devtools_index_0553esy.js
2026-04-07 00:35:47.5670|INFO|Incoming request GET /_next/static/chunks/node_modules_next_dist_compiled_0rpq4pf._.js GET /_next/static/chunks/node_modules_next_dist_compiled_0rpq4pf._.js
2026-04-07 00:35:47.5760|INFO|Incoming request GET /_next/static/chunks/node_modules_next_dist_client_0fhqo1d._.js GET /_next/static/chunks/node_modules_next_dist_client_0fhqo1d._.js
2026-04-07 00:35:47.6100|INFO|Incoming request GET / GET /
2026-04-07 00:35:47.6160|INFO|Incoming request GET /_next/static/chunks/node_modules_next_dist_115brz8._.js GET /_next/static/chunks/node_modules_next_dist_115brz8._.js
2026-04-07 00:35:47.6400|INFO|Incoming request GET /_next/static/chunks/node_modules_%40swc_helpers_cjs_0-4ujiy._.js GET /_next/static/chunks/node_modules_%40swc_helpers_cjs_0-4ujiy._.js
2026-04-07 00:35:47.8150|INFO|Incoming request GET /_next/static/chunks/_0rqeker._.js GET /_next/static/chunks/_0rqeker._.js
2026-04-07 00:35:47.8410|INFO|Incoming request GET /_next/static/chunks/turbopack-_0p44nws._.js GET /_next/static/chunks/turbopack-_0p44nws._.js
2026-04-07 00:35:47.8430|INFO|Incoming request GET /next.svg GET /next.svg
2026-04-07 00:35:47.8770|INFO|Incoming request GET /_next/static/chunks/node_modules_next_dist_compiled_react-dom_058-ah~._.js GET /_next/static/chunks/node_modules_next_dist_compiled_react-dom_058-ah~._.js
2026-04-07 00:35:47.8850|INFO|Incoming request GET /_next/static/chunks/%5Broot-of-the-server%5D__02nfq85._.css GET /_next/static/chunks/%5Broot-of-the-server%5D__02nfq85._.css
2026-04-07 00:35:47.8870|INFO|Incoming request GET /_next/static/chunks/%5Bturbopack%5D_browser_dev_hmr-client_hmr-client_ts_10z625~._.js GET /_next/static/chunks/%5Bturbopack%5D_browser_dev_hmr-client_hmr-client_ts_10z625~._.js
2026-04-07 00:35:47.8890|INFO|Incoming request GET /_next/static/chunks/node_modules_next_dist_compiled_next-devtools_index_0553esy.js GET /_next/static/chunks/node_modules_next_dist_compiled_next-devtools_index_0553esy.js
2026-04-07 00:35:47.9290|INFO|Incoming request GET /_next/static/chunks/node_modules_next_dist_compiled_react-server-dom-turbopack_0p3wegg._.js GET /_next/static/chunks/node_modules_next_dist_compiled_react-server-dom-turbopack_0p3wegg._.js
2026-04-07 00:35:47.9920|INFO|Incoming request GET / GET /
2026-04-07 00:35:48.0010|INFO|Incoming request GET /_next/static/chunks/node_modules_next_dist_compiled_0rpq4pf._.js GET /_next/static/chunks/node_modules_next_dist_compiled_0rpq4pf._.js
2026-04-07 00:35:48.0650|INFO|Incoming request GET /_next/static/chunks/node_modules_next_dist_client_0fhqo1d._.js GET /_next/static/chunks/node_modules_next_dist_client_0fhqo1d._.js
2026-04-07 00:35:48.0670|INFO|Incoming request GET /_next/static/chunks/node_modules_next_dist_115brz8._.js GET /_next/static/chunks/node_modules_next_dist_115brz8._.js
2026-04-07 00:35:48.1070|INFO|Incoming request GET /_next/static/chunks/node_modules_%40swc_helpers_cjs_0-4ujiy._.js GET /_next/static/chunks/node_modules_%40swc_helpers_cjs_0-4ujiy._.js
2026-04-07 00:35:48.1530|INFO|Incoming request GET /_next/static/chunks/_0rqeker._.js GET /_next/static/chunks/_0rqeker._.js
2026-04-07 00:35:48.2160|INFO|Incoming request GET /_next/static/chunks/turbopack-_0p44nws._.js GET /_next/static/chunks/turbopack-_0p44nws._.js
2026-04-07 00:35:48.2180|INFO|Incoming request GET / GET /
2026-04-07 00:35:48.2210|INFO|Incoming request GET /_next/static/chunks/node_modules_next_dist_0tt2wve._.js GET /_next/static/chunks/node_modules_next_dist_0tt2wve._.js
2026-04-07 00:35:48.2220|INFO|Incoming request GET /next.svg GET /next.svg
2026-04-07 00:35:48.2280|INFO|Incoming request GET /_next/static/chunks/node_modules_next_dist_compiled_react-dom_058-ah~._.js GET /_next/static/chunks/node_modules_next_dist_compiled_react-dom_058-ah~._.js
2026-04-07 00:35:48.2310|INFO|Incoming request GET /_next/static/chunks/%5Broot-of-the-server%5D__02nfq85._.css GET /_next/static/chunks/%5Broot-of-the-server%5D__02nfq85._.css
2026-04-07 00:35:48.2330|INFO|Incoming request GET /_next/static/chunks/%5Bturbopack%5D_browser_dev_hmr-client_hmr-client_ts_10z625~._.js GET /_next/static/chunks/%5Bturbopack%5D_browser_dev_hmr-client_hmr-client_ts_10z625~._.js
2026-04-07 00:35:48.3630|INFO|Incoming request GET /_next/static/chunks/node_modules_next_dist_compiled_next-devtools_index_0553esy.js GET /_next/static/chunks/node_modules_next_dist_compiled_next-devtools_index_0553esy.js
2026-04-07 00:35:48.4030|INFO|Incoming request GET /_next/static/chunks/node_modules_next_dist_compiled_react-server-dom-turbopack_0p3wegg._.js GET /_next/static/chunks/node_modules_next_dist_compiled_react-server-dom-turbopack_0p3wegg._.js
2026-04-07 00:35:48.4240|INFO|Incoming request GET /_next/static/chunks/node_modules_next_dist_compiled_0rpq4pf._.js GET /_next/static/chunks/node_modules_next_dist_compiled_0rpq4pf._.js
2026-04-07 00:35:48.4370|INFO|Incoming request GET /_next/static/chunks/node_modules_next_dist_client_0fhqo1d._.js GET /_next/static/chunks/node_modules_next_dist_client_0fhqo1d._.js
2026-04-07 00:35:48.4410|INFO|Incoming request GET /_next/static/chunks/node_modules_next_dist_115brz8._.js GET /_next/static/chunks/node_modules_next_dist_115brz8._.js
2026-04-07 00:35:48.4440|INFO|Incoming request GET /next.svg GET /next.svg
2026-04-07 00:35:48.4540|INFO|Incoming request GET /_next/static/chunks/%5Broot-of-the-server%5D__02nfq85._.css GET /_next/static/chunks/%5Broot-of-the-server%5D__02nfq85._.css
2026-04-07 00:35:48.4550|INFO|Incoming request GET /_next/static/chunks/node_modules_next_dist_compiled_next-devtools_index_0553esy.js GET /_next/static/chunks/node_modules_next_dist_compiled_next-devtools_index_0553esy.js
2026-04-07 00:35:48.4570|INFO|Incoming request GET /_next/static/chunks/node_modules_next_dist_compiled_react-dom_058-ah~._.js GET /_next/static/chunks/node_modules_next_dist_compiled_react-dom_058-ah~._.js
2026-04-07 00:35:48.4580|INFO|Incoming request GET /_next/static/chunks/node_modules_next_dist_compiled_react-server-dom-turbopack_0p3wegg._.js GET /_next/static/chunks/node_modules_next_dist_compiled_react-server-dom-turbopack_0p3wegg._.js
2026-04-07 00:35:48.4970|INFO|Incoming request GET /_next/static/chunks/%5Bturbopack%5D_browser_dev_hmr-client_hmr-client_ts_10z625~._.js GET /_next/static/chunks/%5Bturbopack%5D_browser_dev_hmr-client_hmr-client_ts_10z625~._.js
2026-04-07 00:35:48.5060|INFO|Incoming request GET /_next/static/chunks/node_modules_next_dist_compiled_0rpq4pf._.js GET /_next/static/chunks/node_modules_next_dist_compiled_0rpq4pf._.js
2026-04-07 00:35:48.5710|INFO|Incoming request GET /_next/static/chunks/node_modules_next_dist_client_0fhqo1d._.js GET /_next/static/chunks/node_modules_next_dist_client_0fhqo1d._.js
2026-04-07 00:35:48.5750|INFO|Incoming request GET /_next/static/chunks/node_modules_next_dist_115brz8._.js GET /_next/static/chunks/node_modules_next_dist_115brz8._.js
2026-04-07 00:35:48.5790|INFO|Incoming request GET /_next/static/chunks/node_modules_%40swc_helpers_cjs_0-4ujiy._.js GET /_next/static/chunks/node_modules_%40swc_helpers_cjs_0-4ujiy._.js
2026-04-07 00:35:48.5970|INFO|Incoming request GET / GET /
2026-04-07 00:35:48.8010|INFO|Incoming request GET /_next/static/chunks/_0rqeker._.js GET /_next/static/chunks/_0rqeker._.js
2026-04-07 00:35:48.8610|INFO|Incoming request GET /_next/static/chunks/turbopack-_0p44nws._.js GET /_next/static/chunks/turbopack-_0p44nws._.js
2026-04-07 00:35:48.8710|INFO|Incoming request GET /next.svg GET /next.svg
2026-04-07 00:35:48.8730|INFO|Incoming request GET /_next/static/chunks/%5Broot-of-the-server%5D__02nfq85._.css GET /_next/static/chunks/%5Broot-of-the-server%5D__02nfq85._.css
2026-04-07 00:35:48.8740|INFO|Incoming request GET /_next/static/chunks/node_modules_next_dist_compiled_next-devtools_index_0553esy.js GET /_next/static/chunks/node_modules_next_dist_compiled_next-devtools_index_0553esy.js
2026-04-07 00:35:48.8750|INFO|Incoming request GET /_next/static/chunks/node_modules_next_dist_compiled_react-dom_058-ah~._.js GET /_next/static/chunks/node_modules_next_dist_compiled_react-dom_058-ah~._.js
2026-04-07 00:35:48.8770|INFO|Incoming request GET /_next/static/chunks/%5Bturbopack%5D_browser_dev_hmr-client_hmr-client_ts_10z625~._.js GET /_next/static/chunks/%5Bturbopack%5D_browser_dev_hmr-client_hmr-client_ts_10z625~._.js
2026-04-07 00:35:48.9310|INFO|Incoming request GET /_next/static/chunks/node_modules_next_dist_compiled_react-server-dom-turbopack_0p3wegg._.js GET /_next/static/chunks/node_modules_next_dist_compiled_react-server-dom-turbopack_0p3wegg._.js
2026-04-07 00:35:48.9660|INFO|Incoming request GET /_next/static/chunks/node_modules_next_dist_compiled_0rpq4pf._.js GET /_next/static/chunks/node_modules_next_dist_compiled_0rpq4pf._.js
2026-04-07 00:35:48.9760|INFO|Incoming request GET /_next/static/chunks/node_modules_next_dist_client_0fhqo1d._.js GET /_next/static/chunks/node_modules_next_dist_client_0fhqo1d._.js
2026-04-07 00:35:49.0360|INFO|Incoming request GET / GET /
2026-04-07 00:35:49.0450|INFO|Incoming request GET /_next/static/chunks/node_modules_next_dist_115brz8._.js GET /_next/static/chunks/node_modules_next_dist_115brz8._.js
2026-04-07 00:35:49.0520|INFO|Incoming request GET /_next/static/chunks/node_modules_%40swc_helpers_cjs_0-4ujiy._.js GET /_next/static/chunks/node_modules_%40swc_helpers_cjs_0-4ujiy._.js
2026-04-07 00:35:49.1860|INFO|Incoming request GET /_next/static/chunks/_0rqeker._.js GET /_next/static/chunks/_0rqeker._.js
2026-04-07 00:35:49.2310|INFO|Incoming request GET / GET /
2026-04-07 00:35:49.2350|INFO|Incoming request GET /next.svg GET /next.svg
2026-04-07 00:35:49.2420|INFO|Incoming request GET /_next/static/chunks/node_modules_next_dist_compiled_next-devtools_index_0553esy.js GET /_next/static/chunks/node_modules_next_dist_compiled_next-devtools_index_0553esy.js
2026-04-07 00:35:49.2430|INFO|Incoming request GET /_next/static/chunks/%5Broot-of-the-server%5D__02nfq85._.css GET /_next/static/chunks/%5Broot-of-the-server%5D__02nfq85._.css
2026-04-07 00:35:49.2460|INFO|Incoming request GET /_next/static/chunks/node_modules_next_dist_compiled_react-dom_058-ah~._.js GET /_next/static/chunks/node_modules_next_dist_compiled_react-dom_058-ah~._.js
2026-04-07 00:35:49.3750|INFO|Incoming request GET /_next/static/chunks/%5Bturbopack%5D_browser_dev_hmr-client_hmr-client_ts_10z625~._.js GET /_next/static/chunks/%5Bturbopack%5D_browser_dev_hmr-client_hmr-client_ts_10z625~._.js
2026-04-07 00:35:49.4210|INFO|Incoming request GET /_next/static/chunks/node_modules_next_dist_compiled_react-server-dom-turbopack_0p3wegg._.js GET /_next/static/chunks/node_modules_next_dist_compiled_react-server-dom-turbopack_0p3wegg._.js
2026-04-07 00:35:49.4540|INFO|Incoming request GET /_next/static/chunks/node_modules_next_dist_compiled_0rpq4pf._.js GET /_next/static/chunks/node_modules_next_dist_compiled_0rpq4pf._.js
2026-04-07 00:35:49.4560|INFO|Incoming request GET /_next/static/chunks/node_modules_next_dist_client_0fhqo1d._.js GET /_next/static/chunks/node_modules_next_dist_client_0fhqo1d._.js
2026-04-07 00:35:49.4660|INFO|Incoming request GET /_next/static/chunks/node_modules_next_dist_115brz8._.js GET /_next/static/chunks/node_modules_next_dist_115brz8._.js
2026-04-07 00:35:49.4680|INFO|Incoming request GET /next.svg GET /next.svg
2026-04-07 00:35:49.4690|INFO|Incoming request GET /_next/static/chunks/%5Broot-of-the-server%5D__02nfq85._.css GET /_next/static/chunks/%5Broot-of-the-server%5D__02nfq85._.css
2026-04-07 00:35:49.4710|INFO|Incoming request GET /_next/static/chunks/%5Bturbopack%5D_browser_dev_hmr-client_hmr-client_ts_10z625~._.js GET /_next/static/chunks/%5Bturbopack%5D_browser_dev_hmr-client_hmr-client_ts_10z625~._.js
2026-04-07 00:35:49.4720|INFO|Incoming request GET /_next/static/chunks/node_modules_next_dist_compiled_next-devtools_index_0553esy.js GET /_next/static/chunks/node_modules_next_dist_compiled_next-devtools_index_0553esy.js
2026-04-07 00:35:49.4760|INFO|Incoming request GET / GET /
2026-04-07 00:35:49.6660|INFO|Incoming request GET /_next/static/chunks/node_modules_next_dist_compiled_react-dom_058-ah~._.js GET /_next/static/chunks/node_modules_next_dist_compiled_react-dom_058-ah~._.js
2026-04-07 00:35:49.6870|INFO|Incoming request GET /_next/static/chunks/node_modules_next_dist_compiled_react-server-dom-turbopack_0p3wegg._.js GET /_next/static/chunks/node_modules_next_dist_compiled_react-server-dom-turbopack_0p3wegg._.js
2026-04-07 00:35:49.7170|INFO|Incoming request GET /_next/static/chunks/node_modules_next_dist_compiled_0rpq4pf._.js GET /_next/static/chunks/node_modules_next_dist_compiled_0rpq4pf._.js
2026-04-07 00:35:49.7720|INFO|Incoming request GET /_next/static/chunks/node_modules_next_dist_client_0fhqo1d._.js GET /_next/static/chunks/node_modules_next_dist_client_0fhqo1d._.js
2026-04-07 00:35:49.7740|INFO|Incoming request GET /_next/static/chunks/node_modules_next_dist_115brz8._.js GET /_next/static/chunks/node_modules_next_dist_115brz8._.js
2026-04-07 00:35:49.7750|INFO|Incoming request GET /next.svg GET /next.svg
2026-04-07 00:35:49.7860|INFO|Incoming request GET /_next/static/chunks/%5Broot-of-the-server%5D__02nfq85._.css GET /_next/static/chunks/%5Broot-of-the-server%5D__02nfq85._.css
2026-04-07 00:35:49.7870|INFO|Incoming request GET /_next/static/chunks/node_modules_next_dist_compiled_next-devtools_index_0553esy.js GET /_next/static/chunks/node_modules_next_dist_compiled_next-devtools_index_0553esy.js
2026-04-07 00:35:49.7890|INFO|Incoming request GET /_next/static/chunks/node_modules_next_dist_compiled_react-dom_058-ah~._.js GET /_next/static/chunks/node_modules_next_dist_compiled_react-dom_058-ah~._.js
2026-04-07 00:35:49.7910|INFO|Incoming request GET /_next/static/chunks/node_modules_next_dist_compiled_react-server-dom-turbopack_0p3wegg._.js GET /_next/static/chunks/node_modules_next_dist_compiled_react-server-dom-turbopack_0p3wegg._.js
2026-04-07 00:35:49.8470|INFO|Incoming request GET /_next/static/chunks/%5Bturbopack%5D_browser_dev_hmr-client_hmr-client_ts_10z625~._.js GET /_next/static/chunks/%5Bturbopack%5D_browser_dev_hmr-client_hmr-client_ts_10z625~._.js
2026-04-07 00:35:49.8610|INFO|Incoming request GET /_next/static/chunks/node_modules_next_dist_compiled_0rpq4pf._.js GET /_next/static/chunks/node_modules_next_dist_compiled_0rpq4pf._.js
2026-04-07 00:35:49.9320|INFO|Incoming request GET / GET /
2026-04-07 00:35:49.9350|INFO|Incoming request GET /_next/static/chunks/node_modules_next_dist_client_0fhqo1d._.js GET /_next/static/chunks/node_modules_next_dist_client_0fhqo1d._.js
2026-04-07 00:35:49.9470|INFO|Incoming request GET /_next/static/chunks/node_modules_next_dist_115brz8._.js GET /_next/static/chunks/node_modules_next_dist_115brz8._.js
2026-04-07 00:35:50.1300|INFO|Incoming request GET /_next/static/chunks/node_modules_%40swc_helpers_cjs_0-4ujiy._.js GET /_next/static/chunks/node_modules_%40swc_helpers_cjs_0-4ujiy._.js
2026-04-07 00:35:50.2000|INFO|Incoming request GET /_next/static/chunks/_0rqeker._.js GET /_next/static/chunks/_0rqeker._.js
2026-04-07 00:35:50.2100|INFO|Incoming request GET /next.svg GET /next.svg
2026-04-07 00:35:50.2130|INFO|Incoming request GET /_next/static/chunks/%5Broot-of-the-server%5D__02nfq85._.css GET /_next/static/chunks/%5Broot-of-the-server%5D__02nfq85._.css
2026-04-07 00:35:50.2150|INFO|Incoming request GET /_next/static/chunks/node_modules_next_dist_compiled_next-devtools_index_0553esy.js GET /_next/static/chunks/node_modules_next_dist_compiled_next-devtools_index_0553esy.js
2026-04-07 00:35:50.2170|INFO|Incoming request GET /_next/static/chunks/node_modules_next_dist_compiled_react-dom_058-ah~._.js GET /_next/static/chunks/node_modules_next_dist_compiled_react-dom_058-ah~._.js
2026-04-07 00:35:50.2210|INFO|Incoming request GET /_next/static/chunks/%5Bturbopack%5D_browser_dev_hmr-client_hmr-client_ts_10z625~._.js GET /_next/static/chunks/%5Bturbopack%5D_browser_dev_hmr-client_hmr-client_ts_10z625~._.js
2026-04-07 00:35:50.2830|INFO|Incoming request GET / GET /
2026-04-07 00:35:50.2990|INFO|Incoming request GET /_next/static/chunks/node_modules_next_dist_compiled_react-server-dom-turbopack_0p3wegg._.js GET /_next/static/chunks/node_modules_next_dist_compiled_react-server-dom-turbopack_0p3wegg._.js
2026-04-07 00:35:50.3070|INFO|Incoming request GET /_next/static/chunks/node_modules_next_dist_compiled_0rpq4pf._.js GET /_next/static/chunks/node_modules_next_dist_compiled_0rpq4pf._.js
2026-04-07 00:35:50.5480|INFO|Incoming request GET /_next/static/chunks/node_modules_next_dist_client_0fhqo1d._.js GET /_next/static/chunks/node_modules_next_dist_client_0fhqo1d._.js
2026-04-07 00:35:50.5690|INFO|Incoming request GET /_next/static/chunks/node_modules_next_dist_115brz8._.js GET /_next/static/chunks/node_modules_next_dist_115brz8._.js
2026-04-07 00:35:50.5710|INFO|Incoming request GET /_next/static/chunks/node_modules_%40swc_helpers_cjs_0-4ujiy._.js GET /_next/static/chunks/node_modules_%40swc_helpers_cjs_0-4ujiy._.js
2026-04-07 00:35:50.5950|INFO|Incoming request GET /_next/static/chunks/_0rqeker._.js GET /_next/static/chunks/_0rqeker._.js
2026-04-07 00:35:50.5970|INFO|Incoming request GET /next.svg GET /next.svg
2026-04-07 00:35:50.6050|INFO|Incoming request GET /_next/static/chunks/node_modules_next_dist_compiled_next-devtools_index_0553esy.js GET /_next/static/chunks/node_modules_next_dist_compiled_next-devtools_index_0553esy.js
2026-04-07 00:35:50.6060|INFO|Incoming request GET /_next/static/chunks/node_modules_next_dist_compiled_react-dom_058-ah~._.js GET /_next/static/chunks/node_modules_next_dist_compiled_react-dom_058-ah~._.js
2026-04-07 00:35:50.6080|INFO|Incoming request GET /_next/static/chunks/%5Broot-of-the-server%5D__02nfq85._.css GET /_next/static/chunks/%5Broot-of-the-server%5D__02nfq85._.css
2026-04-07 00:35:50.6390|INFO|Incoming request GET /_next/static/chunks/%5Bturbopack%5D_browser_dev_hmr-client_hmr-client_ts_10z625~._.js GET /_next/static/chunks/%5Bturbopack%5D_browser_dev_hmr-client_hmr-client_ts_10z625~._.js
2026-04-07 00:35:50.6560|INFO|Incoming request GET /_next/static/chunks/node_modules_next_dist_compiled_react-server-dom-turbopack_0p3wegg._.js GET /_next/static/chunks/node_modules_next_dist_compiled_react-server-dom-turbopack_0p3wegg._.js
2026-04-07 00:35:50.6650|INFO|Incoming request GET /_next/static/chunks/node_modules_next_dist_compiled_0rpq4pf._.js GET /_next/static/chunks/node_modules_next_dist_compiled_0rpq4pf._.js
2026-04-07 00:35:50.7310|INFO|Incoming request GET /_next/static/chunks/node_modules_next_dist_client_0fhqo1d._.js GET /_next/static/chunks/node_modules_next_dist_client_0fhqo1d._.js
2026-04-07 00:35:50.7430|INFO|Incoming request GET / GET /
2026-04-07 00:35:50.7490|INFO|Incoming request GET /_next/static/chunks/node_modules_next_dist_115brz8._.js GET /_next/static/chunks/node_modules_next_dist_115brz8._.js
2026-04-07 00:35:50.7570|INFO|Incoming request GET /_next/static/chunks/node_modules_%40swc_helpers_cjs_0-4ujiy._.js GET /_next/static/chunks/node_modules_%40swc_helpers_cjs_0-4ujiy._.js
2026-04-07 00:35:50.9080|INFO|Incoming request GET /_next/static/chunks/turbopack-_0p44nws._.js GET /_next/static/chunks/turbopack-_0p44nws._.js
2026-04-07 00:35:51.0580|INFO|Incoming request GET / GET /
2026-04-07 00:35:51.0610|INFO|Incoming request GET /next.svg GET /next.svg
2026-04-07 00:35:51.0840|INFO|Incoming request GET /_next/static/chunks/%5Broot-of-the-server%5D__02nfq85._.css GET /_next/static/chunks/%5Broot-of-the-server%5D__02nfq85._.css
2026-04-07 00:35:51.0870|INFO|Incoming request GET /_next/static/chunks/node_modules_next_dist_compiled_next-devtools_index_0553esy.js GET /_next/static/chunks/node_modules_next_dist_compiled_next-devtools_index_0553esy.js
2026-04-07 00:35:51.0880|INFO|Incoming request GET /_next/static/chunks/node_modules_next_dist_compiled_react-dom_058-ah~._.js GET /_next/static/chunks/node_modules_next_dist_compiled_react-dom_058-ah~._.js
2026-04-07 00:35:51.0910|INFO|Incoming request GET /_next/static/chunks/%5Bturbopack%5D_browser_dev_hmr-client_hmr-client_ts_10z625~._.js GET /_next/static/chunks/%5Bturbopack%5D_browser_dev_hmr-client_hmr-client_ts_10z625~._.js
2026-04-07 00:35:51.2560|INFO|Incoming request GET /_next/static/chunks/node_modules_next_dist_compiled_react-server-dom-turbopack_0p3wegg._.js GET /_next/static/chunks/node_modules_next_dist_compiled_react-server-dom-turbopack_0p3wegg._.js
2026-04-07 00:35:51.3170|INFO|Incoming request GET /_next/static/chunks/node_modules_next_dist_compiled_0rpq4pf._.js GET /_next/static/chunks/node_modules_next_dist_compiled_0rpq4pf._.js
2026-04-07 00:35:51.3210|INFO|Incoming request GET /_next/static/chunks/node_modules_next_dist_client_0fhqo1d._.js GET /_next/static/chunks/node_modules_next_dist_client_0fhqo1d._.js
2026-04-07 00:35:51.3350|INFO|Incoming request GET /_next/static/chunks/_0rqeker._.js GET /_next/static/chunks/_0rqeker._.js
2026-04-07 00:35:51.3370|INFO|Incoming request GET /next.svg GET /next.svg
2026-04-07 00:35:51.3430|INFO|Incoming request GET /_next/static/chunks/%5Broot-of-the-server%5D__02nfq85._.css GET /_next/static/chunks/%5Broot-of-the-server%5D__02nfq85._.css
2026-04-07 00:35:51.3460|INFO|Incoming request GET /_next/static/chunks/node_modules_next_dist_compiled_next-devtools_index_0553esy.js GET /_next/static/chunks/node_modules_next_dist_compiled_next-devtools_index_0553esy.js
2026-04-07 00:35:51.3500|INFO|Incoming request GET /_next/static/chunks/node_modules_next_dist_compiled_react-dom_058-ah~._.js GET /_next/static/chunks/node_modules_next_dist_compiled_react-dom_058-ah~._.js
2026-04-07 00:35:51.3520|INFO|Incoming request GET /_next/static/chunks/node_modules_next_dist_compiled_react-server-dom-turbopack_0p3wegg._.js GET /_next/static/chunks/node_modules_next_dist_compiled_react-server-dom-turbopack_0p3wegg._.js
2026-04-07 00:35:51.3830|INFO|Incoming request GET / GET /
2026-04-07 00:35:51.3890|INFO|Incoming request GET /_next/static/chunks/%5Bturbopack%5D_browser_dev_hmr-client_hmr-client_ts_10z625~._.js GET /_next/static/chunks/%5Bturbopack%5D_browser_dev_hmr-client_hmr-client_ts_10z625~._.js
2026-04-07 00:35:51.5470|INFO|Incoming request GET /_next/static/chunks/node_modules_next_dist_compiled_0rpq4pf._.js GET /_next/static/chunks/node_modules_next_dist_compiled_0rpq4pf._.js
2026-04-07 00:35:51.5640|INFO|Incoming request GET /_next/static/chunks/node_modules_next_dist_client_0fhqo1d._.js GET /_next/static/chunks/node_modules_next_dist_client_0fhqo1d._.js
2026-04-07 00:35:51.5810|INFO|Incoming request GET /_next/static/chunks/node_modules_next_dist_115brz8._.js GET /_next/static/chunks/node_modules_next_dist_115brz8._.js
2026-04-07 00:35:51.5920|INFO|Incoming request GET /_next/static/chunks/node_modules_%40swc_helpers_cjs_0-4ujiy._.js GET /_next/static/chunks/node_modules_%40swc_helpers_cjs_0-4ujiy._.js
2026-04-07 00:35:51.5940|INFO|Incoming request GET /next.svg GET /next.svg
2026-04-07 00:35:51.5960|INFO|Incoming request GET / GET /
2026-04-07 00:35:51.6090|INFO|Incoming request GET /_next/static/chunks/%5Broot-of-the-server%5D__02nfq85._.css GET /_next/static/chunks/%5Broot-of-the-server%5D__02nfq85._.css
2026-04-07 00:35:51.6110|INFO|Incoming request GET /_next/static/chunks/node_modules_next_dist_compiled_next-devtools_index_0553esy.js GET /_next/static/chunks/node_modules_next_dist_compiled_next-devtools_index_0553esy.js
2026-04-07 00:35:51.6130|INFO|Incoming request GET /_next/static/chunks/node_modules_next_dist_compiled_react-dom_058-ah~._.js GET /_next/static/chunks/node_modules_next_dist_compiled_react-dom_058-ah~._.js
2026-04-07 00:35:51.7360|INFO|Incoming request GET /_next/static/chunks/%5Bturbopack%5D_browser_dev_hmr-client_hmr-client_ts_10z625~._.js GET /_next/static/chunks/%5Bturbopack%5D_browser_dev_hmr-client_hmr-client_ts_10z625~._.js
2026-04-07 00:35:51.7650|INFO|Incoming request GET /_next/static/chunks/node_modules_next_dist_compiled_react-server-dom-turbopack_0p3wegg._.js GET /_next/static/chunks/node_modules_next_dist_compiled_react-server-dom-turbopack_0p3wegg._.js
2026-04-07 00:35:51.7860|INFO|Incoming request GET /next.svg GET /next.svg
2026-04-07 00:35:51.7950|INFO|Incoming request GET /_next/static/chunks/%5Broot-of-the-server%5D__02nfq85._.css GET /_next/static/chunks/%5Broot-of-the-server%5D__02nfq85._.css
2026-04-07 00:35:51.7970|INFO|Incoming request GET /_next/static/chunks/%5Bturbopack%5D_browser_dev_hmr-client_hmr-client_ts_10z625~._.js GET /_next/static/chunks/%5Bturbopack%5D_browser_dev_hmr-client_hmr-client_ts_10z625~._.js
2026-04-07 00:35:51.7980|INFO|Incoming request GET /_next/static/chunks/node_modules_next_dist_compiled_next-devtools_index_0553esy.js GET /_next/static/chunks/node_modules_next_dist_compiled_next-devtools_index_0553esy.js
2026-04-07 00:35:51.8320|INFO|Incoming request GET /_next/static/chunks/node_modules_next_dist_compiled_react-dom_058-ah~._.js GET /_next/static/chunks/node_modules_next_dist_compiled_react-dom_058-ah~._.js
2026-04-07 00:35:51.8430|INFO|Incoming request GET /_next/static/chunks/node_modules_next_dist_compiled_react-server-dom-turbopack_0p3wegg._.js GET /_next/static/chunks/node_modules_next_dist_compiled_react-server-dom-turbopack_0p3wegg._.js
2026-04-07 00:35:51.8520|INFO|Incoming request GET /_next/static/chunks/node_modules_next_dist_compiled_0rpq4pf._.js GET /_next/static/chunks/node_modules_next_dist_compiled_0rpq4pf._.js
2026-04-07 00:35:51.8660|INFO|Incoming request GET /_next/static/chunks/node_modules_next_dist_client_0fhqo1d._.js GET /_next/static/chunks/node_modules_next_dist_client_0fhqo1d._.js
2026-04-07 00:35:51.8990|INFO|Incoming request GET /_next/static/chunks/node_modules_next_dist_115brz8._.js GET /_next/static/chunks/node_modules_next_dist_115brz8._.js
2026-04-07 00:35:51.9440|INFO|Incoming request GET /_next/static/chunks/node_modules_%40swc_helpers_cjs_0-4ujiy._.js GET /_next/static/chunks/node_modules_%40swc_helpers_cjs_0-4ujiy._.js
2026-04-07 00:35:51.9650|INFO|Incoming request GET /_next/static/chunks/_0rqeker._.js GET /_next/static/chunks/_0rqeker._.js
2026-04-07 00:35:52.0210|INFO|Incoming request GET / GET /
2026-04-07 00:35:52.0290|INFO|Incoming request GET /_next/static/chunks/turbopack-_0p44nws._.js GET /_next/static/chunks/turbopack-_0p44nws._.js
2026-04-07 00:35:52.0360|INFO|Incoming request GET /_next/static/chunks/node_modules_next_dist_0tt2wve._.js GET /_next/static/chunks/node_modules_next_dist_0tt2wve._.js
2026-04-07 00:35:52.0420|INFO|Incoming request GET /_next/static/chunks/src_app_layout_tsx_004glpo._.js GET /_next/static/chunks/src_app_layout_tsx_004glpo._.js
2026-04-07 00:35:52.1090|INFO|Incoming request GET /_next/static/chunks/node_modules_next_dist_07p5au~._.js GET /_next/static/chunks/node_modules_next_dist_07p5au~._.js
2026-04-07 00:35:52.1820|INFO|Incoming request GET /_next/static/chunks/src_app_page_tsx_002ye8~._.js GET /_next/static/chunks/src_app_page_tsx_002ye8~._.js
2026-04-07 00:35:52.2010|INFO|Incoming request GET /_next/static/chunks/node_modules_next_dist_client_components_builtin_global-error_002ye8~.js GET /_next/static/chunks/node_modules_next_dist_client_components_builtin_global-error_002ye8~.js
2026-04-07 00:35:52.2170|INFO|Incoming request GET /_next/static/chunks/%5Broot-of-the-server%5D__02nfq85._.css GET /_next/static/chunks/%5Broot-of-the-server%5D__02nfq85._.css
2026-04-07 00:35:52.2200|INFO|Incoming request GET /next.svg GET /next.svg
2026-04-07 00:35:52.2220|INFO|Incoming request GET /_next/static/chunks/%5Bturbopack%5D_browser_dev_hmr-client_hmr-client_ts_10z625~._.js GET /_next/static/chunks/%5Bturbopack%5D_browser_dev_hmr-client_hmr-client_ts_10z625~._.js
2026-04-07 00:35:52.2230|INFO|Incoming request GET /_next/static/chunks/node_modules_next_dist_compiled_next-devtools_index_0553esy.js GET /_next/static/chunks/node_modules_next_dist_compiled_next-devtools_index_0553esy.js
2026-04-07 00:35:52.2250|INFO|Incoming request GET /_next/static/chunks/node_modules_next_dist_compiled_react-dom_058-ah~._.js GET /_next/static/chunks/node_modules_next_dist_compiled_react-dom_058-ah~._.js
2026-04-07 00:35:52.2910|INFO|Incoming request GET /_next/static/chunks/node_modules_next_dist_compiled_react-server-dom-turbopack_0p3wegg._.js GET /_next/static/chunks/node_modules_next_dist_compiled_react-server-dom-turbopack_0p3wegg._.js
2026-04-07 00:35:52.2970|INFO|Incoming request GET /_next/static/chunks/node_modules_next_dist_compiled_0rpq4pf._.js GET /_next/static/chunks/node_modules_next_dist_compiled_0rpq4pf._.js
2026-04-07 00:35:52.3040|INFO|Incoming request GET /_next/static/chunks/node_modules_next_dist_client_0fhqo1d._.js GET /_next/static/chunks/node_modules_next_dist_client_0fhqo1d._.js
2026-04-07 00:35:52.3050|INFO|Incoming request GET /_next/static/chunks/node_modules_next_dist_115brz8._.js GET /_next/static/chunks/node_modules_next_dist_115brz8._.js
2026-04-07 00:35:52.3070|INFO|Incoming request GET /_next/static/chunks/node_modules_%40swc_helpers_cjs_0-4ujiy._.js GET /_next/static/chunks/node_modules_%40swc_helpers_cjs_0-4ujiy._.js
2026-04-07 00:35:52.3750|INFO|Incoming request GET /_next/static/chunks/_0rqeker._.js GET /_next/static/chunks/_0rqeker._.js
2026-04-07 00:35:52.3850|INFO|Incoming request GET /_next/static/chunks/turbopack-_0p44nws._.js GET /_next/static/chunks/turbopack-_0p44nws._.js
2026-04-07 00:35:52.3870|INFO|Incoming request GET /_next/static/chunks/node_modules_next_dist_0tt2wve._.js GET /_next/static/chunks/node_modules_next_dist_0tt2wve._.js
2026-04-07 00:35:52.3880|INFO|Incoming request GET /_next/static/chunks/src_app_layout_tsx_004glpo._.js GET /_next/static/chunks/src_app_layout_tsx_004glpo._.js
2026-04-07 00:35:52.3980|INFO|Incoming request GET /_next/static/chunks/node_modules_next_dist_07p5au~._.js GET /_next/static/chunks/node_modules_next_dist_07p5au~._.js
2026-04-07 00:35:52.4000|INFO|Incoming request GET /_next/static/chunks/src_app_page_tsx_002ye8~._.js GET /_next/static/chunks/src_app_page_tsx_002ye8~._.js
2026-04-07 00:35:52.4200|INFO|Incoming request GET / GET /
2026-04-07 00:35:52.5480|INFO|Incoming request GET /_next/static/chunks/node_modules_next_dist_client_components_builtin_global-error_002ye8~.js GET /_next/static/chunks/node_modules_next_dist_client_components_builtin_global-error_002ye8~.js
2026-04-07 00:35:52.5840|INFO|Incoming request GET /vercel.svg GET /vercel.svg
2026-04-07 00:35:52.6310|INFO|Incoming request GET /_next/static/chunks/%5Bturbopack%5D_browser_dev_hmr-client_hmr-client_ts_0yjw1oe._.js GET /_next/static/chunks/%5Bturbopack%5D_browser_dev_hmr-client_hmr-client_ts_0yjw1oe._.js
2026-04-07 00:35:52.6410|INFO|Incoming request GET /_next/static/chunks/%5Bturbopack%5D_browser_dev_hmr-client_hmr-client_ts_10mygs7._.js GET /_next/static/chunks/%5Bturbopack%5D_browser_dev_hmr-client_hmr-client_ts_10mygs7._.js
2026-04-07 00:35:52.6630|INFO|Incoming request GET /next.svg GET /next.svg
2026-04-07 00:35:52.6670|INFO|Incoming request GET / GET /
2026-04-07 00:35:52.6690|INFO|Incoming request GET /_next/static/chunks/%5Broot-of-the-server%5D__02nfq85._.css GET /_next/static/chunks/%5Broot-of-the-server%5D__02nfq85._.css
2026-04-07 00:35:52.6750|INFO|Incoming request GET /_next/static/chunks/%5Bturbopack%5D_browser_dev_hmr-client_hmr-client_ts_10z625~._.js GET /_next/static/chunks/%5Bturbopack%5D_browser_dev_hmr-client_hmr-client_ts_10z625~._.js
2026-04-07 00:35:52.6770|INFO|Incoming request GET /_next/static/chunks/node_modules_next_dist_compiled_next-devtools_index_0553esy.js GET /_next/static/chunks/node_modules_next_dist_compiled_next-devtools_index_0553esy.js
2026-04-07 00:35:52.8140|INFO|Incoming request GET /_next/static/chunks/node_modules_next_dist_compiled_react-dom_058-ah~._.js GET /_next/static/chunks/node_modules_next_dist_compiled_react-dom_058-ah~._.js
2026-04-07 00:35:52.8470|INFO|Incoming request GET /_next/static/chunks/node_modules_next_dist_compiled_react-server-dom-turbopack_0p3wegg._.js GET /_next/static/chunks/node_modules_next_dist_compiled_react-server-dom-turbopack_0p3wegg._.js
2026-04-07 00:35:52.8860|INFO|Incoming request GET /_next/static/chunks/node_modules_next_dist_compiled_0rpq4pf._.js GET /_next/static/chunks/node_modules_next_dist_compiled_0rpq4pf._.js
2026-04-07 00:35:52.8880|INFO|Incoming request GET /_next/static/chunks/node_modules_next_dist_client_0fhqo1d._.js GET /_next/static/chunks/node_modules_next_dist_client_0fhqo1d._.js
2026-04-07 00:35:52.9090|INFO|Incoming request GET /_next/static/chunks/node_modules_next_dist_115brz8._.js GET /_next/static/chunks/node_modules_next_dist_115brz8._.js
2026-04-07 00:35:52.9120|INFO|Incoming request GET /_next/static/chunks/node_modules_%40swc_helpers_cjs_0-4ujiy._.js GET /_next/static/chunks/node_modules_%40swc_helpers_cjs_0-4ujiy._.js
2026-04-07 00:35:52.9160|INFO|Incoming request GET /next.svg GET /next.svg
2026-04-07 00:35:52.9220|INFO|Incoming request GET /_next/static/chunks/%5Broot-of-the-server%5D__02nfq85._.css GET /_next/static/chunks/%5Broot-of-the-server%5D__02nfq85._.css
2026-04-07 00:35:52.9240|INFO|Incoming request GET /_next/static/chunks/node_modules_next_dist_compiled_react-dom_058-ah~._.js GET /_next/static/chunks/node_modules_next_dist_compiled_react-dom_058-ah~._.js
2026-04-07 00:35:52.9250|INFO|Incoming request GET /_next/static/chunks/node_modules_next_dist_compiled_react-server-dom-turbopack_0p3wegg._.js GET /_next/static/chunks/node_modules_next_dist_compiled_react-server-dom-turbopack_0p3wegg._.js
2026-04-07 00:35:52.9270|INFO|Incoming request GET /_next/static/chunks/%5Bturbopack%5D_browser_dev_hmr-client_hmr-client_ts_10z625~._.js GET /_next/static/chunks/%5Bturbopack%5D_browser_dev_hmr-client_hmr-client_ts_10z625~._.js
2026-04-07 00:35:52.9660|INFO|Incoming request GET / GET /
2026-04-07 00:35:52.9800|INFO|Incoming request GET /_next/static/chunks/node_modules_next_dist_compiled_next-devtools_index_0553esy.js GET /_next/static/chunks/node_modules_next_dist_compiled_next-devtools_index_0553esy.js
2026-04-07 00:35:53.0460|INFO|Incoming request GET /_next/static/chunks/node_modules_next_dist_compiled_0rpq4pf._.js GET /_next/static/chunks/node_modules_next_dist_compiled_0rpq4pf._.js
2026-04-07 00:35:53.3610|INFO|Incoming request GET /_next/static/chunks/node_modules_next_dist_client_0fhqo1d._.js GET /_next/static/chunks/node_modules_next_dist_client_0fhqo1d._.js
2026-04-07 00:35:53.4380|INFO|Incoming request GET /_next/static/chunks/node_modules_next_dist_115brz8._.js GET /_next/static/chunks/node_modules_next_dist_115brz8._.js
2026-04-07 00:35:53.4420|INFO|Incoming request GET /_next/static/chunks/node_modules_%40swc_helpers_cjs_0-4ujiy._.js GET /_next/static/chunks/node_modules_%40swc_helpers_cjs_0-4ujiy._.js
2026-04-07 00:35:53.4880|INFO|Incoming request GET /_next/static/chunks/_0rqeker._.js GET /_next/static/chunks/_0rqeker._.js
2026-04-07 00:35:53.4910|INFO|Incoming request GET /_next/static/chunks/node_modules_next_dist_0tt2wve._.js GET /_next/static/chunks/node_modules_next_dist_0tt2wve._.js
2026-04-07 00:35:53.5160|INFO|Incoming request GET /next.svg GET /next.svg
2026-04-07 00:35:53.5450|INFO|Incoming request GET /_next/static/chunks/%5Broot-of-the-server%5D__02nfq85._.css GET /_next/static/chunks/%5Broot-of-the-server%5D__02nfq85._.css
2026-04-07 00:35:53.5470|INFO|Incoming request GET /_next/static/chunks/node_modules_next_dist_compiled_react-dom_058-ah~._.js GET /_next/static/chunks/node_modules_next_dist_compiled_react-dom_058-ah~._.js
2026-04-07 00:35:53.5540|INFO|Incoming request GET /_next/static/chunks/%5Bturbopack%5D_browser_dev_hmr-client_hmr-client_ts_10z625~._.js GET /_next/static/chunks/%5Bturbopack%5D_browser_dev_hmr-client_hmr-client_ts_10z625~._.js
2026-04-07 00:35:53.5570|INFO|Incoming request GET /_next/static/chunks/node_modules_next_dist_compiled_next-devtools_index_0553esy.js GET /_next/static/chunks/node_modules_next_dist_compiled_next-devtools_index_0553esy.js
2026-04-07 00:35:53.6490|INFO|Incoming request GET / GET /
2026-04-07 00:35:53.6630|INFO|Incoming request GET /_next/static/chunks/node_modules_next_dist_compiled_react-server-dom-turbopack_0p3wegg._.js GET /_next/static/chunks/node_modules_next_dist_compiled_react-server-dom-turbopack_0p3wegg._.js
2026-04-07 00:35:53.6690|INFO|Incoming request GET /_next/static/chunks/node_modules_next_dist_compiled_0rpq4pf._.js GET /_next/static/chunks/node_modules_next_dist_compiled_0rpq4pf._.js
2026-04-07 00:35:53.6750|INFO|Incoming request GET /_next/static/chunks/node_modules_next_dist_client_0fhqo1d._.js GET /_next/static/chunks/node_modules_next_dist_client_0fhqo1d._.js
2026-04-07 00:35:53.8590|INFO|Incoming request GET /_next/static/chunks/node_modules_next_dist_115brz8._.js GET /_next/static/chunks/node_modules_next_dist_115brz8._.js
2026-04-07 00:35:53.8940|INFO|Incoming request GET /_next/static/chunks/node_modules_%40swc_helpers_cjs_0-4ujiy._.js GET /_next/static/chunks/node_modules_%40swc_helpers_cjs_0-4ujiy._.js
2026-04-07 00:35:53.9070|INFO|Incoming request GET /next.svg GET /next.svg
2026-04-07 00:35:53.9180|INFO|Incoming request GET /_next/static/chunks/%5Broot-of-the-server%5D__02nfq85._.css GET /_next/static/chunks/%5Broot-of-the-server%5D__02nfq85._.css
2026-04-07 00:35:53.9330|INFO|Incoming request GET /_next/static/chunks/node_modules_next_dist_compiled_react-dom_058-ah~._.js GET /_next/static/chunks/node_modules_next_dist_compiled_react-dom_058-ah~._.js
2026-04-07 00:35:53.9350|INFO|Incoming request GET /_next/static/chunks/%5Bturbopack%5D_browser_dev_hmr-client_hmr-client_ts_10z625~._.js GET /_next/static/chunks/%5Bturbopack%5D_browser_dev_hmr-client_hmr-client_ts_10z625~._.js
2026-04-07 00:35:53.9380|INFO|Incoming request GET /_next/static/chunks/node_modules_next_dist_compiled_next-devtools_index_0553esy.js GET /_next/static/chunks/node_modules_next_dist_compiled_next-devtools_index_0553esy.js
2026-04-07 00:35:54.0050|INFO|Incoming request GET /_next/static/chunks/node_modules_next_dist_compiled_react-server-dom-turbopack_0p3wegg._.js GET /_next/static/chunks/node_modules_next_dist_compiled_react-server-dom-turbopack_0p3wegg._.js
2026-04-07 00:35:54.0270|INFO|Incoming request GET / GET /
2026-04-07 00:35:54.0350|INFO|Incoming request GET /_next/static/chunks/node_modules_next_dist_compiled_0rpq4pf._.js GET /_next/static/chunks/node_modules_next_dist_compiled_0rpq4pf._.js
2026-04-07 00:35:54.0480|INFO|Incoming request GET /_next/static/chunks/node_modules_next_dist_client_0fhqo1d._.js GET /_next/static/chunks/node_modules_next_dist_client_0fhqo1d._.js
2026-04-07 00:35:54.1580|INFO|Incoming request GET /_next/static/chunks/node_modules_next_dist_115brz8._.js GET /_next/static/chunks/node_modules_next_dist_115brz8._.js
2026-04-07 00:35:54.2260|INFO|Incoming request GET /_next/static/chunks/node_modules_%40swc_helpers_cjs_0-4ujiy._.js GET /_next/static/chunks/node_modules_%40swc_helpers_cjs_0-4ujiy._.js
2026-04-07 00:35:54.2780|INFO|Incoming request GET /next.svg GET /next.svg
2026-04-07 00:35:54.2880|INFO|Incoming request GET /_next/static/chunks/%5Broot-of-the-server%5D__02nfq85._.css GET /_next/static/chunks/%5Broot-of-the-server%5D__02nfq85._.css
2026-04-07 00:35:54.2920|INFO|Incoming request GET /_next/static/chunks/node_modules_next_dist_compiled_react-dom_058-ah~._.js GET /_next/static/chunks/node_modules_next_dist_compiled_react-dom_058-ah~._.js
2026-04-07 00:35:54.2950|INFO|Incoming request GET /_next/static/chunks/%5Bturbopack%5D_browser_dev_hmr-client_hmr-client_ts_10z625~._.js GET /_next/static/chunks/%5Bturbopack%5D_browser_dev_hmr-client_hmr-client_ts_10z625~._.js
2026-04-07 00:35:54.2970|INFO|Incoming request GET /_next/static/chunks/node_modules_next_dist_compiled_next-devtools_index_0553esy.js GET /_next/static/chunks/node_modules_next_dist_compiled_next-devtools_index_0553esy.js
2026-04-07 00:35:54.3420|INFO|Incoming request GET /_next/static/chunks/node_modules_next_dist_compiled_react-server-dom-turbopack_0p3wegg._.js GET /_next/static/chunks/node_modules_next_dist_compiled_react-server-dom-turbopack_0p3wegg._.js
2026-04-07 00:35:54.3660|INFO|Incoming request GET /_next/static/chunks/node_modules_next_dist_compiled_0rpq4pf._.js GET /_next/static/chunks/node_modules_next_dist_compiled_0rpq4pf._.js
2026-04-07 00:35:54.3730|INFO|Incoming request GET /_next/static/chunks/node_modules_next_dist_client_0fhqo1d._.js GET /_next/static/chunks/node_modules_next_dist_client_0fhqo1d._.js
2026-04-07 00:35:54.3750|INFO|Incoming request GET /_next/static/chunks/node_modules_next_dist_115brz8._.js GET /_next/static/chunks/node_modules_next_dist_115brz8._.js
2026-04-07 00:35:54.4090|INFO|Incoming request GET /_next/static/chunks/node_modules_%40swc_helpers_cjs_0-4ujiy._.js GET /_next/static/chunks/node_modules_%40swc_helpers_cjs_0-4ujiy._.js
2026-04-07 00:35:54.4260|INFO|Incoming request GET / GET /
2026-04-07 00:35:54.6030|INFO|Incoming request GET /_next/static/chunks/_0rqeker._.js GET /_next/static/chunks/_0rqeker._.js
2026-04-07 00:35:54.6260|INFO|Incoming request GET /_next/static/chunks/turbopack-_0p44nws._.js GET /_next/static/chunks/turbopack-_0p44nws._.js
2026-04-07 00:35:54.6410|INFO|Incoming request GET /_next/static/chunks/node_modules_next_dist_0tt2wve._.js GET /_next/static/chunks/node_modules_next_dist_0tt2wve._.js
2026-04-07 00:35:54.6710|INFO|Incoming request GET /next.svg GET /next.svg
2026-04-07 00:35:54.6780|INFO|Incoming request GET / GET /
2026-04-07 00:35:54.6820|INFO|Incoming request GET /_next/static/chunks/node_modules_next_dist_compiled_react-dom_058-ah~._.js GET /_next/static/chunks/node_modules_next_dist_compiled_react-dom_058-ah~._.js
2026-04-07 00:35:54.6840|INFO|Incoming request GET /_next/static/chunks/%5Broot-of-the-server%5D__02nfq85._.css GET /_next/static/chunks/%5Broot-of-the-server%5D__02nfq85._.css
2026-04-07 00:35:54.6850|INFO|Incoming request GET /_next/static/chunks/%5Bturbopack%5D_browser_dev_hmr-client_hmr-client_ts_10z625~._.js GET /_next/static/chunks/%5Bturbopack%5D_browser_dev_hmr-client_hmr-client_ts_10z625~._.js
2026-04-07 00:35:54.8210|INFO|Incoming request GET /_next/static/chunks/node_modules_next_dist_compiled_next-devtools_index_0553esy.js GET /_next/static/chunks/node_modules_next_dist_compiled_next-devtools_index_0553esy.js
2026-04-07 00:35:54.8740|INFO|Incoming request GET /_next/static/chunks/node_modules_next_dist_compiled_react-server-dom-turbopack_0p3wegg._.js GET /_next/static/chunks/node_modules_next_dist_compiled_react-server-dom-turbopack_0p3wegg._.js
2026-04-07 00:35:54.8780|INFO|Incoming request GET /_next/static/chunks/node_modules_next_dist_compiled_0rpq4pf._.js GET /_next/static/chunks/node_modules_next_dist_compiled_0rpq4pf._.js
2026-04-07 00:35:54.9030|INFO|Incoming request GET /_next/static/chunks/node_modules_next_dist_client_0fhqo1d._.js GET /_next/static/chunks/node_modules_next_dist_client_0fhqo1d._.js
2026-04-07 00:35:54.9170|INFO|Incoming request GET / GET /
2026-04-07 00:35:54.9210|INFO|Incoming request GET /next.svg GET /next.svg
2026-04-07 00:35:54.9300|INFO|Incoming request GET /_next/static/chunks/%5Broot-of-the-server%5D__02nfq85._.css GET /_next/static/chunks/%5Broot-of-the-server%5D__02nfq85._.css
2026-04-07 00:35:54.9340|INFO|Incoming request GET /_next/static/chunks/node_modules_next_dist_compiled_next-devtools_index_0553esy.js GET /_next/static/chunks/node_modules_next_dist_compiled_next-devtools_index_0553esy.js
2026-04-07 00:35:55.0310|INFO|Incoming request GET /_next/static/chunks/node_modules_next_dist_compiled_react-dom_058-ah~._.js GET /_next/static/chunks/node_modules_next_dist_compiled_react-dom_058-ah~._.js
2026-04-07 00:35:55.0960|INFO|Incoming request GET /_next/static/chunks/node_modules_next_dist_compiled_react-server-dom-turbopack_0p3wegg._.js GET /_next/static/chunks/node_modules_next_dist_compiled_react-server-dom-turbopack_0p3wegg._.js
2026-04-07 00:35:55.1510|INFO|Incoming request GET /_next/static/chunks/%5Bturbopack%5D_browser_dev_hmr-client_hmr-client_ts_10z625~._.js GET /_next/static/chunks/%5Bturbopack%5D_browser_dev_hmr-client_hmr-client_ts_10z625~._.js
2026-04-07 00:35:55.1770|INFO|Incoming request GET /_next/static/chunks/node_modules_next_dist_compiled_0rpq4pf._.js GET /_next/static/chunks/node_modules_next_dist_compiled_0rpq4pf._.js
2026-04-07 00:35:55.1810|INFO|Incoming request GET /_next/static/chunks/node_modules_next_dist_client_0fhqo1d._.js GET /_next/static/chunks/node_modules_next_dist_client_0fhqo1d._.js
2026-04-07 00:35:55.1890|INFO|Incoming request GET /next.svg GET /next.svg
2026-04-07 00:35:55.1910|INFO|Incoming request GET /_next/static/chunks/%5Bturbopack%5D_browser_dev_hmr-client_hmr-client_ts_10z625~._.js GET /_next/static/chunks/%5Bturbopack%5D_browser_dev_hmr-client_hmr-client_ts_10z625~._.js
2026-04-07 00:35:55.1950|INFO|Incoming request GET /_next/static/chunks/%5Broot-of-the-server%5D__02nfq85._.css GET /_next/static/chunks/%5Broot-of-the-server%5D__02nfq85._.css
2026-04-07 00:35:55.1990|INFO|Incoming request GET /_next/static/chunks/node_modules_next_dist_compiled_next-devtools_index_0553esy.js GET /_next/static/chunks/node_modules_next_dist_compiled_next-devtools_index_0553esy.js
2026-04-07 00:35:55.2010|INFO|Incoming request GET /_next/static/chunks/node_modules_next_dist_compiled_react-dom_058-ah~._.js GET /_next/static/chunks/node_modules_next_dist_compiled_react-dom_058-ah~._.js
2026-04-07 00:35:55.2470|INFO|Incoming request GET /_next/static/chunks/node_modules_next_dist_compiled_react-server-dom-turbopack_0p3wegg._.js GET /_next/static/chunks/node_modules_next_dist_compiled_react-server-dom-turbopack_0p3wegg._.js
2026-04-07 00:35:55.2560|INFO|Incoming request GET /_next/static/chunks/node_modules_next_dist_compiled_0rpq4pf._.js GET /_next/static/chunks/node_modules_next_dist_compiled_0rpq4pf._.js
2026-04-07 00:35:55.2710|INFO|Incoming request GET /_next/static/chunks/node_modules_next_dist_client_0fhqo1d._.js GET /_next/static/chunks/node_modules_next_dist_client_0fhqo1d._.js
2026-04-07 00:35:55.2970|INFO|Incoming request GET /_next/static/chunks/node_modules_next_dist_115brz8._.js GET /_next/static/chunks/node_modules_next_dist_115brz8._.js
2026-04-07 00:35:55.3970|INFO|Incoming request GET /_next/static/chunks/_0rqeker._.js GET /_next/static/chunks/_0rqeker._.js
2026-04-07 00:35:55.4000|INFO|Incoming request GET /_next/static/chunks/node_modules_%40swc_helpers_cjs_0-4ujiy._.js GET /_next/static/chunks/node_modules_%40swc_helpers_cjs_0-4ujiy._.js
2026-04-07 00:35:55.4580|INFO|Incoming request GET / GET /
2026-04-07 00:35:55.4990|INFO|Incoming request GET /_next/static/chunks/turbopack-_0p44nws._.js GET /_next/static/chunks/turbopack-_0p44nws._.js
2026-04-07 00:35:55.6340|INFO|Incoming request GET /_next/static/chunks/node_modules_next_dist_0tt2wve._.js GET /_next/static/chunks/node_modules_next_dist_0tt2wve._.js
2026-04-07 00:35:55.6460|INFO|Incoming request GET /_next/static/chunks/src_app_layout_tsx_004glpo._.js GET /_next/static/chunks/src_app_layout_tsx_004glpo._.js
2026-04-07 00:35:55.6930|INFO|Incoming request GET /_next/static/chunks/node_modules_next_dist_07p5au~._.js GET /_next/static/chunks/node_modules_next_dist_07p5au~._.js
2026-04-07 00:35:55.7520|INFO|Incoming request GET /_next/static/chunks/src_app_page_tsx_002ye8~._.js GET /_next/static/chunks/src_app_page_tsx_002ye8~._.js
2026-04-07 00:35:55.7830|INFO|Incoming request GET /_next/static/chunks/node_modules_next_dist_client_components_builtin_global-error_002ye8~.js GET /_next/static/chunks/node_modules_next_dist_client_components_builtin_global-error_002ye8~.js
2026-04-07 00:35:55.8060|INFO|Incoming request GET /next.svg GET /next.svg
2026-04-07 00:35:55.8100|INFO|Incoming request GET /_next/static/chunks/%5Broot-of-the-server%5D__02nfq85._.css GET /_next/static/chunks/%5Broot-of-the-server%5D__02nfq85._.css
2026-04-07 00:35:55.8170|INFO|Incoming request GET /_next/static/chunks/%5Bturbopack%5D_browser_dev_hmr-client_hmr-client_ts_10z625~._.js GET /_next/static/chunks/%5Bturbopack%5D_browser_dev_hmr-client_hmr-client_ts_10z625~._.js
2026-04-07 00:35:55.8190|INFO|Incoming request GET /_next/static/chunks/node_modules_next_dist_compiled_next-devtools_index_0553esy.js GET /_next/static/chunks/node_modules_next_dist_compiled_next-devtools_index_0553esy.js
2026-04-07 00:35:55.8220|INFO|Incoming request GET /_next/static/chunks/node_modules_next_dist_compiled_react-dom_058-ah~._.js GET /_next/static/chunks/node_modules_next_dist_compiled_react-dom_058-ah~._.js
2026-04-07 00:35:55.9040|INFO|Incoming request GET /_next/static/chunks/node_modules_next_dist_compiled_react-server-dom-turbopack_0p3wegg._.js GET /_next/static/chunks/node_modules_next_dist_compiled_react-server-dom-turbopack_0p3wegg._.js
2026-04-07 00:35:55.9130|INFO|Incoming request GET /_next/static/chunks/node_modules_next_dist_compiled_0rpq4pf._.js GET /_next/static/chunks/node_modules_next_dist_compiled_0rpq4pf._.js
2026-04-07 00:35:55.9160|INFO|Incoming request GET /_next/static/chunks/node_modules_next_dist_client_0fhqo1d._.js GET /_next/static/chunks/node_modules_next_dist_client_0fhqo1d._.js
2026-04-07 00:35:55.9960|INFO|Incoming request GET / GET /
2026-04-07 00:35:56.0000|INFO|Incoming request GET /_next/static/chunks/node_modules_next_dist_115brz8._.js GET /_next/static/chunks/node_modules_next_dist_115brz8._.js
2026-04-07 00:35:56.1430|INFO|Incoming request GET /_next/static/chunks/node_modules_%40swc_helpers_cjs_0-4ujiy._.js GET /_next/static/chunks/node_modules_%40swc_helpers_cjs_0-4ujiy._.js
2026-04-07 00:35:56.1510|INFO|Incoming request GET /_next/static/chunks/_0rqeker._.js GET /_next/static/chunks/_0rqeker._.js
2026-04-07 00:35:56.1580|INFO|Incoming request GET /_next/static/chunks/turbopack-_0p44nws._.js GET /_next/static/chunks/turbopack-_0p44nws._.js
2026-04-07 00:35:56.1880|INFO|Incoming request GET /_next/static/chunks/node_modules_next_dist_0tt2wve._.js GET /_next/static/chunks/node_modules_next_dist_0tt2wve._.js
2026-04-07 00:35:56.1990|INFO|Incoming request GET /_next/static/chunks/src_app_layout_tsx_004glpo._.js GET /_next/static/chunks/src_app_layout_tsx_004glpo._.js
2026-04-07 00:35:56.2580|INFO|Incoming request GET /_next/static/chunks/node_modules_next_dist_07p5au~._.js GET /_next/static/chunks/node_modules_next_dist_07p5au~._.js
2026-04-07 00:35:56.2610|INFO|Incoming request GET /next.svg GET /next.svg
2026-04-07 00:35:56.2720|INFO|Incoming request GET /_next/static/chunks/%5Broot-of-the-server%5D__02nfq85._.css GET /_next/static/chunks/%5Broot-of-the-server%5D__02nfq85._.css
2026-04-07 00:35:56.2730|INFO|Incoming request GET /_next/static/chunks/%5Bturbopack%5D_browser_dev_hmr-client_hmr-client_ts_10z625~._.js GET /_next/static/chunks/%5Bturbopack%5D_browser_dev_hmr-client_hmr-client_ts_10z625~._.js
2026-04-07 00:35:56.2750|INFO|Incoming request GET /_next/static/chunks/node_modules_next_dist_compiled_next-devtools_index_0553esy.js GET /_next/static/chunks/node_modules_next_dist_compiled_next-devtools_index_0553esy.js
2026-04-07 00:35:56.2760|INFO|Incoming request GET /_next/static/chunks/node_modules_next_dist_compiled_react-dom_058-ah~._.js GET /_next/static/chunks/node_modules_next_dist_compiled_react-dom_058-ah~._.js
2026-04-07 00:35:56.3470|INFO|Incoming request GET /_next/static/chunks/node_modules_next_dist_compiled_react-server-dom-turbopack_0p3wegg._.js GET /_next/static/chunks/node_modules_next_dist_compiled_react-server-dom-turbopack_0p3wegg._.js
2026-04-07 00:35:56.3610|INFO|Incoming request GET /_next/static/chunks/node_modules_next_dist_compiled_0rpq4pf._.js GET /_next/static/chunks/node_modules_next_dist_compiled_0rpq4pf._.js
2026-04-07 00:35:56.3660|INFO|Incoming request GET / GET /
2026-04-07 00:35:56.3680|INFO|Incoming request GET /_next/static/chunks/node_modules_next_dist_client_0fhqo1d._.js GET /_next/static/chunks/node_modules_next_dist_client_0fhqo1d._.js
2026-04-07 00:35:56.3700|INFO|Incoming request GET /_next/static/chunks/node_modules_next_dist_115brz8._.js GET /_next/static/chunks/node_modules_next_dist_115brz8._.js
2026-04-07 00:35:56.6080|INFO|Incoming request GET /_next/static/chunks/node_modules_%40swc_helpers_cjs_0-4ujiy._.js GET /_next/static/chunks/node_modules_%40swc_helpers_cjs_0-4ujiy._.js
2026-04-07 00:35:56.6590|INFO|Incoming request GET /_next/static/chunks/_0rqeker._.js GET /_next/static/chunks/_0rqeker._.js
2026-04-07 00:35:56.6800|INFO|Incoming request GET /_next/static/chunks/turbopack-_0p44nws._.js GET /_next/static/chunks/turbopack-_0p44nws._.js
2026-04-07 00:35:56.6820|INFO|Incoming request GET /_next/static/chunks/node_modules_next_dist_0tt2wve._.js GET /_next/static/chunks/node_modules_next_dist_0tt2wve._.js
2026-04-07 00:35:56.6940|INFO|Incoming request GET /_next/static/chunks/src_app_layout_tsx_004glpo._.js GET /_next/static/chunks/src_app_layout_tsx_004glpo._.js
2026-04-07 00:35:56.7130|INFO|Incoming request GET /_next/static/chunks/node_modules_next_dist_07p5au~._.js GET /_next/static/chunks/node_modules_next_dist_07p5au~._.js
2026-04-07 00:35:56.7150|INFO|Incoming request GET /next.svg GET /next.svg
2026-04-07 00:35:56.7290|INFO|Incoming request GET /_next/static/chunks/%5Broot-of-the-server%5D__02nfq85._.css GET /_next/static/chunks/%5Broot-of-the-server%5D__02nfq85._.css
2026-04-07 00:35:56.7310|INFO|Incoming request GET /_next/static/chunks/%5Bturbopack%5D_browser_dev_hmr-client_hmr-client_ts_10z625~._.js GET /_next/static/chunks/%5Bturbopack%5D_browser_dev_hmr-client_hmr-client_ts_10z625~._.js
2026-04-07 00:35:56.7330|INFO|Incoming request GET /_next/static/chunks/node_modules_next_dist_compiled_next-devtools_index_0553esy.js GET /_next/static/chunks/node_modules_next_dist_compiled_next-devtools_index_0553esy.js
2026-04-07 00:35:56.7350|INFO|Incoming request GET /_next/static/chunks/node_modules_next_dist_compiled_react-dom_058-ah~._.js GET /_next/static/chunks/node_modules_next_dist_compiled_react-dom_058-ah~._.js
2026-04-07 00:35:56.7740|INFO|Incoming request GET /_next/static/chunks/node_modules_next_dist_compiled_react-server-dom-turbopack_0p3wegg._.js GET /_next/static/chunks/node_modules_next_dist_compiled_react-server-dom-turbopack_0p3wegg._.js
2026-04-07 00:35:56.7840|INFO|Incoming request GET /_next/static/chunks/node_modules_next_dist_compiled_0rpq4pf._.js GET /_next/static/chunks/node_modules_next_dist_compiled_0rpq4pf._.js
2026-04-07 00:35:56.7880|INFO|Incoming request GET /_next/static/chunks/node_modules_next_dist_client_0fhqo1d._.js GET /_next/static/chunks/node_modules_next_dist_client_0fhqo1d._.js
2026-04-07 00:35:56.7920|INFO|Incoming request GET /_next/static/chunks/node_modules_%40swc_helpers_cjs_0-4ujiy._.js GET /_next/static/chunks/node_modules_%40swc_helpers_cjs_0-4ujiy._.js
2026-04-07 00:35:56.7940|INFO|Incoming request GET /_next/static/chunks/node_modules_next_dist_115brz8._.js GET /_next/static/chunks/node_modules_next_dist_115brz8._.js
2026-04-07 00:35:56.8220|INFO|Incoming request GET /_next/static/chunks/_0rqeker._.js GET /_next/static/chunks/_0rqeker._.js
2026-04-07 00:35:56.8360|INFO|Incoming request GET /_next/static/chunks/turbopack-_0p44nws._.js GET /_next/static/chunks/turbopack-_0p44nws._.js
2026-04-07 00:35:56.8420|INFO|Incoming request GET /_next/static/chunks/node_modules_next_dist_0tt2wve._.js GET /_next/static/chunks/node_modules_next_dist_0tt2wve._.js
2026-04-07 00:35:56.8490|INFO|Incoming request GET /_next/static/chunks/src_app_layout_tsx_004glpo._.js GET /_next/static/chunks/src_app_layout_tsx_004glpo._.js
2026-04-07 00:35:56.8510|INFO|Incoming request GET /_next/static/chunks/node_modules_next_dist_07p5au~._.js GET /_next/static/chunks/node_modules_next_dist_07p5au~._.js
2026-04-07 00:35:56.8710|INFO|Incoming request GET /_next/static/chunks/src_app_page_tsx_002ye8~._.js GET /_next/static/chunks/src_app_page_tsx_002ye8~._.js
2026-04-07 00:35:56.8790|INFO|Incoming request GET /_next/static/chunks/node_modules_next_dist_client_components_builtin_global-error_002ye8~.js GET /_next/static/chunks/node_modules_next_dist_client_components_builtin_global-error_002ye8~.js
2026-04-07 00:35:56.8970|INFO|Incoming request GET /vercel.svg GET /vercel.svg
2026-04-07 00:35:56.9720|INFO|Incoming request GET /_next/static/chunks/%5Bturbopack%5D_browser_dev_hmr-client_hmr-client_ts_0yjw1oe._.js GET /_next/static/chunks/%5Bturbopack%5D_browser_dev_hmr-client_hmr-client_ts_0yjw1oe._.js
2026-04-07 00:35:56.9750|INFO|Incoming request GET /_next/static/chunks/%5Bturbopack%5D_browser_dev_hmr-client_hmr-client_ts_10mygs7._.js GET /_next/static/chunks/%5Bturbopack%5D_browser_dev_hmr-client_hmr-client_ts_10mygs7._.js
2026-04-07 00:35:59.0470|INFO|Incoming request GET / GET /
2026-04-07 00:35:59.3170|INFO|Incoming request GET /next.svg GET /next.svg
2026-04-07 00:35:59.3210|INFO|Incoming request GET /_next/static/chunks/%5Broot-of-the-server%5D__02nfq85._.css GET /_next/static/chunks/%5Broot-of-the-server%5D__02nfq85._.css
2026-04-07 00:35:59.3340|INFO|Incoming request GET /_next/static/chunks/%5Bturbopack%5D_browser_dev_hmr-client_hmr-client_ts_10z625~._.js GET /_next/static/chunks/%5Bturbopack%5D_browser_dev_hmr-client_hmr-client_ts_10z625~._.js
2026-04-07 00:35:59.3350|INFO|Incoming request GET /_next/static/chunks/node_modules_next_dist_compiled_next-devtools_index_0553esy.js GET /_next/static/chunks/node_modules_next_dist_compiled_next-devtools_index_0553esy.js
2026-04-07 00:35:59.3380|INFO|Incoming request GET /_next/static/chunks/node_modules_next_dist_compiled_react-dom_058-ah~._.js GET /_next/static/chunks/node_modules_next_dist_compiled_react-dom_058-ah~._.js
2026-04-07 00:35:59.3470|INFO|Incoming request GET /_next/static/chunks/node_modules_next_dist_compiled_react-server-dom-turbopack_0p3wegg._.js GET /_next/static/chunks/node_modules_next_dist_compiled_react-server-dom-turbopack_0p3wegg._.js
2026-04-07 00:35:59.4080|INFO|Incoming request GET /_next/static/chunks/node_modules_next_dist_compiled_0rpq4pf._.js GET /_next/static/chunks/node_modules_next_dist_compiled_0rpq4pf._.js
2026-04-07 00:35:59.4320|INFO|Incoming request GET /_next/static/chunks/node_modules_next_dist_client_0fhqo1d._.js GET /_next/static/chunks/node_modules_next_dist_client_0fhqo1d._.js
2026-04-07 00:35:59.4360|INFO|Incoming request GET /vercel.svg GET /vercel.svg
2026-04-07 00:35:59.4380|INFO|Incoming request GET /_next/static/chunks/node_modules_next_dist_115brz8._.js GET /_next/static/chunks/node_modules_next_dist_115brz8._.js
2026-04-07 00:35:59.4420|INFO|Incoming request GET /_next/static/chunks/node_modules_%40swc_helpers_cjs_0-4ujiy._.js GET /_next/static/chunks/node_modules_%40swc_helpers_cjs_0-4ujiy._.js
2026-04-07 00:35:59.4500|INFO|Incoming request GET /_next/static/chunks/_0rqeker._.js GET /_next/static/chunks/_0rqeker._.js
2026-04-07 00:35:59.4900|INFO|Incoming request GET /_next/static/chunks/turbopack-_0p44nws._.js GET /_next/static/chunks/turbopack-_0p44nws._.js
2026-04-07 00:35:59.5150|INFO|Incoming request GET /_next/static/chunks/node_modules_next_dist_0tt2wve._.js GET /_next/static/chunks/node_modules_next_dist_0tt2wve._.js
2026-04-07 00:35:59.5260|INFO|Incoming request GET /_next/static/chunks/src_app_layout_tsx_004glpo._.js GET /_next/static/chunks/src_app_layout_tsx_004glpo._.js
2026-04-07 00:35:59.5450|INFO|Incoming request GET /_next/static/chunks/node_modules_next_dist_07p5au~._.js GET /_next/static/chunks/node_modules_next_dist_07p5au~._.js
2026-04-07 00:35:59.5540|INFO|Incoming request GET /_next/static/chunks/src_app_page_tsx_002ye8~._.js GET /_next/static/chunks/src_app_page_tsx_002ye8~._.js
2026-04-07 00:35:59.5850|INFO|Incoming request GET /_next/static/chunks/node_modules_next_dist_client_components_builtin_global-error_002ye8~.js GET /_next/static/chunks/node_modules_next_dist_client_components_builtin_global-error_002ye8~.js
2026-04-07 00:35:59.6500|INFO|Incoming request GET /_next/static/chunks/%5Bturbopack%5D_browser_dev_hmr-client_hmr-client_ts_0yjw1oe._.js GET /_next/static/chunks/%5Bturbopack%5D_browser_dev_hmr-client_hmr-client_ts_0yjw1oe._.js
2026-04-07 00:35:59.6820|INFO|Incoming request GET /_next/static/chunks/%5Bturbopack%5D_browser_dev_hmr-client_hmr-client_ts_10mygs7._.js GET /_next/static/chunks/%5Bturbopack%5D_browser_dev_hmr-client_hmr-client_ts_10mygs7._.js
2026-04-07 00:36:01.1880|INFO|Incoming request GET / GET /
2026-04-07 00:36:01.3310|INFO|Incoming request GET /_next/static/chunks/%5Broot-of-the-server%5D__02nfq85._.css GET /_next/static/chunks/%5Broot-of-the-server%5D__02nfq85._.css
2026-04-07 00:36:01.3350|INFO|Incoming request GET /next.svg GET /next.svg
2026-04-07 00:36:01.3380|INFO|Incoming request GET /_next/static/chunks/%5Bturbopack%5D_browser_dev_hmr-client_hmr-client_ts_10z625~._.js GET /_next/static/chunks/%5Bturbopack%5D_browser_dev_hmr-client_hmr-client_ts_10z625~._.js
2026-04-07 00:36:01.3400|INFO|Incoming request GET /_next/static/chunks/node_modules_next_dist_compiled_next-devtools_index_0553esy.js GET /_next/static/chunks/node_modules_next_dist_compiled_next-devtools_index_0553esy.js
2026-04-07 00:36:01.3420|INFO|Incoming request GET /_next/static/chunks/node_modules_next_dist_compiled_react-dom_058-ah~._.js GET /_next/static/chunks/node_modules_next_dist_compiled_react-dom_058-ah~._.js
2026-04-07 00:36:01.4460|INFO|Incoming request GET /_next/static/chunks/node_modules_next_dist_compiled_react-server-dom-turbopack_0p3wegg._.js GET /_next/static/chunks/node_modules_next_dist_compiled_react-server-dom-turbopack_0p3wegg._.js
2026-04-07 00:36:01.4490|INFO|Incoming request GET /_next/static/chunks/node_modules_next_dist_compiled_0rpq4pf._.js GET /_next/static/chunks/node_modules_next_dist_compiled_0rpq4pf._.js
2026-04-07 00:36:01.4520|INFO|Incoming request GET /_next/static/chunks/node_modules_next_dist_client_0fhqo1d._.js GET /_next/static/chunks/node_modules_next_dist_client_0fhqo1d._.js
2026-04-07 00:36:01.4560|INFO|Incoming request GET /_next/static/chunks/node_modules_next_dist_115brz8._.js GET /_next/static/chunks/node_modules_next_dist_115brz8._.js
2026-04-07 00:36:01.4740|INFO|Incoming request GET / GET /
2026-04-07 00:36:01.4760|INFO|Incoming request GET /_next/static/chunks/node_modules_%40swc_helpers_cjs_0-4ujiy._.js GET /_next/static/chunks/node_modules_%40swc_helpers_cjs_0-4ujiy._.js
2026-04-07 00:36:01.5730|INFO|Incoming request GET /vercel.svg GET /vercel.svg
2026-04-07 00:36:01.5960|INFO|Incoming request GET /_next/static/chunks/_0rqeker._.js GET /_next/static/chunks/_0rqeker._.js
2026-04-07 00:36:01.6150|INFO|Incoming request GET /_next/static/chunks/turbopack-_0p44nws._.js GET /_next/static/chunks/turbopack-_0p44nws._.js
2026-04-07 00:36:01.6170|INFO|Incoming request GET /_next/static/chunks/node_modules_next_dist_0tt2wve._.js GET /_next/static/chunks/node_modules_next_dist_0tt2wve._.js
2026-04-07 00:36:01.6400|INFO|Incoming request GET /_next/static/chunks/src_app_layout_tsx_004glpo._.js GET /_next/static/chunks/src_app_layout_tsx_004glpo._.js
2026-04-07 00:36:01.6720|INFO|Incoming request GET /_next/static/chunks/node_modules_next_dist_07p5au~._.js GET /_next/static/chunks/node_modules_next_dist_07p5au~._.js
2026-04-07 00:36:01.6750|INFO|Incoming request GET / GET /
2026-04-07 00:36:01.6770|INFO|Incoming request GET /next.svg GET /next.svg
2026-04-07 00:36:01.6850|INFO|Incoming request GET /_next/static/chunks/%5Broot-of-the-server%5D__02nfq85._.css GET /_next/static/chunks/%5Broot-of-the-server%5D__02nfq85._.css
2026-04-07 00:36:01.6860|INFO|Incoming request GET /_next/static/chunks/%5Bturbopack%5D_browser_dev_hmr-client_hmr-client_ts_10z625~._.js GET /_next/static/chunks/%5Bturbopack%5D_browser_dev_hmr-client_hmr-client_ts_10z625~._.js
2026-04-07 00:36:01.6880|INFO|Incoming request GET /_next/static/chunks/node_modules_next_dist_compiled_next-devtools_index_0553esy.js GET /_next/static/chunks/node_modules_next_dist_compiled_next-devtools_index_0553esy.js
2026-04-07 00:36:01.8590|INFO|Incoming request GET /_next/static/chunks/node_modules_next_dist_compiled_react-dom_058-ah~._.js GET /_next/static/chunks/node_modules_next_dist_compiled_react-dom_058-ah~._.js
2026-04-07 00:36:01.8880|INFO|Incoming request GET /_next/static/chunks/node_modules_next_dist_compiled_react-server-dom-turbopack_0p3wegg._.js GET /_next/static/chunks/node_modules_next_dist_compiled_react-server-dom-turbopack_0p3wegg._.js
2026-04-07 00:36:01.9100|INFO|Incoming request GET /_next/static/chunks/node_modules_next_dist_compiled_0rpq4pf._.js GET /_next/static/chunks/node_modules_next_dist_compiled_0rpq4pf._.js
2026-04-07 00:36:01.9140|INFO|Incoming request GET /_next/static/chunks/node_modules_next_dist_client_0fhqo1d._.js GET /_next/static/chunks/node_modules_next_dist_client_0fhqo1d._.js
2026-04-07 00:36:01.9340|INFO|Incoming request GET /_next/static/chunks/node_modules_next_dist_115brz8._.js GET /_next/static/chunks/node_modules_next_dist_115brz8._.js
2026-04-07 00:36:01.9360|INFO|Incoming request GET /_next/static/chunks/node_modules_%40swc_helpers_cjs_0-4ujiy._.js GET /_next/static/chunks/node_modules_%40swc_helpers_cjs_0-4ujiy._.js
2026-04-07 00:36:01.9380|INFO|Incoming request GET /_next/static/chunks/turbopack-_0p44nws._.js GET /_next/static/chunks/turbopack-_0p44nws._.js
2026-04-07 00:36:01.9410|INFO|Incoming request GET /_next/static/chunks/node_modules_next_dist_07p5au~._.js GET /_next/static/chunks/node_modules_next_dist_07p5au~._.js
2026-04-07 00:36:01.9420|INFO|Incoming request GET /vercel.svg GET /vercel.svg
2026-04-07 00:36:01.9450|INFO|Incoming request GET /next.svg GET /next.svg
2026-04-07 00:36:01.9540|INFO|Incoming request GET /_next/static/chunks/%5Broot-of-the-server%5D__02nfq85._.css GET /_next/static/chunks/%5Broot-of-the-server%5D__02nfq85._.css
2026-04-07 00:36:01.9560|INFO|Incoming request GET /_next/static/chunks/%5Bturbopack%5D_browser_dev_hmr-client_hmr-client_ts_10z625~._.js GET /_next/static/chunks/%5Bturbopack%5D_browser_dev_hmr-client_hmr-client_ts_10z625~._.js
2026-04-07 00:36:01.9570|INFO|Incoming request GET /_next/static/chunks/node_modules_next_dist_compiled_react-dom_058-ah~._.js GET /_next/static/chunks/node_modules_next_dist_compiled_react-dom_058-ah~._.js
2026-04-07 00:36:01.9590|INFO|Incoming request GET /_next/static/chunks/node_modules_next_dist_compiled_next-devtools_index_0553esy.js GET /_next/static/chunks/node_modules_next_dist_compiled_next-devtools_index_0553esy.js
2026-04-07 00:36:02.0160|INFO|Incoming request GET /_next/static/chunks/node_modules_next_dist_compiled_react-server-dom-turbopack_0p3wegg._.js GET /_next/static/chunks/node_modules_next_dist_compiled_react-server-dom-turbopack_0p3wegg._.js
2026-04-07 00:36:02.0280|INFO|Incoming request GET /_next/static/chunks/node_modules_next_dist_compiled_0rpq4pf._.js GET /_next/static/chunks/node_modules_next_dist_compiled_0rpq4pf._.js
2026-04-07 00:36:02.0320|INFO|Incoming request GET /_next/static/chunks/node_modules_next_dist_client_0fhqo1d._.js GET /_next/static/chunks/node_modules_next_dist_client_0fhqo1d._.js
2026-04-07 00:36:02.0340|INFO|Incoming request GET /_next/static/chunks/node_modules_next_dist_115brz8._.js GET /_next/static/chunks/node_modules_next_dist_115brz8._.js
2026-04-07 00:36:02.0690|INFO|Incoming request GET /_next/static/chunks/node_modules_%40swc_helpers_cjs_0-4ujiy._.js GET /_next/static/chunks/node_modules_%40swc_helpers_cjs_0-4ujiy._.js
2026-04-07 00:36:02.1820|INFO|Incoming request GET /_next/static/chunks/_0rqeker._.js GET /_next/static/chunks/_0rqeker._.js
2026-04-07 00:36:02.1880|INFO|Incoming request GET /_next/static/chunks/turbopack-_0p44nws._.js GET /_next/static/chunks/turbopack-_0p44nws._.js
2026-04-07 00:36:02.1910|INFO|Incoming request GET / GET /
2026-04-07 00:36:02.1920|INFO|Incoming request GET /_next/static/chunks/node_modules_next_dist_0tt2wve._.js GET /_next/static/chunks/node_modules_next_dist_0tt2wve._.js
2026-04-07 00:36:02.1950|INFO|Incoming request GET /_next/static/chunks/src_app_layout_tsx_004glpo._.js GET /_next/static/chunks/src_app_layout_tsx_004glpo._.js
2026-04-07 00:36:02.3390|INFO|Incoming request GET /_next/static/chunks/node_modules_next_dist_07p5au~._.js GET /_next/static/chunks/node_modules_next_dist_07p5au~._.js
2026-04-07 00:36:02.3540|INFO|Incoming request GET /_next/static/chunks/src_app_page_tsx_002ye8~._.js GET /_next/static/chunks/src_app_page_tsx_002ye8~._.js
2026-04-07 00:36:02.3660|INFO|Incoming request GET /_next/static/chunks/node_modules_next_dist_client_components_builtin_global-error_002ye8~.js GET /_next/static/chunks/node_modules_next_dist_client_components_builtin_global-error_002ye8~.js
2026-04-07 00:36:02.4020|INFO|Incoming request GET /vercel.svg GET /vercel.svg
2026-04-07 00:36:02.4060|INFO|Incoming request GET /next.svg GET /next.svg
2026-04-07 00:36:02.4180|INFO|Incoming request GET /_next/static/chunks/%5Broot-of-the-server%5D__02nfq85._.css GET /_next/static/chunks/%5Broot-of-the-server%5D__02nfq85._.css
2026-04-07 00:36:02.4210|INFO|Incoming request GET /_next/static/chunks/%5Bturbopack%5D_browser_dev_hmr-client_hmr-client_ts_10z625~._.js GET /_next/static/chunks/%5Bturbopack%5D_browser_dev_hmr-client_hmr-client_ts_10z625~._.js
2026-04-07 00:36:02.4230|INFO|Incoming request GET /_next/static/chunks/node_modules_next_dist_compiled_next-devtools_index_0553esy.js GET /_next/static/chunks/node_modules_next_dist_compiled_next-devtools_index_0553esy.js
2026-04-07 00:36:02.4260|INFO|Incoming request GET /_next/static/chunks/node_modules_next_dist_compiled_react-dom_058-ah~._.js GET /_next/static/chunks/node_modules_next_dist_compiled_react-dom_058-ah~._.js
2026-04-07 00:36:02.4980|INFO|Incoming request GET / GET /
2026-04-07 00:36:02.5080|INFO|Incoming request GET /_next/static/chunks/node_modules_next_dist_compiled_react-server-dom-turbopack_0p3wegg._.js GET /_next/static/chunks/node_modules_next_dist_compiled_react-server-dom-turbopack_0p3wegg._.js
2026-04-07 00:36:02.5150|INFO|Incoming request GET /_next/static/chunks/node_modules_next_dist_compiled_0rpq4pf._.js GET /_next/static/chunks/node_modules_next_dist_compiled_0rpq4pf._.js
2026-04-07 00:36:02.5190|INFO|Incoming request GET /_next/static/chunks/node_modules_next_dist_client_0fhqo1d._.js GET /_next/static/chunks/node_modules_next_dist_client_0fhqo1d._.js
2026-04-07 00:36:02.6050|INFO|Incoming request GET /_next/static/chunks/node_modules_next_dist_115brz8._.js GET /_next/static/chunks/node_modules_next_dist_115brz8._.js
2026-04-07 00:36:02.7030|INFO|Incoming request GET /_next/static/chunks/node_modules_%40swc_helpers_cjs_0-4ujiy._.js GET /_next/static/chunks/node_modules_%40swc_helpers_cjs_0-4ujiy._.js
2026-04-07 00:36:02.7280|INFO|Incoming request GET /_next/static/chunks/_0rqeker._.js GET /_next/static/chunks/_0rqeker._.js
2026-04-07 00:36:02.7360|INFO|Incoming request GET /_next/static/chunks/turbopack-_0p44nws._.js GET /_next/static/chunks/turbopack-_0p44nws._.js
2026-04-07 00:36:02.7370|INFO|Incoming request GET /_next/static/chunks/node_modules_next_dist_0tt2wve._.js GET /_next/static/chunks/node_modules_next_dist_0tt2wve._.js
2026-04-07 00:36:02.7700|INFO|Incoming request GET /_next/static/chunks/src_app_layout_tsx_004glpo._.js GET /_next/static/chunks/src_app_layout_tsx_004glpo._.js
2026-04-07 00:36:02.7720|INFO|Incoming request GET /next.svg GET /next.svg
2026-04-07 00:36:02.7830|INFO|Incoming request GET /_next/static/chunks/%5Broot-of-the-server%5D__02nfq85._.css GET /_next/static/chunks/%5Broot-of-the-server%5D__02nfq85._.css
2026-04-07 00:36:02.7850|INFO|Incoming request GET /_next/static/chunks/%5Bturbopack%5D_browser_dev_hmr-client_hmr-client_ts_10z625~._.js GET /_next/static/chunks/%5Bturbopack%5D_browser_dev_hmr-client_hmr-client_ts_10z625~._.js
2026-04-07 00:36:02.7870|INFO|Incoming request GET /_next/static/chunks/node_modules_next_dist_compiled_next-devtools_index_0553esy.js GET /_next/static/chunks/node_modules_next_dist_compiled_next-devtools_index_0553esy.js
2026-04-07 00:36:02.7890|INFO|Incoming request GET /_next/static/chunks/node_modules_next_dist_compiled_react-dom_058-ah~._.js GET /_next/static/chunks/node_modules_next_dist_compiled_react-dom_058-ah~._.js
2026-04-07 00:36:02.8520|INFO|Incoming request GET / GET /
2026-04-07 00:36:02.8560|INFO|Incoming request GET /_next/static/chunks/node_modules_next_dist_compiled_react-server-dom-turbopack_0p3wegg._.js GET /_next/static/chunks/node_modules_next_dist_compiled_react-server-dom-turbopack_0p3wegg._.js
2026-04-07 00:36:02.8670|INFO|Incoming request GET /_next/static/chunks/node_modules_next_dist_compiled_0rpq4pf._.js GET /_next/static/chunks/node_modules_next_dist_compiled_0rpq4pf._.js
2026-04-07 00:36:02.8690|INFO|Incoming request GET /_next/static/chunks/node_modules_next_dist_client_0fhqo1d._.js GET /_next/static/chunks/node_modules_next_dist_client_0fhqo1d._.js
2026-04-07 00:36:02.8710|INFO|Incoming request GET /_next/static/chunks/node_modules_next_dist_115brz8._.js GET /_next/static/chunks/node_modules_next_dist_115brz8._.js
2026-04-07 00:36:03.0530|INFO|Incoming request GET /_next/static/chunks/node_modules_%40swc_helpers_cjs_0-4ujiy._.js GET /_next/static/chunks/node_modules_%40swc_helpers_cjs_0-4ujiy._.js
2026-04-07 00:36:03.0560|INFO|Incoming request GET /_next/static/chunks/_0rqeker._.js GET /_next/static/chunks/_0rqeker._.js
2026-04-07 00:36:03.0730|INFO|Incoming request GET /_next/static/chunks/turbopack-_0p44nws._.js GET /_next/static/chunks/turbopack-_0p44nws._.js
2026-04-07 00:36:03.1010|INFO|Incoming request GET /_next/static/chunks/node_modules_next_dist_0tt2wve._.js GET /_next/static/chunks/node_modules_next_dist_0tt2wve._.js
2026-04-07 00:36:03.1120|INFO|Incoming request GET / GET /
2026-04-07 00:36:03.1140|INFO|Incoming request GET /next.svg GET /next.svg
2026-04-07 00:36:03.1210|INFO|Incoming request GET /_next/static/chunks/%5Broot-of-the-server%5D__02nfq85._.css GET /_next/static/chunks/%5Broot-of-the-server%5D__02nfq85._.css
2026-04-07 00:36:03.1250|INFO|Incoming request GET /_next/static/chunks/%5Bturbopack%5D_browser_dev_hmr-client_hmr-client_ts_10z625~._.js GET /_next/static/chunks/%5Bturbopack%5D_browser_dev_hmr-client_hmr-client_ts_10z625~._.js
2026-04-07 00:36:03.1270|INFO|Incoming request GET /_next/static/chunks/node_modules_next_dist_compiled_next-devtools_index_0553esy.js GET /_next/static/chunks/node_modules_next_dist_compiled_next-devtools_index_0553esy.js
2026-04-07 00:36:03.3180|INFO|Incoming request GET /_next/static/chunks/node_modules_next_dist_compiled_react-dom_058-ah~._.js GET /_next/static/chunks/node_modules_next_dist_compiled_react-dom_058-ah~._.js
2026-04-07 00:36:03.3710|INFO|Incoming request GET /_next/static/chunks/node_modules_next_dist_compiled_react-server-dom-turbopack_0p3wegg._.js GET /_next/static/chunks/node_modules_next_dist_compiled_react-server-dom-turbopack_0p3wegg._.js
2026-04-07 00:36:03.3740|INFO|Incoming request GET /_next/static/chunks/node_modules_next_dist_compiled_0rpq4pf._.js GET /_next/static/chunks/node_modules_next_dist_compiled_0rpq4pf._.js
2026-04-07 00:36:03.3760|INFO|Incoming request GET /_next/static/chunks/node_modules_next_dist_client_0fhqo1d._.js GET /_next/static/chunks/node_modules_next_dist_client_0fhqo1d._.js
2026-04-07 00:36:03.4030|INFO|Incoming request GET /_next/static/chunks/node_modules_next_dist_115brz8._.js GET /_next/static/chunks/node_modules_next_dist_115brz8._.js
2026-04-07 00:36:03.4050|INFO|Incoming request GET /_next/static/chunks/node_modules_%40swc_helpers_cjs_0-4ujiy._.js GET /_next/static/chunks/node_modules_%40swc_helpers_cjs_0-4ujiy._.js
2026-04-07 00:36:03.4070|INFO|Incoming request GET / GET /
2026-04-07 00:36:03.4090|INFO|Incoming request GET /next.svg GET /next.svg
2026-04-07 00:36:03.4180|INFO|Incoming request GET /_next/static/chunks/node_modules_next_dist_compiled_react-dom_058-ah~._.js GET /_next/static/chunks/node_modules_next_dist_compiled_react-dom_058-ah~._.js
2026-04-07 00:36:03.4200|INFO|Incoming request GET /_next/static/chunks/%5Broot-of-the-server%5D__02nfq85._.css GET /_next/static/chunks/%5Broot-of-the-server%5D__02nfq85._.css
2026-04-07 00:36:03.4340|INFO|Incoming request GET /_next/static/chunks/node_modules_next_dist_compiled_react-server-dom-turbopack_0p3wegg._.js GET /_next/static/chunks/node_modules_next_dist_compiled_react-server-dom-turbopack_0p3wegg._.js
2026-04-07 00:36:03.5780|INFO|Incoming request GET /_next/static/chunks/%5Bturbopack%5D_browser_dev_hmr-client_hmr-client_ts_10z625~._.js GET /_next/static/chunks/%5Bturbopack%5D_browser_dev_hmr-client_hmr-client_ts_10z625~._.js
2026-04-07 00:36:03.6360|INFO|Incoming request GET /_next/static/chunks/node_modules_next_dist_compiled_next-devtools_index_0553esy.js GET /_next/static/chunks/node_modules_next_dist_compiled_next-devtools_index_0553esy.js
2026-04-07 00:36:03.6510|INFO|Incoming request GET /_next/static/chunks/node_modules_next_dist_compiled_0rpq4pf._.js GET /_next/static/chunks/node_modules_next_dist_compiled_0rpq4pf._.js
2026-04-07 00:36:03.6640|INFO|Incoming request GET / GET /
2026-04-07 00:36:03.6740|INFO|Incoming request GET /next.svg GET /next.svg
2026-04-07 00:36:03.6850|INFO|Incoming request GET /_next/static/chunks/%5Bturbopack%5D_browser_dev_hmr-client_hmr-client_ts_10z625~._.js GET /_next/static/chunks/%5Bturbopack%5D_browser_dev_hmr-client_hmr-client_ts_10z625~._.js
2026-04-07 00:36:03.6980|INFO|Incoming request GET /_next/static/chunks/%5Broot-of-the-server%5D__02nfq85._.css GET /_next/static/chunks/%5Broot-of-the-server%5D__02nfq85._.css
2026-04-07 00:36:03.8430|INFO|Incoming request GET /_next/static/chunks/node_modules_next_dist_compiled_next-devtools_index_0553esy.js GET /_next/static/chunks/node_modules_next_dist_compiled_next-devtools_index_0553esy.js
2026-04-07 00:36:03.9010|INFO|Incoming request GET /_next/static/chunks/node_modules_next_dist_compiled_react-dom_058-ah~._.js GET /_next/static/chunks/node_modules_next_dist_compiled_react-dom_058-ah~._.js
2026-04-07 00:36:03.9420|INFO|Incoming request GET /_next/static/chunks/node_modules_next_dist_compiled_react-server-dom-turbopack_0p3wegg._.js GET /_next/static/chunks/node_modules_next_dist_compiled_react-server-dom-turbopack_0p3wegg._.js
2026-04-07 00:36:03.9560|INFO|Incoming request GET /_next/static/chunks/node_modules_next_dist_115brz8._.js GET /_next/static/chunks/node_modules_next_dist_115brz8._.js
2026-04-07 00:36:03.9590|INFO|Incoming request GET /_next/static/chunks/node_modules_next_dist_compiled_0rpq4pf._.js GET /_next/static/chunks/node_modules_next_dist_compiled_0rpq4pf._.js
2026-04-07 00:36:03.9620|INFO|Incoming request GET /_next/static/chunks/_0rqeker._.js GET /_next/static/chunks/_0rqeker._.js
2026-04-07 00:36:03.9640|INFO|Incoming request GET /next.svg GET /next.svg
2026-04-07 00:36:03.9720|INFO|Incoming request GET /_next/static/chunks/%5Broot-of-the-server%5D__02nfq85._.css GET /_next/static/chunks/%5Broot-of-the-server%5D__02nfq85._.css
2026-04-07 00:36:03.9750|INFO|Incoming request GET /_next/static/chunks/node_modules_next_dist_compiled_next-devtools_index_0553esy.js GET /_next/static/chunks/node_modules_next_dist_compiled_next-devtools_index_0553esy.js
2026-04-07 00:36:03.9770|INFO|Incoming request GET /_next/static/chunks/node_modules_next_dist_compiled_react-dom_058-ah~._.js GET /_next/static/chunks/node_modules_next_dist_compiled_react-dom_058-ah~._.js
2026-04-07 00:36:04.0280|INFO|Incoming request GET /_next/static/chunks/node_modules_next_dist_compiled_react-server-dom-turbopack_0p3wegg._.js GET /_next/static/chunks/node_modules_next_dist_compiled_react-server-dom-turbopack_0p3wegg._.js
2026-04-07 00:36:04.0320|INFO|Incoming request GET / GET /
2026-04-07 00:36:04.0430|INFO|Incoming request GET /_next/static/chunks/%5Bturbopack%5D_browser_dev_hmr-client_hmr-client_ts_10z625~._.js GET /_next/static/chunks/%5Bturbopack%5D_browser_dev_hmr-client_hmr-client_ts_10z625~._.js
2026-04-07 00:36:05.2020|INFO|Incoming request GET /_next/static/chunks/node_modules_next_dist_compiled_0rpq4pf._.js GET /_next/static/chunks/node_modules_next_dist_compiled_0rpq4pf._.js
2026-04-07 00:36:05.2210|INFO|Incoming request GET /_next/static/chunks/node_modules_next_dist_client_0fhqo1d._.js GET /_next/static/chunks/node_modules_next_dist_client_0fhqo1d._.js
2026-04-07 00:36:05.2500|INFO|Incoming request GET /_next/static/chunks/node_modules_next_dist_115brz8._.js GET /_next/static/chunks/node_modules_next_dist_115brz8._.js
2026-04-07 00:36:05.2580|INFO|Incoming request GET /next.svg GET /next.svg
2026-04-07 00:36:05.2600|INFO|Incoming request GET /_next/static/chunks/%5Broot-of-the-server%5D__02nfq85._.css GET /_next/static/chunks/%5Broot-of-the-server%5D__02nfq85._.css
2026-04-07 00:36:05.2640|INFO|Incoming request GET /_next/static/chunks/node_modules_next_dist_compiled_next-devtools_index_0553esy.js GET /_next/static/chunks/node_modules_next_dist_compiled_next-devtools_index_0553esy.js
2026-04-07 00:36:05.2660|INFO|Incoming request GET /_next/static/chunks/node_modules_next_dist_compiled_react-dom_058-ah~._.js GET /_next/static/chunks/node_modules_next_dist_compiled_react-dom_058-ah~._.js
2026-04-07 00:36:05.2710|INFO|Incoming request GET /_next/static/chunks/%5Bturbopack%5D_browser_dev_hmr-client_hmr-client_ts_10z625~._.js GET /_next/static/chunks/%5Bturbopack%5D_browser_dev_hmr-client_hmr-client_ts_10z625~._.js
2026-04-07 00:36:05.3320|INFO|Incoming request GET /_next/static/chunks/node_modules_next_dist_compiled_react-server-dom-turbopack_0p3wegg._.js GET /_next/static/chunks/node_modules_next_dist_compiled_react-server-dom-turbopack_0p3wegg._.js
2026-04-07 00:36:05.3380|INFO|Incoming request GET /_next/static/chunks/node_modules_next_dist_compiled_0rpq4pf._.js GET /_next/static/chunks/node_modules_next_dist_compiled_0rpq4pf._.js
2026-04-07 00:36:05.3480|INFO|Incoming request GET /_next/static/chunks/node_modules_next_dist_client_0fhqo1d._.js GET /_next/static/chunks/node_modules_next_dist_client_0fhqo1d._.js
2026-04-07 00:36:05.3760|INFO|Incoming request GET / GET /
2026-04-07 00:36:05.3860|INFO|Incoming request GET /_next/static/chunks/node_modules_next_dist_115brz8._.js GET /_next/static/chunks/node_modules_next_dist_115brz8._.js
2026-04-07 00:36:05.5010|INFO|Incoming request GET /_next/static/chunks/node_modules_%40swc_helpers_cjs_0-4ujiy._.js GET /_next/static/chunks/node_modules_%40swc_helpers_cjs_0-4ujiy._.js
2026-04-07 00:36:05.6180|INFO|Incoming request GET /_next/static/chunks/_0rqeker._.js GET /_next/static/chunks/_0rqeker._.js
2026-04-07 00:36:05.6340|INFO|Incoming request GET /_next/static/chunks/turbopack-_0p44nws._.js GET /_next/static/chunks/turbopack-_0p44nws._.js
2026-04-07 00:36:05.6360|INFO|Incoming request GET / GET /
2026-04-07 00:36:05.6370|INFO|Incoming request GET /_next/static/chunks/node_modules_next_dist_0tt2wve._.js GET /_next/static/chunks/node_modules_next_dist_0tt2wve._.js
2026-04-07 00:36:05.6380|INFO|Incoming request GET /_next/static/chunks/src_app_layout_tsx_004glpo._.js GET /_next/static/chunks/src_app_layout_tsx_004glpo._.js
2026-04-07 00:36:05.6400|INFO|Incoming request GET /vercel.svg GET /vercel.svg
2026-04-07 00:36:05.6470|INFO|Incoming request GET /_next/static/chunks/node_modules_next_dist_compiled_next-devtools_index_0553esy.js GET /_next/static/chunks/node_modules_next_dist_compiled_next-devtools_index_0553esy.js
2026-04-07 00:36:05.6480|INFO|Incoming request GET /_next/static/chunks/%5Broot-of-the-server%5D__02nfq85._.css GET /_next/static/chunks/%5Broot-of-the-server%5D__02nfq85._.css
2026-04-07 00:36:05.6500|INFO|Incoming request GET /_next/static/chunks/node_modules_next_dist_compiled_react-dom_058-ah~._.js GET /_next/static/chunks/node_modules_next_dist_compiled_react-dom_058-ah~._.js
2026-04-07 00:36:05.6510|INFO|Incoming request GET /next.svg GET /next.svg
2026-04-07 00:36:05.8910|INFO|Incoming request GET /_next/static/chunks/%5Bturbopack%5D_browser_dev_hmr-client_hmr-client_ts_10z625~._.js GET /_next/static/chunks/%5Bturbopack%5D_browser_dev_hmr-client_hmr-client_ts_10z625~._.js
2026-04-07 00:36:05.8980|INFO|Incoming request GET /_next/static/chunks/node_modules_next_dist_compiled_react-server-dom-turbopack_0p3wegg._.js GET /_next/static/chunks/node_modules_next_dist_compiled_react-server-dom-turbopack_0p3wegg._.js
2026-04-07 00:36:05.9200|INFO|Incoming request GET /_next/static/chunks/node_modules_next_dist_compiled_0rpq4pf._.js GET /_next/static/chunks/node_modules_next_dist_compiled_0rpq4pf._.js
2026-04-07 00:36:05.9220|INFO|Incoming request GET /_next/static/chunks/node_modules_next_dist_client_0fhqo1d._.js GET /_next/static/chunks/node_modules_next_dist_client_0fhqo1d._.js
2026-04-07 00:36:05.9240|INFO|Incoming request GET / GET /
2026-04-07 00:36:05.9250|INFO|Incoming request GET /next.svg GET /next.svg
2026-04-07 00:36:05.9340|INFO|Incoming request GET /_next/static/chunks/%5Broot-of-the-server%5D__02nfq85._.css GET /_next/static/chunks/%5Broot-of-the-server%5D__02nfq85._.css
2026-04-07 00:36:05.9360|INFO|Incoming request GET /_next/static/chunks/%5Bturbopack%5D_browser_dev_hmr-client_hmr-client_ts_10z625~._.js GET /_next/static/chunks/%5Bturbopack%5D_browser_dev_hmr-client_hmr-client_ts_10z625~._.js
2026-04-07 00:36:05.9370|INFO|Incoming request GET /_next/static/chunks/node_modules_next_dist_compiled_next-devtools_index_0553esy.js GET /_next/static/chunks/node_modules_next_dist_compiled_next-devtools_index_0553esy.js
2026-04-07 00:36:06.0570|INFO|Incoming request GET /_next/static/chunks/node_modules_next_dist_compiled_react-dom_058-ah~._.js GET /_next/static/chunks/node_modules_next_dist_compiled_react-dom_058-ah~._.js
2026-04-07 00:36:06.1010|INFO|Incoming request GET /_next/static/chunks/node_modules_next_dist_compiled_react-server-dom-turbopack_0p3wegg._.js GET /_next/static/chunks/node_modules_next_dist_compiled_react-server-dom-turbopack_0p3wegg._.js
2026-04-07 00:36:06.1360|INFO|Incoming request GET /_next/static/chunks/node_modules_next_dist_compiled_0rpq4pf._.js GET /_next/static/chunks/node_modules_next_dist_compiled_0rpq4pf._.js
2026-04-07 00:36:06.1370|INFO|Incoming request GET /_next/static/chunks/node_modules_next_dist_client_0fhqo1d._.js GET /_next/static/chunks/node_modules_next_dist_client_0fhqo1d._.js
2026-04-07 00:36:06.1500|INFO|Incoming request GET /next.svg GET /next.svg
2026-04-07 00:36:06.1510|INFO|Incoming request GET /_next/static/chunks/%5Broot-of-the-server%5D__02nfq85._.css GET /_next/static/chunks/%5Broot-of-the-server%5D__02nfq85._.css
2026-04-07 00:36:06.1530|INFO|Incoming request GET /_next/static/chunks/%5Bturbopack%5D_browser_dev_hmr-client_hmr-client_ts_10z625~._.js GET /_next/static/chunks/%5Bturbopack%5D_browser_dev_hmr-client_hmr-client_ts_10z625~._.js
2026-04-07 00:36:06.1550|INFO|Incoming request GET /_next/static/chunks/node_modules_next_dist_compiled_next-devtools_index_0553esy.js GET /_next/static/chunks/node_modules_next_dist_compiled_next-devtools_index_0553esy.js
2026-04-07 00:36:06.1570|INFO|Incoming request GET /_next/static/chunks/node_modules_next_dist_compiled_react-dom_058-ah~._.js GET /_next/static/chunks/node_modules_next_dist_compiled_react-dom_058-ah~._.js
2026-04-07 00:36:06.2140|INFO|Incoming request GET /_next/static/chunks/node_modules_next_dist_compiled_react-server-dom-turbopack_0p3wegg._.js GET /_next/static/chunks/node_modules_next_dist_compiled_react-server-dom-turbopack_0p3wegg._.js
2026-04-07 00:36:06.2180|INFO|Incoming request GET /_next/static/chunks/node_modules_next_dist_compiled_0rpq4pf._.js GET /_next/static/chunks/node_modules_next_dist_compiled_0rpq4pf._.js
2026-04-07 00:36:06.2420|INFO|Incoming request GET /_next/static/chunks/node_modules_next_dist_client_0fhqo1d._.js GET /_next/static/chunks/node_modules_next_dist_client_0fhqo1d._.js
2026-04-07 00:36:06.2870|INFO|Incoming request GET / GET /
2026-04-07 00:36:06.4150|INFO|Incoming request GET /_next/static/chunks/node_modules_next_dist_115brz8._.js GET /_next/static/chunks/node_modules_next_dist_115brz8._.js
2026-04-07 00:36:06.4530|INFO|Incoming request GET /_next/static/chunks/node_modules_%40swc_helpers_cjs_0-4ujiy._.js GET /_next/static/chunks/node_modules_%40swc_helpers_cjs_0-4ujiy._.js
2026-04-07 00:36:06.5690|INFO|Incoming request GET /_next/static/chunks/_0rqeker._.js GET /_next/static/chunks/_0rqeker._.js
2026-04-07 00:36:06.5740|INFO|Incoming request GET /_next/static/chunks/turbopack-_0p44nws._.js GET /_next/static/chunks/turbopack-_0p44nws._.js
2026-04-07 00:36:06.5760|INFO|Incoming request GET /_next/static/chunks/node_modules_next_dist_0tt2wve._.js GET /_next/static/chunks/node_modules_next_dist_0tt2wve._.js
2026-04-07 00:36:06.5780|INFO|Incoming request GET / GET /
2026-04-07 00:36:06.5830|INFO|Incoming request GET /next.svg GET /next.svg
2026-04-07 00:36:06.6010|INFO|Incoming request GET /_next/static/chunks/%5Broot-of-the-server%5D__02nfq85._.css GET /_next/static/chunks/%5Broot-of-the-server%5D__02nfq85._.css
2026-04-07 00:36:06.6030|INFO|Incoming request GET /_next/static/chunks/node_modules_next_dist_compiled_next-devtools_index_0553esy.js GET /_next/static/chunks/node_modules_next_dist_compiled_next-devtools_index_0553esy.js
2026-04-07 00:36:06.6050|INFO|Incoming request GET /_next/static/chunks/node_modules_next_dist_compiled_react-dom_058-ah~._.js GET /_next/static/chunks/node_modules_next_dist_compiled_react-dom_058-ah~._.js
2026-04-07 00:36:06.7930|INFO|Incoming request GET /_next/static/chunks/%5Bturbopack%5D_browser_dev_hmr-client_hmr-client_ts_10z625~._.js GET /_next/static/chunks/%5Bturbopack%5D_browser_dev_hmr-client_hmr-client_ts_10z625~._.js
2026-04-07 00:36:06.8990|INFO|Incoming request GET /_next/static/chunks/node_modules_next_dist_compiled_react-server-dom-turbopack_0p3wegg._.js GET /_next/static/chunks/node_modules_next_dist_compiled_react-server-dom-turbopack_0p3wegg._.js
2026-04-07 00:36:06.9380|INFO|Incoming request GET /_next/static/chunks/node_modules_next_dist_compiled_0rpq4pf._.js GET /_next/static/chunks/node_modules_next_dist_compiled_0rpq4pf._.js
2026-04-07 00:36:06.9410|INFO|Incoming request GET /_next/static/chunks/node_modules_next_dist_client_0fhqo1d._.js GET /_next/static/chunks/node_modules_next_dist_client_0fhqo1d._.js
2026-04-07 00:36:06.9490|INFO|Incoming request GET /next.svg GET /next.svg
2026-04-07 00:36:06.9660|INFO|Incoming request GET /_next/static/chunks/%5Bturbopack%5D_browser_dev_hmr-client_hmr-client_ts_10z625~._.js GET /_next/static/chunks/%5Bturbopack%5D_browser_dev_hmr-client_hmr-client_ts_10z625~._.js
2026-04-07 00:36:06.9680|INFO|Incoming request GET /_next/static/chunks/node_modules_next_dist_compiled_next-devtools_index_0553esy.js GET /_next/static/chunks/node_modules_next_dist_compiled_next-devtools_index_0553esy.js
2026-04-07 00:36:06.9700|INFO|Incoming request GET /_next/static/chunks/%5Broot-of-the-server%5D__02nfq85._.css GET /_next/static/chunks/%5Broot-of-the-server%5D__02nfq85._.css
2026-04-07 00:36:06.9730|INFO|Incoming request GET /_next/static/chunks/node_modules_next_dist_compiled_react-dom_058-ah~._.js GET /_next/static/chunks/node_modules_next_dist_compiled_react-dom_058-ah~._.js
2026-04-07 00:36:07.0530|INFO|Incoming request GET / GET /
2026-04-07 00:36:07.0680|INFO|Incoming request GET /_next/static/chunks/node_modules_next_dist_compiled_react-server-dom-turbopack_0p3wegg._.js GET /_next/static/chunks/node_modules_next_dist_compiled_react-server-dom-turbopack_0p3wegg._.js
2026-04-07 00:36:07.1850|INFO|Incoming request GET /_next/static/chunks/node_modules_next_dist_compiled_0rpq4pf._.js GET /_next/static/chunks/node_modules_next_dist_compiled_0rpq4pf._.js
2026-04-07 00:36:07.3010|INFO|Incoming request GET /_next/static/chunks/node_modules_next_dist_client_0fhqo1d._.js GET /_next/static/chunks/node_modules_next_dist_client_0fhqo1d._.js
2026-04-07 00:36:07.3150|INFO|Incoming request GET /_next/static/chunks/node_modules_next_dist_115brz8._.js GET /_next/static/chunks/node_modules_next_dist_115brz8._.js
2026-04-07 00:36:07.3170|INFO|Incoming request GET / GET /
2026-04-07 00:36:07.3180|INFO|Incoming request GET /next.svg GET /next.svg
2026-04-07 00:36:07.3390|INFO|Incoming request GET /_next/static/chunks/%5Broot-of-the-server%5D__02nfq85._.css GET /_next/static/chunks/%5Broot-of-the-server%5D__02nfq85._.css
2026-04-07 00:36:07.3550|INFO|Incoming request GET /_next/static/chunks/node_modules_next_dist_compiled_next-devtools_index_0553esy.js GET /_next/static/chunks/node_modules_next_dist_compiled_next-devtools_index_0553esy.js
2026-04-07 00:36:07.4530|INFO|Incoming request GET /_next/static/chunks/node_modules_next_dist_compiled_react-dom_058-ah~._.js GET /_next/static/chunks/node_modules_next_dist_compiled_react-dom_058-ah~._.js
2026-04-07 00:36:07.5370|INFO|Incoming request GET /_next/static/chunks/node_modules_next_dist_compiled_react-server-dom-turbopack_0p3wegg._.js GET /_next/static/chunks/node_modules_next_dist_compiled_react-server-dom-turbopack_0p3wegg._.js
2026-04-07 00:36:07.6050|INFO|Incoming request GET /_next/static/chunks/%5Bturbopack%5D_browser_dev_hmr-client_hmr-client_ts_10z625~._.js GET /_next/static/chunks/%5Bturbopack%5D_browser_dev_hmr-client_hmr-client_ts_10z625~._.js
2026-04-07 00:36:07.6200|INFO|Incoming request GET /_next/static/chunks/node_modules_next_dist_compiled_0rpq4pf._.js GET /_next/static/chunks/node_modules_next_dist_compiled_0rpq4pf._.js
2026-04-07 00:36:07.6230|INFO|Incoming request GET /_next/static/chunks/node_modules_next_dist_client_0fhqo1d._.js GET /_next/static/chunks/node_modules_next_dist_client_0fhqo1d._.js
2026-04-07 00:36:07.6250|INFO|Incoming request GET /next.svg GET /next.svg
2026-04-07 00:36:07.6370|INFO|Incoming request GET /_next/static/chunks/%5Broot-of-the-server%5D__02nfq85._.css GET /_next/static/chunks/%5Broot-of-the-server%5D__02nfq85._.css
2026-04-07 00:36:07.6390|INFO|Incoming request GET /_next/static/chunks/%5Bturbopack%5D_browser_dev_hmr-client_hmr-client_ts_10z625~._.js GET /_next/static/chunks/%5Bturbopack%5D_browser_dev_hmr-client_hmr-client_ts_10z625~._.js
2026-04-07 00:36:07.6410|INFO|Incoming request GET /_next/static/chunks/node_modules_next_dist_compiled_next-devtools_index_0553esy.js GET /_next/static/chunks/node_modules_next_dist_compiled_next-devtools_index_0553esy.js
2026-04-07 00:36:07.6430|INFO|Incoming request GET /_next/static/chunks/node_modules_next_dist_compiled_react-dom_058-ah~._.js GET /_next/static/chunks/node_modules_next_dist_compiled_react-dom_058-ah~._.js
2026-04-07 00:36:07.6880|INFO|Incoming request GET /_next/static/chunks/node_modules_next_dist_compiled_react-server-dom-turbopack_0p3wegg._.js GET /_next/static/chunks/node_modules_next_dist_compiled_react-server-dom-turbopack_0p3wegg._.js
2026-04-07 00:36:07.7250|INFO|Incoming request GET /_next/static/chunks/node_modules_next_dist_compiled_0rpq4pf._.js GET /_next/static/chunks/node_modules_next_dist_compiled_0rpq4pf._.js
2026-04-07 00:36:07.7420|INFO|Incoming request GET /_next/static/chunks/node_modules_next_dist_client_0fhqo1d._.js GET /_next/static/chunks/node_modules_next_dist_client_0fhqo1d._.js
2026-04-07 00:36:07.9280|INFO|Incoming request GET /_next/static/chunks/node_modules_next_dist_115brz8._.js GET /_next/static/chunks/node_modules_next_dist_115brz8._.js
2026-04-07 00:36:08.0320|INFO|Incoming request GET /_next/static/chunks/node_modules_%40swc_helpers_cjs_0-4ujiy._.js GET /_next/static/chunks/node_modules_%40swc_helpers_cjs_0-4ujiy._.js
2026-04-07 00:36:08.1000|INFO|Incoming request GET /_next/static/chunks/_0rqeker._.js GET /_next/static/chunks/_0rqeker._.js
2026-04-07 00:36:08.2310|INFO|Incoming request GET /_next/static/chunks/turbopack-_0p44nws._.js GET /_next/static/chunks/turbopack-_0p44nws._.js
2026-04-07 00:36:08.2460|INFO|Incoming request GET /_next/static/chunks/node_modules_next_dist_0tt2wve._.js GET /_next/static/chunks/node_modules_next_dist_0tt2wve._.js
2026-04-07 00:36:08.2710|INFO|Incoming request GET /_next/static/chunks/src_app_layout_tsx_004glpo._.js GET /_next/static/chunks/src_app_layout_tsx_004glpo._.js
2026-04-07 00:36:08.2850|INFO|Incoming request GET /_next/static/chunks/node_modules_next_dist_07p5au~._.js GET /_next/static/chunks/node_modules_next_dist_07p5au~._.js
2026-04-07 00:36:08.3130|INFO|Incoming request GET / GET /
2026-04-07 00:36:08.3220|INFO|Incoming request GET /_next/static/chunks/src_app_page_tsx_002ye8~._.js GET /_next/static/chunks/src_app_page_tsx_002ye8~._.js
2026-04-07 00:36:08.4330|INFO|Incoming request GET /_next/static/chunks/node_modules_next_dist_client_components_builtin_global-error_002ye8~.js GET /_next/static/chunks/node_modules_next_dist_client_components_builtin_global-error_002ye8~.js
2026-04-07 00:36:08.4370|INFO|Incoming request GET /vercel.svg GET /vercel.svg
2026-04-07 00:36:08.4830|INFO|Incoming request GET /_next/static/chunks/%5Bturbopack%5D_browser_dev_hmr-client_hmr-client_ts_0yjw1oe._.js GET /_next/static/chunks/%5Bturbopack%5D_browser_dev_hmr-client_hmr-client_ts_0yjw1oe._.js
2026-04-07 00:36:08.5140|INFO|Incoming request GET /_next/static/chunks/%5Bturbopack%5D_browser_dev_hmr-client_hmr-client_ts_10mygs7._.js GET /_next/static/chunks/%5Bturbopack%5D_browser_dev_hmr-client_hmr-client_ts_10mygs7._.js
2026-04-07 00:36:08.5300|INFO|Incoming request GET /next.svg GET /next.svg
2026-04-07 00:36:08.5320|INFO|Incoming request GET /_next/static/chunks/%5Broot-of-the-server%5D__02nfq85._.css GET /_next/static/chunks/%5Broot-of-the-server%5D__02nfq85._.css
2026-04-07 00:36:08.5380|INFO|Incoming request GET /_next/static/chunks/%5Bturbopack%5D_browser_dev_hmr-client_hmr-client_ts_10z625~._.js GET /_next/static/chunks/%5Bturbopack%5D_browser_dev_hmr-client_hmr-client_ts_10z625~._.js
2026-04-07 00:36:08.5510|INFO|Incoming request GET /_next/static/chunks/node_modules_next_dist_compiled_next-devtools_index_0553esy.js GET /_next/static/chunks/node_modules_next_dist_compiled_next-devtools_index_0553esy.js
2026-04-07 00:36:08.5530|INFO|Incoming request GET /_next/static/chunks/node_modules_next_dist_compiled_react-dom_058-ah~._.js GET /_next/static/chunks/node_modules_next_dist_compiled_react-dom_058-ah~._.js
2026-04-07 00:36:08.6410|INFO|Incoming request GET /_next/static/chunks/node_modules_next_dist_compiled_react-server-dom-turbopack_0p3wegg._.js GET /_next/static/chunks/node_modules_next_dist_compiled_react-server-dom-turbopack_0p3wegg._.js
2026-04-07 00:36:08.6880|INFO|Incoming request GET /_next/static/chunks/node_modules_next_dist_compiled_0rpq4pf._.js GET /_next/static/chunks/node_modules_next_dist_compiled_0rpq4pf._.js
2026-04-07 00:36:08.6980|INFO|Incoming request GET /_next/static/chunks/node_modules_next_dist_client_0fhqo1d._.js GET /_next/static/chunks/node_modules_next_dist_client_0fhqo1d._.js
2026-04-07 00:36:08.7020|INFO|Incoming request GET /_next/static/chunks/node_modules_next_dist_115brz8._.js GET /_next/static/chunks/node_modules_next_dist_115brz8._.js
2026-04-07 00:36:08.7120|INFO|Incoming request GET /_next/static/chunks/node_modules_%40swc_helpers_cjs_0-4ujiy._.js GET /_next/static/chunks/node_modules_%40swc_helpers_cjs_0-4ujiy._.js
2026-04-07 00:36:08.7520|INFO|Incoming request GET / GET /
2026-04-07 00:36:08.7670|INFO|Incoming request GET /_next/static/chunks/_0rqeker._.js GET /_next/static/chunks/_0rqeker._.js
2026-04-07 00:36:08.7740|INFO|Incoming request GET /_next/static/chunks/turbopack-_0p44nws._.js GET /_next/static/chunks/turbopack-_0p44nws._.js
2026-04-07 00:36:08.7760|INFO|Incoming request GET /_next/static/chunks/node_modules_next_dist_0tt2wve._.js GET /_next/static/chunks/node_modules_next_dist_0tt2wve._.js
2026-04-07 00:36:08.8470|INFO|Incoming request GET /_next/static/chunks/src_app_layout_tsx_004glpo._.js GET /_next/static/chunks/src_app_layout_tsx_004glpo._.js
2026-04-07 00:36:08.8660|INFO|Incoming request GET /_next/static/chunks/node_modules_next_dist_07p5au~._.js GET /_next/static/chunks/node_modules_next_dist_07p5au~._.js
2026-04-07 00:36:08.9670|INFO|Incoming request GET /_next/static/chunks/src_app_page_tsx_002ye8~._.js GET /_next/static/chunks/src_app_page_tsx_002ye8~._.js
2026-04-07 00:36:08.9830|INFO|Incoming request GET /_next/static/chunks/node_modules_next_dist_client_components_builtin_global-error_002ye8~.js GET /_next/static/chunks/node_modules_next_dist_client_components_builtin_global-error_002ye8~.js
2026-04-07 00:36:08.9850|INFO|Incoming request GET /vercel.svg GET /vercel.svg
2026-04-07 00:36:08.9950|INFO|Incoming request GET /_next/static/chunks/%5Bturbopack%5D_browser_dev_hmr-client_hmr-client_ts_0yjw1oe._.js GET /_next/static/chunks/%5Bturbopack%5D_browser_dev_hmr-client_hmr-client_ts_0yjw1oe._.js
2026-04-07 00:36:09.0040|INFO|Incoming request GET /_next/static/chunks/%5Bturbopack%5D_browser_dev_hmr-client_hmr-client_ts_10mygs7._.js GET /_next/static/chunks/%5Bturbopack%5D_browser_dev_hmr-client_hmr-client_ts_10mygs7._.js
2026-04-07 00:36:09.0050|INFO|Incoming request GET /_next/static/chunks/%5Broot-of-the-server%5D__02nfq85._.css GET /_next/static/chunks/%5Broot-of-the-server%5D__02nfq85._.css
2026-04-07 00:36:09.0070|INFO|Incoming request GET /next.svg GET /next.svg
2026-04-07 00:36:09.0080|INFO|Incoming request GET /_next/static/chunks/%5Bturbopack%5D_browser_dev_hmr-client_hmr-client_ts_10z625~._.js GET /_next/static/chunks/%5Bturbopack%5D_browser_dev_hmr-client_hmr-client_ts_10z625~._.js
2026-04-07 00:36:09.0130|INFO|Incoming request GET /_next/static/chunks/node_modules_next_dist_compiled_next-devtools_index_0553esy.js GET /_next/static/chunks/node_modules_next_dist_compiled_next-devtools_index_0553esy.js
2026-04-07 00:36:09.0170|INFO|Incoming request GET /_next/static/chunks/node_modules_next_dist_compiled_react-dom_058-ah~._.js GET /_next/static/chunks/node_modules_next_dist_compiled_react-dom_058-ah~._.js
2026-04-07 00:36:09.0710|INFO|Incoming request GET /_next/static/chunks/node_modules_next_dist_compiled_react-server-dom-turbopack_0p3wegg._.js GET /_next/static/chunks/node_modules_next_dist_compiled_react-server-dom-turbopack_0p3wegg._.js
2026-04-07 00:36:09.0840|INFO|Incoming request GET /_next/static/chunks/node_modules_next_dist_compiled_0rpq4pf._.js GET /_next/static/chunks/node_modules_next_dist_compiled_0rpq4pf._.js
2026-04-07 00:36:09.0910|INFO|Incoming request GET /_next/static/chunks/node_modules_next_dist_client_0fhqo1d._.js GET /_next/static/chunks/node_modules_next_dist_client_0fhqo1d._.js
2026-04-07 00:36:09.0930|INFO|Incoming request GET /_next/static/chunks/node_modules_next_dist_115brz8._.js GET /_next/static/chunks/node_modules_next_dist_115brz8._.js
2026-04-07 00:36:09.0960|INFO|Incoming request GET /_next/static/chunks/node_modules_%40swc_helpers_cjs_0-4ujiy._.js GET /_next/static/chunks/node_modules_%40swc_helpers_cjs_0-4ujiy._.js
2026-04-07 00:36:09.1690|INFO|Incoming request GET / GET /
2026-04-07 00:36:09.1800|INFO|Incoming request GET /_next/static/chunks/_0rqeker._.js GET /_next/static/chunks/_0rqeker._.js
2026-04-07 00:36:09.1820|INFO|Incoming request GET /_next/static/chunks/turbopack-_0p44nws._.js GET /_next/static/chunks/turbopack-_0p44nws._.js
2026-04-07 00:36:09.1860|INFO|Incoming request GET /_next/static/chunks/node_modules_next_dist_0tt2wve._.js GET /_next/static/chunks/node_modules_next_dist_0tt2wve._.js
2026-04-07 00:36:09.1890|INFO|Incoming request GET /_next/static/chunks/node_modules_next_dist_07p5au~._.js GET /_next/static/chunks/node_modules_next_dist_07p5au~._.js
2026-04-07 00:36:09.1910|INFO|Incoming request GET /_next/static/chunks/src_app_layout_tsx_004glpo._.js GET /_next/static/chunks/src_app_layout_tsx_004glpo._.js
2026-04-07 00:36:09.4060|INFO|Incoming request GET /_next/static/chunks/src_app_page_tsx_002ye8~._.js GET /_next/static/chunks/src_app_page_tsx_002ye8~._.js
2026-04-07 00:36:09.4080|INFO|Incoming request GET /_next/static/chunks/node_modules_next_dist_client_components_builtin_global-error_002ye8~.js GET /_next/static/chunks/node_modules_next_dist_client_components_builtin_global-error_002ye8~.js
2026-04-07 00:36:09.4220|INFO|Incoming request GET /vercel.svg GET /vercel.svg
2026-04-07 00:36:09.4230|INFO|Incoming request GET /_next/static/chunks/%5Bturbopack%5D_browser_dev_hmr-client_hmr-client_ts_0yjw1oe._.js GET /_next/static/chunks/%5Bturbopack%5D_browser_dev_hmr-client_hmr-client_ts_0yjw1oe._.js
2026-04-07 00:36:09.4450|INFO|Incoming request GET /_next/static/chunks/%5Bturbopack%5D_browser_dev_hmr-client_hmr-client_ts_10mygs7._.js GET /_next/static/chunks/%5Bturbopack%5D_browser_dev_hmr-client_hmr-client_ts_10mygs7._.js
2026-04-07 00:36:09.4480|INFO|Incoming request GET /next.svg GET /next.svg
2026-04-07 00:36:09.4550|INFO|Incoming request GET /_next/static/chunks/%5Broot-of-the-server%5D__02nfq85._.css GET /_next/static/chunks/%5Broot-of-the-server%5D__02nfq85._.css
2026-04-07 00:36:09.4580|INFO|Incoming request GET /_next/static/chunks/%5Bturbopack%5D_browser_dev_hmr-client_hmr-client_ts_10z625~._.js GET /_next/static/chunks/%5Bturbopack%5D_browser_dev_hmr-client_hmr-client_ts_10z625~._.js
2026-04-07 00:36:09.4590|INFO|Incoming request GET /_next/static/chunks/node_modules_next_dist_compiled_next-devtools_index_0553esy.js GET /_next/static/chunks/node_modules_next_dist_compiled_next-devtools_index_0553esy.js
2026-04-07 00:36:09.4620|INFO|Incoming request GET /_next/static/chunks/node_modules_next_dist_compiled_react-dom_058-ah~._.js GET /_next/static/chunks/node_modules_next_dist_compiled_react-dom_058-ah~._.js
2026-04-07 00:36:09.5150|INFO|Incoming request GET /_next/static/chunks/node_modules_next_dist_compiled_react-server-dom-turbopack_0p3wegg._.js GET /_next/static/chunks/node_modules_next_dist_compiled_react-server-dom-turbopack_0p3wegg._.js
2026-04-07 00:36:09.5260|INFO|Incoming request GET /_next/static/chunks/node_modules_next_dist_compiled_0rpq4pf._.js GET /_next/static/chunks/node_modules_next_dist_compiled_0rpq4pf._.js
2026-04-07 00:36:09.5310|INFO|Incoming request GET /_next/static/chunks/node_modules_next_dist_client_0fhqo1d._.js GET /_next/static/chunks/node_modules_next_dist_client_0fhqo1d._.js
2026-04-07 00:36:09.5330|INFO|Incoming request GET /_next/static/chunks/node_modules_next_dist_115brz8._.js GET /_next/static/chunks/node_modules_next_dist_115brz8._.js
2026-04-07 00:36:09.5380|INFO|Incoming request GET /_next/static/chunks/node_modules_%40swc_helpers_cjs_0-4ujiy._.js GET /_next/static/chunks/node_modules_%40swc_helpers_cjs_0-4ujiy._.js
2026-04-07 00:36:09.5810|INFO|Incoming request GET / GET /
2026-04-07 00:36:09.5880|INFO|Incoming request GET /_next/static/chunks/_0rqeker._.js GET /_next/static/chunks/_0rqeker._.js
2026-04-07 00:36:09.5910|INFO|Incoming request GET /_next/static/chunks/turbopack-_0p44nws._.js GET /_next/static/chunks/turbopack-_0p44nws._.js
2026-04-07 00:36:09.5970|INFO|Incoming request GET /_next/static/chunks/node_modules_next_dist_0tt2wve._.js GET /_next/static/chunks/node_modules_next_dist_0tt2wve._.js
2026-04-07 00:36:09.6000|INFO|Incoming request GET /_next/static/chunks/node_modules_next_dist_07p5au~._.js GET /_next/static/chunks/node_modules_next_dist_07p5au~._.js
2026-04-07 00:36:09.7040|INFO|Incoming request GET /_next/static/chunks/src_app_layout_tsx_004glpo._.js GET /_next/static/chunks/src_app_layout_tsx_004glpo._.js
2026-04-07 00:36:09.7890|INFO|Incoming request GET /_next/static/chunks/src_app_page_tsx_002ye8~._.js GET /_next/static/chunks/src_app_page_tsx_002ye8~._.js
2026-04-07 00:36:09.7920|INFO|Incoming request GET /_next/static/chunks/node_modules_next_dist_client_components_builtin_global-error_002ye8~.js GET /_next/static/chunks/node_modules_next_dist_client_components_builtin_global-error_002ye8~.js
2026-04-07 00:36:09.8080|INFO|Incoming request GET /vercel.svg GET /vercel.svg
2026-04-07 00:36:09.8320|INFO|Incoming request GET /_next/static/chunks/%5Bturbopack%5D_browser_dev_hmr-client_hmr-client_ts_0yjw1oe._.js GET /_next/static/chunks/%5Bturbopack%5D_browser_dev_hmr-client_hmr-client_ts_0yjw1oe._.js
2026-04-07 00:36:09.8340|INFO|Incoming request GET /_next/static/chunks/%5Bturbopack%5D_browser_dev_hmr-client_hmr-client_ts_10mygs7._.js GET /_next/static/chunks/%5Bturbopack%5D_browser_dev_hmr-client_hmr-client_ts_10mygs7._.js
2026-04-07 00:36:09.8350|INFO|Incoming request GET /next.svg GET /next.svg
2026-04-07 00:36:09.8420|INFO|Incoming request GET /_next/static/chunks/%5Broot-of-the-server%5D__02nfq85._.css GET /_next/static/chunks/%5Broot-of-the-server%5D__02nfq85._.css
2026-04-07 00:36:09.8440|INFO|Incoming request GET /_next/static/chunks/%5Bturbopack%5D_browser_dev_hmr-client_hmr-client_ts_10z625~._.js GET /_next/static/chunks/%5Bturbopack%5D_browser_dev_hmr-client_hmr-client_ts_10z625~._.js
2026-04-07 00:36:09.8460|INFO|Incoming request GET /_next/static/chunks/node_modules_next_dist_compiled_next-devtools_index_0553esy.js GET /_next/static/chunks/node_modules_next_dist_compiled_next-devtools_index_0553esy.js
2026-04-07 00:36:09.8470|INFO|Incoming request GET /_next/static/chunks/node_modules_next_dist_compiled_react-dom_058-ah~._.js GET /_next/static/chunks/node_modules_next_dist_compiled_react-dom_058-ah~._.js
2026-04-07 00:36:09.9120|INFO|Incoming request GET /_next/static/chunks/node_modules_next_dist_compiled_react-server-dom-turbopack_0p3wegg._.js GET /_next/static/chunks/node_modules_next_dist_compiled_react-server-dom-turbopack_0p3wegg._.js
2026-04-07 00:36:09.9170|INFO|Incoming request GET /_next/static/chunks/node_modules_next_dist_compiled_0rpq4pf._.js GET /_next/static/chunks/node_modules_next_dist_compiled_0rpq4pf._.js
2026-04-07 00:36:09.9200|INFO|Incoming request GET /_next/static/chunks/node_modules_next_dist_client_0fhqo1d._.js GET /_next/static/chunks/node_modules_next_dist_client_0fhqo1d._.js
2026-04-07 00:36:09.9220|INFO|Incoming request GET /_next/static/chunks/node_modules_next_dist_115brz8._.js GET /_next/static/chunks/node_modules_next_dist_115brz8._.js
2026-04-07 00:36:09.9230|INFO|Incoming request GET /_next/static/chunks/node_modules_%40swc_helpers_cjs_0-4ujiy._.js GET /_next/static/chunks/node_modules_%40swc_helpers_cjs_0-4ujiy._.js
2026-04-07 00:36:09.9740|INFO|Incoming request GET / GET /
2026-04-07 00:36:09.9760|INFO|Incoming request GET /_next/static/chunks/_0rqeker._.js GET /_next/static/chunks/_0rqeker._.js
2026-04-07 00:36:09.9820|INFO|Incoming request GET /_next/static/chunks/turbopack-_0p44nws._.js GET /_next/static/chunks/turbopack-_0p44nws._.js
2026-04-07 00:36:09.9840|INFO|Incoming request GET /_next/static/chunks/node_modules_next_dist_0tt2wve._.js GET /_next/static/chunks/node_modules_next_dist_0tt2wve._.js
2026-04-07 00:36:09.9920|INFO|Incoming request GET /_next/static/chunks/node_modules_next_dist_07p5au~._.js GET /_next/static/chunks/node_modules_next_dist_07p5au~._.js
2026-04-07 00:36:09.9930|INFO|Incoming request GET /_next/static/chunks/src_app_layout_tsx_004glpo._.js GET /_next/static/chunks/src_app_layout_tsx_004glpo._.js
2026-04-07 00:36:10.1520|INFO|Incoming request GET /_next/static/chunks/src_app_page_tsx_002ye8~._.js GET /_next/static/chunks/src_app_page_tsx_002ye8~._.js
2026-04-07 00:36:10.1700|INFO|Incoming request GET /_next/static/chunks/node_modules_next_dist_client_components_builtin_global-error_002ye8~.js GET /_next/static/chunks/node_modules_next_dist_client_components_builtin_global-error_002ye8~.js
2026-04-07 00:36:10.1760|INFO|Incoming request GET /vercel.svg GET /vercel.svg
2026-04-07 00:36:10.2000|INFO|Incoming request GET /_next/static/chunks/%5Bturbopack%5D_browser_dev_hmr-client_hmr-client_ts_0yjw1oe._.js GET /_next/static/chunks/%5Bturbopack%5D_browser_dev_hmr-client_hmr-client_ts_0yjw1oe._.js
2026-04-07 00:36:10.2200|INFO|Incoming request GET /next.svg GET /next.svg
2026-04-07 00:36:10.2410|INFO|Incoming request GET /_next/static/chunks/%5Broot-of-the-server%5D__02nfq85._.css GET /_next/static/chunks/%5Broot-of-the-server%5D__02nfq85._.css
2026-04-07 00:36:10.2440|INFO|Incoming request GET /_next/static/chunks/%5Bturbopack%5D_browser_dev_hmr-client_hmr-client_ts_10z625~._.js GET /_next/static/chunks/%5Bturbopack%5D_browser_dev_hmr-client_hmr-client_ts_10z625~._.js
2026-04-07 00:36:10.2460|INFO|Incoming request GET /_next/static/chunks/node_modules_next_dist_compiled_next-devtools_index_0553esy.js GET /_next/static/chunks/node_modules_next_dist_compiled_next-devtools_index_0553esy.js
2026-04-07 00:36:10.2480|INFO|Incoming request GET /_next/static/chunks/node_modules_next_dist_compiled_react-dom_058-ah~._.js GET /_next/static/chunks/node_modules_next_dist_compiled_react-dom_058-ah~._.js
2026-04-07 00:36:10.3070|INFO|Incoming request GET /_next/static/chunks/node_modules_next_dist_compiled_react-server-dom-turbopack_0p3wegg._.js GET /_next/static/chunks/node_modules_next_dist_compiled_react-server-dom-turbopack_0p3wegg._.js
2026-04-07 00:36:10.3210|INFO|Incoming request GET /_next/static/chunks/node_modules_next_dist_compiled_0rpq4pf._.js GET /_next/static/chunks/node_modules_next_dist_compiled_0rpq4pf._.js
2026-04-07 00:36:10.3320|INFO|Incoming request GET /_next/static/chunks/node_modules_next_dist_client_0fhqo1d._.js GET /_next/static/chunks/node_modules_next_dist_client_0fhqo1d._.js
2026-04-07 00:36:10.3350|INFO|Incoming request GET /_next/static/chunks/node_modules_next_dist_115brz8._.js GET /_next/static/chunks/node_modules_next_dist_115brz8._.js
2026-04-07 00:36:10.3370|INFO|Incoming request GET /_next/static/chunks/node_modules_%40swc_helpers_cjs_0-4ujiy._.js GET /_next/static/chunks/node_modules_%40swc_helpers_cjs_0-4ujiy._.js
2026-04-07 00:36:10.3830|INFO|Incoming request GET / GET /
2026-04-07 00:36:10.3950|INFO|Incoming request GET /_next/static/chunks/_0rqeker._.js GET /_next/static/chunks/_0rqeker._.js
2026-04-07 00:36:10.4120|INFO|Incoming request GET /_next/static/chunks/turbopack-_0p44nws._.js GET /_next/static/chunks/turbopack-_0p44nws._.js
2026-04-07 00:36:10.4190|INFO|Incoming request GET /_next/static/chunks/node_modules_next_dist_0tt2wve._.js GET /_next/static/chunks/node_modules_next_dist_0tt2wve._.js
2026-04-07 00:36:10.4210|INFO|Incoming request GET /_next/static/chunks/node_modules_next_dist_07p5au~._.js GET /_next/static/chunks/node_modules_next_dist_07p5au~._.js
2026-04-07 00:36:10.5240|INFO|Incoming request GET /_next/static/chunks/src_app_layout_tsx_004glpo._.js GET /_next/static/chunks/src_app_layout_tsx_004glpo._.js
2026-04-07 00:36:10.6050|INFO|Incoming request GET /_next/static/chunks/src_app_page_tsx_002ye8~._.js GET /_next/static/chunks/src_app_page_tsx_002ye8~._.js
2026-04-07 00:36:10.6550|INFO|Incoming request GET /_next/static/chunks/node_modules_next_dist_client_components_builtin_global-error_002ye8~.js GET /_next/static/chunks/node_modules_next_dist_client_components_builtin_global-error_002ye8~.js
2026-04-07 00:36:10.6570|INFO|Incoming request GET /vercel.svg GET /vercel.svg
2026-04-07 00:36:10.6680|INFO|Incoming request GET /next.svg GET /next.svg
2026-04-07 00:36:10.6710|INFO|Incoming request GET /_next/static/chunks/%5Broot-of-the-server%5D__02nfq85._.css GET /_next/static/chunks/%5Broot-of-the-server%5D__02nfq85._.css
2026-04-07 00:36:10.6730|INFO|Incoming request GET /_next/static/chunks/%5Bturbopack%5D_browser_dev_hmr-client_hmr-client_ts_10z625~._.js GET /_next/static/chunks/%5Bturbopack%5D_browser_dev_hmr-client_hmr-client_ts_10z625~._.js
2026-04-07 00:36:10.6760|INFO|Incoming request GET /_next/static/chunks/node_modules_next_dist_compiled_next-devtools_index_0553esy.js GET /_next/static/chunks/node_modules_next_dist_compiled_next-devtools_index_0553esy.js
2026-04-07 00:36:10.6800|INFO|Incoming request GET /_next/static/chunks/node_modules_next_dist_compiled_react-dom_058-ah~._.js GET /_next/static/chunks/node_modules_next_dist_compiled_react-dom_058-ah~._.js
2026-04-07 00:36:10.7470|INFO|Incoming request GET /_next/static/chunks/node_modules_next_dist_compiled_react-server-dom-turbopack_0p3wegg._.js GET /_next/static/chunks/node_modules_next_dist_compiled_react-server-dom-turbopack_0p3wegg._.js
2026-04-07 00:36:10.7840|INFO|Incoming request GET /_next/static/chunks/node_modules_next_dist_compiled_0rpq4pf._.js GET /_next/static/chunks/node_modules_next_dist_compiled_0rpq4pf._.js
2026-04-07 00:36:10.7950|INFO|Incoming request GET /_next/static/chunks/node_modules_next_dist_client_0fhqo1d._.js GET /_next/static/chunks/node_modules_next_dist_client_0fhqo1d._.js
2026-04-07 00:36:10.8070|INFO|Incoming request GET / GET /
2026-04-07 00:36:10.8120|INFO|Incoming request GET /_next/static/chunks/node_modules_next_dist_115brz8._.js GET /_next/static/chunks/node_modules_next_dist_115brz8._.js
2026-04-07 00:36:10.9480|INFO|Incoming request GET /_next/static/chunks/node_modules_%40swc_helpers_cjs_0-4ujiy._.js GET /_next/static/chunks/node_modules_%40swc_helpers_cjs_0-4ujiy._.js
2026-04-07 00:36:11.0040|INFO|Incoming request GET /_next/static/chunks/_0rqeker._.js GET /_next/static/chunks/_0rqeker._.js
2026-04-07 00:36:11.0070|INFO|Incoming request GET /_next/static/chunks/turbopack-_0p44nws._.js GET /_next/static/chunks/turbopack-_0p44nws._.js
2026-04-07 00:36:11.0090|INFO|Incoming request GET /_next/static/chunks/node_modules_next_dist_0tt2wve._.js GET /_next/static/chunks/node_modules_next_dist_0tt2wve._.js
2026-04-07 00:36:11.0360|INFO|Incoming request GET /_next/static/chunks/src_app_layout_tsx_004glpo._.js GET /_next/static/chunks/src_app_layout_tsx_004glpo._.js
2026-04-07 00:36:11.0720|INFO|Incoming request GET /_next/static/chunks/node_modules_next_dist_client_components_builtin_global-error_002ye8~.js GET /_next/static/chunks/node_modules_next_dist_client_components_builtin_global-error_002ye8~.js
2026-04-07 00:36:11.0740|INFO|Incoming request GET /vercel.svg GET /vercel.svg
2026-04-07 00:36:11.0880|INFO|Incoming request GET /next.svg GET /next.svg
2026-04-07 00:36:11.0900|INFO|Incoming request GET /_next/static/chunks/%5Broot-of-the-server%5D__02nfq85._.css GET /_next/static/chunks/%5Broot-of-the-server%5D__02nfq85._.css
2026-04-07 00:36:11.0920|INFO|Incoming request GET /_next/static/chunks/%5Bturbopack%5D_browser_dev_hmr-client_hmr-client_ts_10z625~._.js GET /_next/static/chunks/%5Bturbopack%5D_browser_dev_hmr-client_hmr-client_ts_10z625~._.js
2026-04-07 00:36:11.0940|INFO|Incoming request GET /_next/static/chunks/node_modules_next_dist_compiled_next-devtools_index_0553esy.js GET /_next/static/chunks/node_modules_next_dist_compiled_next-devtools_index_0553esy.js
2026-04-07 00:36:11.1010|INFO|Incoming request GET /_next/static/chunks/node_modules_next_dist_compiled_react-dom_058-ah~._.js GET /_next/static/chunks/node_modules_next_dist_compiled_react-dom_058-ah~._.js
2026-04-07 00:36:11.1760|INFO|Incoming request GET /_next/static/chunks/node_modules_next_dist_compiled_react-server-dom-turbopack_0p3wegg._.js GET /_next/static/chunks/node_modules_next_dist_compiled_react-server-dom-turbopack_0p3wegg._.js
2026-04-07 00:36:11.1810|INFO|Incoming request GET /_next/static/chunks/node_modules_next_dist_compiled_0rpq4pf._.js GET /_next/static/chunks/node_modules_next_dist_compiled_0rpq4pf._.js
2026-04-07 00:36:11.1820|INFO|Incoming request GET /_next/static/chunks/node_modules_next_dist_client_0fhqo1d._.js GET /_next/static/chunks/node_modules_next_dist_client_0fhqo1d._.js
2026-04-07 00:36:11.1850|INFO|Incoming request GET /_next/static/chunks/node_modules_next_dist_115brz8._.js GET /_next/static/chunks/node_modules_next_dist_115brz8._.js
2026-04-07 00:36:11.1890|INFO|Incoming request GET /_next/static/chunks/node_modules_%40swc_helpers_cjs_0-4ujiy._.js GET /_next/static/chunks/node_modules_%40swc_helpers_cjs_0-4ujiy._.js
2026-04-07 00:36:11.2400|INFO|Incoming request GET / GET /
2026-04-07 00:36:11.2510|INFO|Incoming request GET /_next/static/chunks/_0rqeker._.js GET /_next/static/chunks/_0rqeker._.js
2026-04-07 00:36:11.2540|INFO|Incoming request GET /_next/static/chunks/turbopack-_0p44nws._.js GET /_next/static/chunks/turbopack-_0p44nws._.js
2026-04-07 00:36:11.2670|INFO|Incoming request GET /_next/static/chunks/node_modules_next_dist_0tt2wve._.js GET /_next/static/chunks/node_modules_next_dist_0tt2wve._.js
2026-04-07 00:36:11.2750|INFO|Incoming request GET /_next/static/chunks/src_app_layout_tsx_004glpo._.js GET /_next/static/chunks/src_app_layout_tsx_004glpo._.js
2026-04-07 00:36:11.4720|INFO|Incoming request GET /_next/static/chunks/node_modules_next_dist_07p5au~._.js GET /_next/static/chunks/node_modules_next_dist_07p5au~._.js
2026-04-07 00:36:11.5430|INFO|Incoming request GET /_next/static/chunks/src_app_page_tsx_002ye8~._.js GET /_next/static/chunks/src_app_page_tsx_002ye8~._.js
2026-04-07 00:36:11.5650|INFO|Incoming request GET /_next/static/chunks/node_modules_next_dist_client_components_builtin_global-error_002ye8~.js GET /_next/static/chunks/node_modules_next_dist_client_components_builtin_global-error_002ye8~.js
2026-04-07 00:36:11.5760|INFO|Incoming request GET /next.svg GET /next.svg
2026-04-07 00:36:11.5820|INFO|Incoming request GET /_next/static/chunks/%5Broot-of-the-server%5D__02nfq85._.css GET /_next/static/chunks/%5Broot-of-the-server%5D__02nfq85._.css
2026-04-07 00:36:11.5870|INFO|Incoming request GET /_next/static/chunks/%5Bturbopack%5D_browser_dev_hmr-client_hmr-client_ts_10z625~._.js GET /_next/static/chunks/%5Bturbopack%5D_browser_dev_hmr-client_hmr-client_ts_10z625~._.js
2026-04-07 00:36:11.5910|INFO|Incoming request GET /_next/static/chunks/node_modules_next_dist_compiled_next-devtools_index_0553esy.js GET /_next/static/chunks/node_modules_next_dist_compiled_next-devtools_index_0553esy.js
2026-04-07 00:36:11.5940|INFO|Incoming request GET /_next/static/chunks/node_modules_next_dist_compiled_react-dom_058-ah~._.js GET /_next/static/chunks/node_modules_next_dist_compiled_react-dom_058-ah~._.js
2026-04-07 00:36:11.6360|INFO|Incoming request GET / GET /
2026-04-07 00:36:11.6420|INFO|Incoming request GET /_next/static/chunks/node_modules_next_dist_compiled_react-server-dom-turbopack_0p3wegg._.js GET /_next/static/chunks/node_modules_next_dist_compiled_react-server-dom-turbopack_0p3wegg._.js
2026-04-07 00:36:11.7360|INFO|Incoming request GET /_next/static/chunks/node_modules_next_dist_compiled_0rpq4pf._.js GET /_next/static/chunks/node_modules_next_dist_compiled_0rpq4pf._.js
2026-04-07 00:36:11.8470|INFO|Incoming request GET /_next/static/chunks/node_modules_next_dist_client_0fhqo1d._.js GET /_next/static/chunks/node_modules_next_dist_client_0fhqo1d._.js
2026-04-07 00:36:11.8510|INFO|Incoming request GET /_next/static/chunks/node_modules_next_dist_115brz8._.js GET /_next/static/chunks/node_modules_next_dist_115brz8._.js
2026-04-07 00:36:11.8930|INFO|Incoming request GET /_next/static/chunks/node_modules_%40swc_helpers_cjs_0-4ujiy._.js GET /_next/static/chunks/node_modules_%40swc_helpers_cjs_0-4ujiy._.js
2026-04-07 00:36:11.9140|INFO|Incoming request GET /_next/static/chunks/_0rqeker._.js GET /_next/static/chunks/_0rqeker._.js
2026-04-07 00:36:11.9420|INFO|Incoming request GET /_next/static/chunks/turbopack-_0p44nws._.js GET /_next/static/chunks/turbopack-_0p44nws._.js
2026-04-07 00:36:11.9530|INFO|Incoming request GET /_next/static/chunks/node_modules_next_dist_0tt2wve._.js GET /_next/static/chunks/node_modules_next_dist_0tt2wve._.js
2026-04-07 00:36:11.9550|INFO|Incoming request GET /_next/static/chunks/src_app_layout_tsx_004glpo._.js GET /_next/static/chunks/src_app_layout_tsx_004glpo._.js
2026-04-07 00:36:11.9570|INFO|Incoming request GET /_next/static/chunks/node_modules_next_dist_07p5au~._.js GET /_next/static/chunks/node_modules_next_dist_07p5au~._.js
2026-04-07 00:36:11.9580|INFO|Incoming request GET /_next/static/chunks/src_app_page_tsx_002ye8~._.js GET /_next/static/chunks/src_app_page_tsx_002ye8~._.js
2026-04-07 00:36:11.9600|INFO|Incoming request GET /next.svg GET /next.svg
2026-04-07 00:36:11.9700|INFO|Incoming request GET /_next/static/chunks/%5Broot-of-the-server%5D__02nfq85._.css GET /_next/static/chunks/%5Broot-of-the-server%5D__02nfq85._.css
2026-04-07 00:36:11.9730|INFO|Incoming request GET /_next/static/chunks/%5Bturbopack%5D_browser_dev_hmr-client_hmr-client_ts_10z625~._.js GET /_next/static/chunks/%5Bturbopack%5D_browser_dev_hmr-client_hmr-client_ts_10z625~._.js
2026-04-07 00:36:11.9750|INFO|Incoming request GET /_next/static/chunks/node_modules_next_dist_compiled_next-devtools_index_0553esy.js GET /_next/static/chunks/node_modules_next_dist_compiled_next-devtools_index_0553esy.js
2026-04-07 00:36:11.9780|INFO|Incoming request GET /_next/static/chunks/node_modules_next_dist_compiled_react-dom_058-ah~._.js GET /_next/static/chunks/node_modules_next_dist_compiled_react-dom_058-ah~._.js
2026-04-07 00:36:12.0490|INFO|Incoming request GET /_next/static/chunks/node_modules_next_dist_compiled_react-server-dom-turbopack_0p3wegg._.js GET /_next/static/chunks/node_modules_next_dist_compiled_react-server-dom-turbopack_0p3wegg._.js
2026-04-07 00:36:12.0560|INFO|Incoming request GET /_next/static/chunks/node_modules_next_dist_compiled_0rpq4pf._.js GET /_next/static/chunks/node_modules_next_dist_compiled_0rpq4pf._.js
2026-04-07 00:36:12.0580|INFO|Incoming request GET / GET /
2026-04-07 00:36:12.0690|INFO|Incoming request GET /_next/static/chunks/node_modules_next_dist_client_0fhqo1d._.js GET /_next/static/chunks/node_modules_next_dist_client_0fhqo1d._.js
2026-04-07 00:36:12.0710|INFO|Incoming request GET /_next/static/chunks/node_modules_next_dist_115brz8._.js GET /_next/static/chunks/node_modules_next_dist_115brz8._.js
2026-04-07 00:36:12.1720|INFO|Incoming request GET /_next/static/chunks/node_modules_%40swc_helpers_cjs_0-4ujiy._.js GET /_next/static/chunks/node_modules_%40swc_helpers_cjs_0-4ujiy._.js
2026-04-07 00:36:12.2090|INFO|Incoming request GET /_next/static/chunks/_0rqeker._.js GET /_next/static/chunks/_0rqeker._.js
2026-04-07 00:36:12.2410|INFO|Incoming request GET /_next/static/chunks/turbopack-_0p44nws._.js GET /_next/static/chunks/turbopack-_0p44nws._.js
2026-04-07 00:36:12.2600|INFO|Incoming request GET /next.svg GET /next.svg
2026-04-07 00:36:12.2680|INFO|Incoming request GET /_next/static/chunks/%5Broot-of-the-server%5D__02nfq85._.css GET /_next/static/chunks/%5Broot-of-the-server%5D__02nfq85._.css
2026-04-07 00:36:12.2710|INFO|Incoming request GET /_next/static/chunks/%5Bturbopack%5D_browser_dev_hmr-client_hmr-client_ts_10z625~._.js GET /_next/static/chunks/%5Bturbopack%5D_browser_dev_hmr-client_hmr-client_ts_10z625~._.js
2026-04-07 00:36:12.2730|INFO|Incoming request GET /_next/static/chunks/node_modules_next_dist_compiled_next-devtools_index_0553esy.js GET /_next/static/chunks/node_modules_next_dist_compiled_next-devtools_index_0553esy.js
2026-04-07 00:36:12.2740|INFO|Incoming request GET /_next/static/chunks/node_modules_next_dist_compiled_react-dom_058-ah~._.js GET /_next/static/chunks/node_modules_next_dist_compiled_react-dom_058-ah~._.js
2026-04-07 00:36:12.3220|INFO|Incoming request GET /_next/static/chunks/node_modules_next_dist_compiled_react-server-dom-turbopack_0p3wegg._.js GET /_next/static/chunks/node_modules_next_dist_compiled_react-server-dom-turbopack_0p3wegg._.js
2026-04-07 00:36:12.3320|INFO|Incoming request GET /_next/static/chunks/node_modules_next_dist_compiled_0rpq4pf._.js GET /_next/static/chunks/node_modules_next_dist_compiled_0rpq4pf._.js
2026-04-07 00:36:12.3340|INFO|Incoming request GET /_next/static/chunks/node_modules_next_dist_client_0fhqo1d._.js GET /_next/static/chunks/node_modules_next_dist_client_0fhqo1d._.js
2026-04-07 00:36:12.3460|INFO|Incoming request GET /_next/static/chunks/node_modules_next_dist_115brz8._.js GET /_next/static/chunks/node_modules_next_dist_115brz8._.js
2026-04-07 00:36:12.3510|INFO|Incoming request GET /_next/static/chunks/node_modules_%40swc_helpers_cjs_0-4ujiy._.js GET /_next/static/chunks/node_modules_%40swc_helpers_cjs_0-4ujiy._.js
2026-04-07 00:36:12.3720|INFO|Incoming request GET /_next/static/chunks/_0rqeker._.js GET /_next/static/chunks/_0rqeker._.js
2026-04-07 00:36:12.3900|INFO|Incoming request GET /_next/static/chunks/turbopack-_0p44nws._.js GET /_next/static/chunks/turbopack-_0p44nws._.js
2026-04-07 00:36:12.4010|INFO|Incoming request GET /_next/static/chunks/node_modules_next_dist_0tt2wve._.js GET /_next/static/chunks/node_modules_next_dist_0tt2wve._.js
2026-04-07 00:36:12.4310|INFO|Incoming request GET /_next/static/chunks/src_app_layout_tsx_004glpo._.js GET /_next/static/chunks/src_app_layout_tsx_004glpo._.js
2026-04-07 00:36:12.4520|INFO|Incoming request GET /_next/static/chunks/node_modules_next_dist_07p5au~._.js GET /_next/static/chunks/node_modules_next_dist_07p5au~._.js
2026-04-07 00:36:12.4730|INFO|Incoming request GET /_next/static/chunks/src_app_page_tsx_002ye8~._.js GET /_next/static/chunks/src_app_page_tsx_002ye8~._.js
2026-04-07 00:36:12.5010|INFO|Incoming request GET / GET /
2026-04-07 00:36:12.5130|INFO|Incoming request GET /_next/static/chunks/node_modules_next_dist_client_components_builtin_global-error_002ye8~.js GET /_next/static/chunks/node_modules_next_dist_client_components_builtin_global-error_002ye8~.js
2026-04-07 00:36:12.5590|INFO|Incoming request GET /vercel.svg GET /vercel.svg
2026-04-07 00:36:12.6670|INFO|Incoming request GET /next.svg GET /next.svg
2026-04-07 00:36:12.6740|INFO|Incoming request GET /_next/static/chunks/%5Broot-of-the-server%5D__02nfq85._.css GET /_next/static/chunks/%5Broot-of-the-server%5D__02nfq85._.css
2026-04-07 00:36:12.6760|INFO|Incoming request GET /_next/static/chunks/%5Bturbopack%5D_browser_dev_hmr-client_hmr-client_ts_10z625~._.js GET /_next/static/chunks/%5Bturbopack%5D_browser_dev_hmr-client_hmr-client_ts_10z625~._.js
2026-04-07 00:36:12.6790|INFO|Incoming request GET /_next/static/chunks/node_modules_next_dist_compiled_next-devtools_index_0553esy.js GET /_next/static/chunks/node_modules_next_dist_compiled_next-devtools_index_0553esy.js
2026-04-07 00:36:12.6830|INFO|Incoming request GET /_next/static/chunks/node_modules_next_dist_compiled_react-dom_058-ah~._.js GET /_next/static/chunks/node_modules_next_dist_compiled_react-dom_058-ah~._.js
2026-04-07 00:36:12.7190|INFO|Incoming request GET / GET /
2026-04-07 00:36:12.7350|INFO|Incoming request GET /_next/static/chunks/node_modules_next_dist_compiled_react-server-dom-turbopack_0p3wegg._.js GET /_next/static/chunks/node_modules_next_dist_compiled_react-server-dom-turbopack_0p3wegg._.js
2026-04-07 00:36:12.7370|INFO|Incoming request GET /_next/static/chunks/node_modules_next_dist_compiled_0rpq4pf._.js GET /_next/static/chunks/node_modules_next_dist_compiled_0rpq4pf._.js
2026-04-07 00:36:12.7400|INFO|Incoming request GET /_next/static/chunks/node_modules_next_dist_client_0fhqo1d._.js GET /_next/static/chunks/node_modules_next_dist_client_0fhqo1d._.js
2026-04-07 00:36:12.8070|INFO|Incoming request GET /_next/static/chunks/node_modules_next_dist_115brz8._.js GET /_next/static/chunks/node_modules_next_dist_115brz8._.js
2026-04-07 00:36:12.9140|INFO|Incoming request GET /_next/static/chunks/node_modules_%40swc_helpers_cjs_0-4ujiy._.js GET /_next/static/chunks/node_modules_%40swc_helpers_cjs_0-4ujiy._.js
2026-04-07 00:36:12.9280|INFO|Incoming request GET /_next/static/chunks/_0rqeker._.js GET /_next/static/chunks/_0rqeker._.js
2026-04-07 00:36:12.9310|INFO|Incoming request GET /_next/static/chunks/turbopack-_0p44nws._.js GET /_next/static/chunks/turbopack-_0p44nws._.js
2026-04-07 00:36:12.9340|INFO|Incoming request GET / GET /
2026-04-07 00:36:12.9500|INFO|Incoming request GET /_next/static/chunks/node_modules_next_dist_0tt2wve._.js GET /_next/static/chunks/node_modules_next_dist_0tt2wve._.js
2026-04-07 00:36:12.9510|INFO|Incoming request GET /_next/static/chunks/src_app_layout_tsx_004glpo._.js GET /_next/static/chunks/src_app_layout_tsx_004glpo._.js
2026-04-07 00:36:12.9530|INFO|Incoming request GET /next.svg GET /next.svg
2026-04-07 00:36:12.9580|INFO|Incoming request GET /_next/static/chunks/%5Broot-of-the-server%5D__02nfq85._.css GET /_next/static/chunks/%5Broot-of-the-server%5D__02nfq85._.css
2026-04-07 00:36:12.9590|INFO|Incoming request GET /_next/static/chunks/%5Bturbopack%5D_browser_dev_hmr-client_hmr-client_ts_10z625~._.js GET /_next/static/chunks/%5Bturbopack%5D_browser_dev_hmr-client_hmr-client_ts_10z625~._.js
2026-04-07 00:36:12.9610|INFO|Incoming request GET /_next/static/chunks/node_modules_next_dist_compiled_next-devtools_index_0553esy.js GET /_next/static/chunks/node_modules_next_dist_compiled_next-devtools_index_0553esy.js
2026-04-07 00:36:13.1180|INFO|Incoming request GET /_next/static/chunks/node_modules_next_dist_compiled_react-dom_058-ah~._.js GET /_next/static/chunks/node_modules_next_dist_compiled_react-dom_058-ah~._.js
2026-04-07 00:36:13.1670|INFO|Incoming request GET /_next/static/chunks/node_modules_next_dist_compiled_react-server-dom-turbopack_0p3wegg._.js GET /_next/static/chunks/node_modules_next_dist_compiled_react-server-dom-turbopack_0p3wegg._.js
2026-04-07 00:36:13.1720|INFO|Incoming request GET /_next/static/chunks/node_modules_next_dist_compiled_0rpq4pf._.js GET /_next/static/chunks/node_modules_next_dist_compiled_0rpq4pf._.js
2026-04-07 00:36:13.1740|INFO|Incoming request GET /_next/static/chunks/node_modules_next_dist_client_0fhqo1d._.js GET /_next/static/chunks/node_modules_next_dist_client_0fhqo1d._.js
2026-04-07 00:36:13.1890|INFO|Incoming request GET /_next/static/chunks/node_modules_next_dist_115brz8._.js GET /_next/static/chunks/node_modules_next_dist_115brz8._.js
2026-04-07 00:36:13.1900|INFO|Incoming request GET /_next/static/chunks/node_modules_%40swc_helpers_cjs_0-4ujiy._.js GET /_next/static/chunks/node_modules_%40swc_helpers_cjs_0-4ujiy._.js
2026-04-07 00:36:13.1920|INFO|Incoming request GET /_next/static/chunks/turbopack-_0p44nws._.js GET /_next/static/chunks/turbopack-_0p44nws._.js
2026-04-07 00:36:13.1930|INFO|Incoming request GET /_next/static/chunks/node_modules_next_dist_0tt2wve._.js GET /_next/static/chunks/node_modules_next_dist_0tt2wve._.js
2026-04-07 00:36:13.1960|INFO|Incoming request GET /vercel.svg GET /vercel.svg
2026-04-07 00:36:13.1980|INFO|Incoming request GET / GET /
2026-04-07 00:36:13.2000|INFO|Incoming request GET /next.svg GET /next.svg
2026-04-07 00:36:13.2170|INFO|Incoming request GET /_next/static/chunks/%5Broot-of-the-server%5D__02nfq85._.css GET /_next/static/chunks/%5Broot-of-the-server%5D__02nfq85._.css
2026-04-07 00:36:13.2180|INFO|Incoming request GET /_next/static/chunks/node_modules_next_dist_compiled_react-dom_058-ah~._.js GET /_next/static/chunks/node_modules_next_dist_compiled_react-dom_058-ah~._.js
2026-04-07 00:36:13.2200|INFO|Incoming request GET /_next/static/chunks/node_modules_next_dist_compiled_react-server-dom-turbopack_0p3wegg._.js GET /_next/static/chunks/node_modules_next_dist_compiled_react-server-dom-turbopack_0p3wegg._.js
2026-04-07 00:36:13.3480|INFO|Incoming request GET /_next/static/chunks/%5Bturbopack%5D_browser_dev_hmr-client_hmr-client_ts_10z625~._.js GET /_next/static/chunks/%5Bturbopack%5D_browser_dev_hmr-client_hmr-client_ts_10z625~._.js
2026-04-07 00:36:13.3870|INFO|Incoming request GET /_next/static/chunks/node_modules_next_dist_compiled_next-devtools_index_0553esy.js GET /_next/static/chunks/node_modules_next_dist_compiled_next-devtools_index_0553esy.js
2026-04-07 00:36:13.4170|INFO|Incoming request GET /_next/static/chunks/node_modules_next_dist_compiled_0rpq4pf._.js GET /_next/static/chunks/node_modules_next_dist_compiled_0rpq4pf._.js
2026-04-07 00:36:13.4190|INFO|Incoming request GET /_next/static/chunks/node_modules_next_dist_client_0fhqo1d._.js GET /_next/static/chunks/node_modules_next_dist_client_0fhqo1d._.js
2026-04-07 00:36:13.4210|INFO|Incoming request GET /next.svg GET /next.svg
2026-04-07 00:36:13.4300|INFO|Incoming request GET /_next/static/chunks/%5Broot-of-the-server%5D__02nfq85._.css GET /_next/static/chunks/%5Broot-of-the-server%5D__02nfq85._.css
2026-04-07 00:36:13.4320|INFO|Incoming request GET /_next/static/chunks/%5Bturbopack%5D_browser_dev_hmr-client_hmr-client_ts_10z625~._.js GET /_next/static/chunks/%5Bturbopack%5D_browser_dev_hmr-client_hmr-client_ts_10z625~._.js
2026-04-07 00:36:13.4330|INFO|Incoming request GET /_next/static/chunks/node_modules_next_dist_compiled_next-devtools_index_0553esy.js GET /_next/static/chunks/node_modules_next_dist_compiled_next-devtools_index_0553esy.js
2026-04-07 00:36:13.4350|INFO|Incoming request GET /_next/static/chunks/node_modules_next_dist_compiled_react-dom_058-ah~._.js GET /_next/static/chunks/node_modules_next_dist_compiled_react-dom_058-ah~._.js
2026-04-07 00:36:13.4760|INFO|Incoming request GET /_next/static/chunks/node_modules_next_dist_compiled_react-server-dom-turbopack_0p3wegg._.js GET /_next/static/chunks/node_modules_next_dist_compiled_react-server-dom-turbopack_0p3wegg._.js
2026-04-07 00:36:13.5120|INFO|Incoming request GET /_next/static/chunks/node_modules_next_dist_compiled_0rpq4pf._.js GET /_next/static/chunks/node_modules_next_dist_compiled_0rpq4pf._.js
2026-04-07 00:36:13.5220|INFO|Incoming request GET /_next/static/chunks/node_modules_next_dist_client_0fhqo1d._.js GET /_next/static/chunks/node_modules_next_dist_client_0fhqo1d._.js
2026-04-07 00:36:13.5450|INFO|Incoming request GET / GET /
2026-04-07 00:36:13.8390|INFO|Incoming request GET /_next/static/chunks/node_modules_next_dist_115brz8._.js GET /_next/static/chunks/node_modules_next_dist_115brz8._.js
2026-04-07 00:36:13.8460|INFO|Incoming request GET /_next/static/chunks/node_modules_%40swc_helpers_cjs_0-4ujiy._.js GET /_next/static/chunks/node_modules_%40swc_helpers_cjs_0-4ujiy._.js
2026-04-07 00:36:13.8980|INFO|Incoming request GET /_next/static/chunks/_0rqeker._.js GET /_next/static/chunks/_0rqeker._.js
2026-04-07 00:36:13.9020|INFO|Incoming request GET /_next/static/chunks/node_modules_next_dist_compiled_next-devtools_index_0553esy.js GET /_next/static/chunks/node_modules_next_dist_compiled_next-devtools_index_0553esy.js
2026-04-07 00:36:13.9030|INFO|Incoming request GET /_next/static/chunks/%5Broot-of-the-server%5D__02nfq85._.css GET /_next/static/chunks/%5Broot-of-the-server%5D__02nfq85._.css
2026-04-07 00:36:13.9050|INFO|Incoming request GET /_next/static/chunks/node_modules_next_dist_compiled_react-dom_058-ah~._.js GET /_next/static/chunks/node_modules_next_dist_compiled_react-dom_058-ah~._.js
2026-04-07 00:36:13.9230|INFO|Incoming request GET /next.svg GET /next.svg
2026-04-07 00:36:13.9640|INFO|Incoming request GET /_next/static/chunks/%5Bturbopack%5D_browser_dev_hmr-client_hmr-client_ts_10z625~._.js GET /_next/static/chunks/%5Bturbopack%5D_browser_dev_hmr-client_hmr-client_ts_10z625~._.js
2026-04-07 00:36:14.0080|INFO|Incoming request GET /_next/static/chunks/node_modules_next_dist_compiled_react-server-dom-turbopack_0p3wegg._.js GET /_next/static/chunks/node_modules_next_dist_compiled_react-server-dom-turbopack_0p3wegg._.js
2026-04-07 00:36:14.0210|INFO|Incoming request GET / GET /
2026-04-07 00:36:14.0730|INFO|Incoming request GET /_next/static/chunks/node_modules_next_dist_compiled_0rpq4pf._.js GET /_next/static/chunks/node_modules_next_dist_compiled_0rpq4pf._.js
2026-04-07 00:36:14.1670|INFO|Incoming request GET /vercel.svg GET /vercel.svg
2026-04-07 00:36:14.2140|INFO|Incoming request GET /_next/static/chunks/node_modules_next_dist_client_0fhqo1d._.js GET /_next/static/chunks/node_modules_next_dist_client_0fhqo1d._.js
2026-04-07 00:36:14.2640|INFO|Incoming request GET /_next/static/chunks/node_modules_next_dist_115brz8._.js GET /_next/static/chunks/node_modules_next_dist_115brz8._.js
2026-04-07 00:36:14.2750|INFO|Incoming request GET /_next/static/chunks/node_modules_%40swc_helpers_cjs_0-4ujiy._.js GET /_next/static/chunks/node_modules_%40swc_helpers_cjs_0-4ujiy._.js
2026-04-07 00:36:14.2810|INFO|Incoming request GET /next.svg GET /next.svg
2026-04-07 00:36:14.2890|INFO|Incoming request GET /_next/static/chunks/%5Broot-of-the-server%5D__02nfq85._.css GET /_next/static/chunks/%5Broot-of-the-server%5D__02nfq85._.css
2026-04-07 00:36:14.2910|INFO|Incoming request GET /_next/static/chunks/node_modules_next_dist_compiled_next-devtools_index_0553esy.js GET /_next/static/chunks/node_modules_next_dist_compiled_next-devtools_index_0553esy.js
2026-04-07 00:36:14.3030|INFO|Incoming request GET /_next/static/chunks/node_modules_next_dist_compiled_react-dom_058-ah~._.js GET /_next/static/chunks/node_modules_next_dist_compiled_react-dom_058-ah~._.js
2026-04-07 00:36:14.3150|INFO|Incoming request GET /_next/static/chunks/%5Bturbopack%5D_browser_dev_hmr-client_hmr-client_ts_10z625~._.js GET /_next/static/chunks/%5Bturbopack%5D_browser_dev_hmr-client_hmr-client_ts_10z625~._.js
2026-04-07 00:36:14.3400|INFO|Incoming request GET /_next/static/chunks/node_modules_next_dist_compiled_react-server-dom-turbopack_0p3wegg._.js GET /_next/static/chunks/node_modules_next_dist_compiled_react-server-dom-turbopack_0p3wegg._.js
2026-04-07 00:36:14.3620|INFO|Incoming request GET /_next/static/chunks/node_modules_next_dist_compiled_0rpq4pf._.js GET /_next/static/chunks/node_modules_next_dist_compiled_0rpq4pf._.js
2026-04-07 00:36:14.4090|INFO|Incoming request GET /_next/static/chunks/node_modules_next_dist_client_0fhqo1d._.js GET /_next/static/chunks/node_modules_next_dist_client_0fhqo1d._.js
2026-04-07 00:36:14.4400|INFO|Incoming request GET /_next/static/chunks/node_modules_next_dist_115brz8._.js GET /_next/static/chunks/node_modules_next_dist_115brz8._.js
2026-04-07 00:36:14.4560|INFO|Incoming request GET /_next/static/chunks/node_modules_%40swc_helpers_cjs_0-4ujiy._.js GET /_next/static/chunks/node_modules_%40swc_helpers_cjs_0-4ujiy._.js
2026-04-07 00:36:14.4630|INFO|Incoming request GET / GET /
2026-04-07 00:36:14.6680|INFO|Incoming request GET / GET /
2026-04-07 00:36:14.6720|INFO|Incoming request GET /next.svg GET /next.svg
2026-04-07 00:36:14.6820|INFO|Incoming request GET /_next/static/chunks/node_modules_next_dist_compiled_next-devtools_index_0553esy.js GET /_next/static/chunks/node_modules_next_dist_compiled_next-devtools_index_0553esy.js
2026-04-07 00:36:14.6860|INFO|Incoming request GET /_next/static/chunks/node_modules_next_dist_compiled_react-dom_058-ah~._.js GET /_next/static/chunks/node_modules_next_dist_compiled_react-dom_058-ah~._.js
2026-04-07 00:36:14.6990|INFO|Incoming request GET /_next/static/chunks/%5Broot-of-the-server%5D__02nfq85._.css GET /_next/static/chunks/%5Broot-of-the-server%5D__02nfq85._.css
2026-04-07 00:36:14.8530|INFO|Incoming request GET /_next/static/chunks/%5Bturbopack%5D_browser_dev_hmr-client_hmr-client_ts_10z625~._.js GET /_next/static/chunks/%5Bturbopack%5D_browser_dev_hmr-client_hmr-client_ts_10z625~._.js
2026-04-07 00:36:14.9810|INFO|Incoming request GET /_next/static/chunks/node_modules_next_dist_compiled_react-server-dom-turbopack_0p3wegg._.js GET /_next/static/chunks/node_modules_next_dist_compiled_react-server-dom-turbopack_0p3wegg._.js
2026-04-07 00:36:14.9830|INFO|Incoming request GET /_next/static/chunks/node_modules_next_dist_compiled_0rpq4pf._.js GET /_next/static/chunks/node_modules_next_dist_compiled_0rpq4pf._.js
2026-04-07 00:36:14.9840|INFO|Incoming request GET / GET /
2026-04-07 00:36:14.9860|INFO|Incoming request GET /next.svg GET /next.svg
2026-04-07 00:36:14.9940|INFO|Incoming request GET /_next/static/chunks/%5Broot-of-the-server%5D__02nfq85._.css GET /_next/static/chunks/%5Broot-of-the-server%5D__02nfq85._.css
2026-04-07 00:36:14.9960|INFO|Incoming request GET /_next/static/chunks/%5Bturbopack%5D_browser_dev_hmr-client_hmr-client_ts_10z625~._.js GET /_next/static/chunks/%5Bturbopack%5D_browser_dev_hmr-client_hmr-client_ts_10z625~._.js
2026-04-07 00:36:14.9980|INFO|Incoming request GET /_next/static/chunks/node_modules_next_dist_compiled_next-devtools_index_0553esy.js GET /_next/static/chunks/node_modules_next_dist_compiled_next-devtools_index_0553esy.js
2026-04-07 00:36:15.1590|INFO|Incoming request GET /_next/static/chunks/node_modules_next_dist_compiled_react-dom_058-ah~._.js GET /_next/static/chunks/node_modules_next_dist_compiled_react-dom_058-ah~._.js
2026-04-07 00:36:15.2410|INFO|Incoming request GET /_next/static/chunks/node_modules_next_dist_compiled_react-server-dom-turbopack_0p3wegg._.js GET /_next/static/chunks/node_modules_next_dist_compiled_react-server-dom-turbopack_0p3wegg._.js
2026-04-07 00:36:15.2720|INFO|Incoming request GET /_next/static/chunks/node_modules_next_dist_compiled_0rpq4pf._.js GET /_next/static/chunks/node_modules_next_dist_compiled_0rpq4pf._.js
2026-04-07 00:36:15.2740|INFO|Incoming request GET /_next/static/chunks/node_modules_next_dist_client_0fhqo1d._.js GET /_next/static/chunks/node_modules_next_dist_client_0fhqo1d._.js
2026-04-07 00:36:15.2760|INFO|Incoming request GET /_next/static/chunks/node_modules_%40swc_helpers_cjs_0-4ujiy._.js GET /_next/static/chunks/node_modules_%40swc_helpers_cjs_0-4ujiy._.js
2026-04-07 00:36:15.2790|INFO|Incoming request GET /_next/static/chunks/_0rqeker._.js GET /_next/static/chunks/_0rqeker._.js
2026-04-07 00:36:15.2810|INFO|Incoming request GET /_next/static/chunks/turbopack-_0p44nws._.js GET /_next/static/chunks/turbopack-_0p44nws._.js
2026-04-07 00:36:15.2830|INFO|Incoming request GET /next.svg GET /next.svg
2026-04-07 00:36:15.2900|INFO|Incoming request GET /_next/static/chunks/%5Bturbopack%5D_browser_dev_hmr-client_hmr-client_ts_10z625~._.js GET /_next/static/chunks/%5Bturbopack%5D_browser_dev_hmr-client_hmr-client_ts_10z625~._.js
2026-04-07 00:36:15.2920|INFO|Incoming request GET /_next/static/chunks/node_modules_next_dist_compiled_next-devtools_index_0553esy.js GET /_next/static/chunks/node_modules_next_dist_compiled_next-devtools_index_0553esy.js
2026-04-07 00:36:15.2930|INFO|Incoming request GET /_next/static/chunks/node_modules_next_dist_compiled_react-dom_058-ah~._.js GET /_next/static/chunks/node_modules_next_dist_compiled_react-dom_058-ah~._.js
2026-04-07 00:36:15.2980|INFO|Incoming request GET /_next/static/chunks/%5Broot-of-the-server%5D__02nfq85._.css GET /_next/static/chunks/%5Broot-of-the-server%5D__02nfq85._.css
2026-04-07 00:36:15.3350|INFO|Incoming request GET / GET /
2026-04-07 00:36:15.3510|INFO|Incoming request GET /_next/static/chunks/node_modules_next_dist_compiled_react-server-dom-turbopack_0p3wegg._.js GET /_next/static/chunks/node_modules_next_dist_compiled_react-server-dom-turbopack_0p3wegg._.js
2026-04-07 00:36:15.4640|INFO|Incoming request GET /_next/static/chunks/node_modules_next_dist_compiled_0rpq4pf._.js GET /_next/static/chunks/node_modules_next_dist_compiled_0rpq4pf._.js
2026-04-07 00:36:15.5350|INFO|Incoming request GET /_next/static/chunks/node_modules_next_dist_client_0fhqo1d._.js GET /_next/static/chunks/node_modules_next_dist_client_0fhqo1d._.js
2026-04-07 00:36:15.5440|INFO|Incoming request GET /_next/static/chunks/node_modules_next_dist_115brz8._.js GET /_next/static/chunks/node_modules_next_dist_115brz8._.js
2026-04-07 00:36:15.5470|INFO|Incoming request GET /next.svg GET /next.svg
2026-04-07 00:36:15.5530|INFO|Incoming request GET /_next/static/chunks/%5Broot-of-the-server%5D__02nfq85._.css GET /_next/static/chunks/%5Broot-of-the-server%5D__02nfq85._.css
2026-04-07 00:36:15.5550|INFO|Incoming request GET /_next/static/chunks/node_modules_next_dist_compiled_next-devtools_index_0553esy.js GET /_next/static/chunks/node_modules_next_dist_compiled_next-devtools_index_0553esy.js
2026-04-07 00:36:15.5570|INFO|Incoming request GET /_next/static/chunks/node_modules_next_dist_compiled_react-dom_058-ah~._.js GET /_next/static/chunks/node_modules_next_dist_compiled_react-dom_058-ah~._.js
2026-04-07 00:36:15.5610|INFO|Incoming request GET /_next/static/chunks/node_modules_next_dist_compiled_react-server-dom-turbopack_0p3wegg._.js GET /_next/static/chunks/node_modules_next_dist_compiled_react-server-dom-turbopack_0p3wegg._.js
2026-04-07 00:36:15.6140|INFO|Incoming request GET /_next/static/chunks/%5Bturbopack%5D_browser_dev_hmr-client_hmr-client_ts_10z625~._.js GET /_next/static/chunks/%5Bturbopack%5D_browser_dev_hmr-client_hmr-client_ts_10z625~._.js
2026-04-07 00:36:15.6320|INFO|Incoming request GET /_next/static/chunks/node_modules_next_dist_compiled_0rpq4pf._.js GET /_next/static/chunks/node_modules_next_dist_compiled_0rpq4pf._.js
2026-04-07 00:36:15.6710|INFO|Incoming request GET / GET /
2026-04-07 00:36:15.6860|INFO|Incoming request GET /_next/static/chunks/node_modules_next_dist_client_0fhqo1d._.js GET /_next/static/chunks/node_modules_next_dist_client_0fhqo1d._.js
2026-04-07 00:36:15.6910|INFO|Incoming request GET /_next/static/chunks/node_modules_next_dist_115brz8._.js GET /_next/static/chunks/node_modules_next_dist_115brz8._.js
2026-04-07 00:36:15.8040|INFO|Incoming request GET /_next/static/chunks/node_modules_%40swc_helpers_cjs_0-4ujiy._.js GET /_next/static/chunks/node_modules_%40swc_helpers_cjs_0-4ujiy._.js
2026-04-07 00:36:15.8620|INFO|Incoming request GET /next.svg GET /next.svg
2026-04-07 00:36:15.8750|INFO|Incoming request GET /_next/static/chunks/%5Broot-of-the-server%5D__02nfq85._.css GET /_next/static/chunks/%5Broot-of-the-server%5D__02nfq85._.css
2026-04-07 00:36:15.8780|INFO|Incoming request GET /_next/static/chunks/node_modules_next_dist_compiled_next-devtools_index_0553esy.js GET /_next/static/chunks/node_modules_next_dist_compiled_next-devtools_index_0553esy.js
2026-04-07 00:36:15.8810|INFO|Incoming request GET /_next/static/chunks/node_modules_next_dist_compiled_react-dom_058-ah~._.js GET /_next/static/chunks/node_modules_next_dist_compiled_react-dom_058-ah~._.js
2026-04-07 00:36:15.8910|INFO|Incoming request GET /_next/static/chunks/%5Bturbopack%5D_browser_dev_hmr-client_hmr-client_ts_10z625~._.js GET /_next/static/chunks/%5Bturbopack%5D_browser_dev_hmr-client_hmr-client_ts_10z625~._.js
2026-04-07 00:36:15.9350|INFO|Incoming request GET / GET /
2026-04-07 00:36:15.9580|INFO|Incoming request GET /_next/static/chunks/node_modules_next_dist_compiled_react-server-dom-turbopack_0p3wegg._.js GET /_next/static/chunks/node_modules_next_dist_compiled_react-server-dom-turbopack_0p3wegg._.js
2026-04-07 00:36:16.0280|INFO|Incoming request GET /_next/static/chunks/node_modules_next_dist_compiled_0rpq4pf._.js GET /_next/static/chunks/node_modules_next_dist_compiled_0rpq4pf._.js
2026-04-07 00:36:16.1740|INFO|Incoming request GET /_next/static/chunks/node_modules_next_dist_client_0fhqo1d._.js GET /_next/static/chunks/node_modules_next_dist_client_0fhqo1d._.js
2026-04-07 00:36:16.1840|INFO|Incoming request GET /_next/static/chunks/node_modules_next_dist_115brz8._.js GET /_next/static/chunks/node_modules_next_dist_115brz8._.js
2026-04-07 00:36:16.1860|INFO|Incoming request GET /_next/static/chunks/node_modules_%40swc_helpers_cjs_0-4ujiy._.js GET /_next/static/chunks/node_modules_%40swc_helpers_cjs_0-4ujiy._.js
2026-04-07 00:36:16.2000|INFO|Incoming request GET /_next/static/chunks/_0rqeker._.js GET /_next/static/chunks/_0rqeker._.js
2026-04-07 00:36:16.2010|INFO|Incoming request GET /next.svg GET /next.svg
2026-04-07 00:36:16.2100|INFO|Incoming request GET /_next/static/chunks/%5Broot-of-the-server%5D__02nfq85._.css GET /_next/static/chunks/%5Broot-of-the-server%5D__02nfq85._.css
2026-04-07 00:36:16.2130|INFO|Incoming request GET /_next/static/chunks/node_modules_next_dist_compiled_next-devtools_index_0553esy.js GET /_next/static/chunks/node_modules_next_dist_compiled_next-devtools_index_0553esy.js
2026-04-07 00:36:16.2340|INFO|Incoming request GET /_next/static/chunks/node_modules_next_dist_compiled_react-dom_058-ah~._.js GET /_next/static/chunks/node_modules_next_dist_compiled_react-dom_058-ah~._.js
2026-04-07 00:36:16.2430|INFO|Incoming request GET /_next/static/chunks/%5Bturbopack%5D_browser_dev_hmr-client_hmr-client_ts_10z625~._.js GET /_next/static/chunks/%5Bturbopack%5D_browser_dev_hmr-client_hmr-client_ts_10z625~._.js
2026-04-07 00:36:16.2700|INFO|Incoming request GET /_next/static/chunks/node_modules_next_dist_compiled_react-server-dom-turbopack_0p3wegg._.js GET /_next/static/chunks/node_modules_next_dist_compiled_react-server-dom-turbopack_0p3wegg._.js
